unit_id,project_id,floor,size_sqm,room_type,view,furnished,agent_id
U000000,0,8,23.9,studio,standard,True,AG04
U000001,0,6,23.0,studio,standard,True,AG05
U000002,0,2,25.7,studio,city,True,AG04
U000003,0,1,25.8,studio,standard,True,AG01
U000004,0,1,39.6,1BR Plus,pool,False,AG05
U000005,0,2,25.8,studio,city,True,AG06
U000006,0,1,22.8,studio,city,True,AG02
U000007,0,8,24.3,studio,standard,True,AG06
U000008,0,7,33.7,1BR,standard,True,AG04
U000009,0,7,21.4,studio,city,True,AG04
U000010,0,7,24.0,studio,standard,True,AG06
U000011,0,5,25.3,studio,pool,True,AG01
U000012,0,8,25.5,studio,standard,True,AG06
U000013,0,1,25.6,studio,standard,True,AG05
U000014,0,3,21.0,studio,standard,True,AG03
U000015,0,7,22.7,studio,standard,True,AG02
U000016,0,8,38.1,1BR Plus,city,True,AG05
U000017,0,8,25.1,studio,standard,True,AG06
U000018,0,5,33.6,1BR,standard,True,AG05
U000019,0,5,21.4,studio,standard,True,AG02
U000020,0,4,24.1,studio,city,True,AG06
U000021,0,3,22.6,studio,standard,True,AG02
U000022,0,1,26.7,studio,city,True,AG05
U000023,0,6,25.5,studio,city,True,AG03
U000024,0,5,25.6,studio,standard,False,AG03
U000025,0,5,23.9,studio,standard,False,AG01
U000026,0,2,32.4,1BR,standard,True,AG02
U000027,0,8,34.4,1BR,standard,True,AG04
U000028,0,7,34.3,1BR,standard,True,AG06
U000029,0,5,21.6,studio,standard,True,AG06
U000030,0,6,25.6,studio,standard,True,AG04
U000031,0,1,25.1,studio,city,True,AG02
U000032,0,1,20.7,studio,city,True,AG04
U000033,0,1,26.6,studio,pool,False,AG03
U000034,0,1,32.8,1BR,standard,True,AG01
U000035,0,3,43.0,1BR Plus,standard,True,AG06
U000036,0,7,35.8,1BR Plus,standard,True,AG03
U000037,0,7,41.7,1BR Plus,standard,False,AG02
U000038,0,4,25.8,studio,standard,True,AG02
U000039,0,1,21.4,studio,standard,True,AG05
U000040,0,2,26.2,studio,standard,True,AG01
U000041,0,2,29.0,1BR,city,True,AG01
U000042,0,1,22.1,studio,standard,False,AG04
U000043,0,6,26.6,studio,pool,False,AG05
U000044,0,4,25.9,studio,standard,False,AG03
U000045,0,4,23.0,studio,standard,False,AG03
U000046,0,1,25.4,studio,standard,True,AG03
U000047,0,2,22.9,studio,city,True,AG06
U000048,0,3,30.9,1BR,standard,True,AG02
U000049,0,8,35.2,1BR,pool,True,AG01
U000050,0,4,27.6,1BR,standard,True,AG01
U000051,0,5,25.6,studio,standard,True,AG03
U000052,0,5,23.8,studio,city,True,AG03
U000053,0,2,20.8,studio,standard,True,AG06
U000054,0,4,26.5,studio,standard,True,AG02
U000055,0,8,26.2,studio,pool,True,AG04
U000056,0,2,24.4,studio,standard,False,AG06
U000057,0,1,41.1,1BR Plus,city,False,AG05
U000058,0,2,24.3,studio,city,True,AG02
U000059,0,4,23.3,studio,standard,False,AG04
U000060,0,5,32.8,1BR,standard,True,AG05
U000061,0,7,23.0,studio,city,True,AG05
U000062,0,1,27.6,1BR,pool,True,AG05
U000063,0,6,29.0,1BR,standard,True,AG02
U000064,0,7,24.1,studio,pool,True,AG02
U000065,0,3,21.4,studio,city,True,AG06
U000066,0,7,41.2,1BR Plus,standard,True,AG05
U000067,0,7,26.4,studio,city,False,AG04
U000068,0,2,21.4,studio,city,True,AG01
U000069,0,2,26.6,studio,standard,False,AG02
U000070,0,4,21.9,studio,standard,True,AG05
U000071,0,2,39.7,1BR Plus,city,True,AG04
U000072,0,6,32.5,1BR,standard,False,AG06
U000073,0,3,23.7,studio,city,True,AG06
U000074,0,7,23.2,studio,standard,True,AG05
U000075,0,5,24.9,studio,standard,True,AG04
U000076,0,1,24.3,studio,city,True,AG06
U000077,0,3,26.9,studio,standard,False,AG04
U000078,0,4,44.5,1BR Plus,city,True,AG05
U000079,0,5,44.0,1BR Plus,standard,True,AG06
U000080,0,1,23.6,studio,standard,True,AG03
U000081,0,8,31.3,1BR,standard,True,AG04
U000082,0,4,24.4,studio,standard,False,AG06
U000083,0,6,23.3,studio,standard,False,AG01
U000084,0,2,24.1,studio,standard,True,AG04
U000085,0,3,30.7,1BR,standard,True,AG04
U000086,0,1,23.0,studio,standard,True,AG01
U000087,0,3,24.0,studio,city,True,AG02
U000088,0,7,24.8,studio,standard,True,AG02
U000089,0,6,33.8,1BR,standard,True,AG05
U000090,0,2,22.7,studio,city,False,AG01
U000091,0,6,24.7,studio,standard,True,AG05
U000092,0,3,35.0,1BR,standard,True,AG04
U000093,0,8,24.0,studio,standard,True,AG04
U000094,0,8,22.4,studio,city,True,AG04
U000095,0,2,25.9,studio,standard,True,AG01
U000096,0,6,24.6,studio,standard,True,AG04
U000097,0,4,32.6,1BR,standard,True,AG06
U000098,0,6,27.7,1BR,city,True,AG05
U000099,0,2,21.0,studio,city,True,AG05
U000100,0,4,25.7,studio,standard,True,AG04
U000101,0,3,29.5,1BR,standard,True,AG06
U000102,0,5,26.5,studio,standard,True,AG01
U000103,0,8,26.4,studio,city,True,AG06
U000104,0,3,21.9,studio,standard,False,AG06
U000105,0,7,23.9,studio,city,True,AG06
U000106,0,6,25.9,studio,standard,False,AG05
U000107,0,5,26.6,studio,standard,True,AG06
U000108,0,8,22.3,studio,standard,True,AG01
U000109,0,5,35.1,1BR,pool,False,AG03
U000110,0,3,21.0,studio,standard,False,AG02
U000111,0,3,20.7,studio,city,True,AG06
U000112,0,8,46.6,1BR Plus,standard,True,AG01
U000113,0,6,22.4,studio,pool,True,AG03
U000114,0,4,25.0,studio,standard,True,AG01
U000115,0,8,25.4,studio,standard,True,AG04
U000116,0,5,24.6,studio,standard,True,AG05
U000117,0,3,21.1,studio,standard,True,AG06
U000118,0,8,24.4,studio,standard,True,AG06
U000119,0,3,25.5,studio,city,True,AG04
U000120,0,5,41.5,1BR Plus,city,True,AG06
U000121,0,6,30.8,1BR,standard,True,AG06
U000122,0,2,22.8,studio,pool,True,AG01
U000123,0,8,24.9,studio,pool,True,AG03
U000124,0,7,35.0,1BR,standard,True,AG06
U000125,0,2,24.8,studio,city,True,AG01
U000126,0,7,40.2,1BR Plus,standard,True,AG02
U000127,0,4,25.9,studio,city,True,AG01
U000128,0,5,27.0,1BR,city,False,AG03
U000129,0,2,32.5,1BR,standard,True,AG04
U000130,0,3,29.7,1BR,standard,True,AG05
U000131,0,1,33.3,1BR,city,True,AG01
U000132,0,3,20.7,studio,city,True,AG04
U000133,0,6,23.3,studio,pool,True,AG04
U000134,0,3,23.6,studio,pool,True,AG05
U000135,0,6,26.6,studio,standard,False,AG04
U000136,0,2,25.0,studio,standard,True,AG02
U000137,0,5,25.3,studio,standard,False,AG05
U000138,0,1,30.9,1BR,standard,False,AG01
U000139,0,2,21.7,studio,standard,True,AG05
U000140,0,3,28.5,1BR,pool,False,AG04
U000141,0,6,25.2,studio,standard,False,AG05
U000142,0,1,27.8,1BR,city,True,AG06
U000143,0,3,27.7,1BR,city,False,AG05
U000144,0,4,25.8,studio,city,False,AG04
U000145,0,2,22.9,studio,standard,True,AG05
U000146,0,5,22.6,studio,city,True,AG05
U000147,0,3,24.0,studio,pool,False,AG06
U000148,0,6,22.4,studio,pool,True,AG05
U000149,0,8,25.8,studio,standard,True,AG02
U000150,0,2,22.8,studio,standard,False,AG03
U000151,0,6,27.1,1BR,standard,True,AG01
U000152,0,6,26.5,studio,standard,True,AG01
U000153,0,7,23.9,studio,standard,False,AG04
U000154,0,1,31.5,1BR,standard,True,AG05
U000155,0,2,26.5,studio,standard,True,AG05
U000156,0,2,26.1,studio,standard,True,AG03
U000157,0,4,35.2,1BR,standard,False,AG04
U000158,0,8,25.6,studio,standard,True,AG04
U000159,0,6,26.4,studio,standard,True,AG04
U000160,0,6,35.3,1BR,standard,False,AG05
U000161,0,7,23.4,studio,standard,False,AG05
U000162,0,6,24.2,studio,standard,True,AG04
U000163,0,2,40.9,1BR Plus,pool,True,AG05
U000164,0,3,23.3,studio,standard,False,AG06
U000165,0,5,46.0,1BR Plus,standard,True,AG01
U000166,0,1,31.4,1BR,standard,True,AG02
U000167,0,6,24.0,studio,standard,True,AG02
U000168,0,3,23.4,studio,standard,True,AG06
U000169,0,3,20.7,studio,standard,True,AG03
U000170,0,3,33.6,1BR,standard,True,AG03
U000171,0,7,28.6,1BR,standard,True,AG05
U000172,0,4,41.1,1BR Plus,standard,True,AG01
U000173,0,4,22.4,studio,city,False,AG01
U000174,0,5,25.7,studio,standard,True,AG03
U000175,0,6,22.9,studio,standard,False,AG01
U000176,0,4,21.3,studio,pool,True,AG02
U000177,0,6,27.9,1BR,standard,False,AG05
U000178,0,6,26.7,studio,pool,True,AG05
U000179,0,8,32.8,1BR,standard,False,AG02
U000180,0,8,30.0,1BR,city,True,AG01
U000181,0,7,26.1,studio,standard,True,AG02
U000182,0,3,30.5,1BR,pool,True,AG05
U000183,0,6,28.8,1BR,standard,True,AG05
U000184,0,2,22.6,studio,standard,True,AG04
U000185,0,3,33.9,1BR,standard,False,AG06
U000186,0,7,24.3,studio,standard,True,AG06
U000187,0,1,35.1,1BR,city,False,AG02
U000188,0,2,25.4,studio,pool,False,AG02
U000189,0,4,22.3,studio,standard,True,AG06
U000190,0,4,26.1,studio,standard,True,AG05
U000191,0,3,26.7,studio,city,True,AG02
U000192,0,1,26.9,studio,standard,True,AG02
U000193,0,2,23.0,studio,standard,True,AG05
U000194,0,2,22.4,studio,standard,True,AG05
U000195,0,7,26.7,studio,standard,True,AG03
U000196,0,4,33.2,1BR,pool,True,AG04
U000197,0,5,35.1,1BR,city,True,AG06
U000198,0,3,36.8,1BR Plus,city,True,AG04
U000199,0,6,24.7,studio,standard,True,AG05
U000200,0,3,26.9,studio,city,True,AG03
U000201,0,2,26.3,studio,pool,True,AG01
U000202,0,2,30.1,1BR,standard,True,AG06
U000203,0,2,26.2,studio,standard,True,AG02
U000204,0,1,22.7,studio,standard,True,AG03
U000205,0,5,23.0,studio,standard,True,AG04
U000206,0,4,26.2,studio,standard,True,AG04
U000207,0,1,21.4,studio,standard,True,AG01
U000208,0,2,21.3,studio,city,True,AG01
U000209,0,4,22.2,studio,standard,False,AG03
U000210,0,2,34.5,1BR,standard,True,AG01
U000211,0,7,23.8,studio,standard,True,AG06
U000212,0,7,21.3,studio,city,False,AG01
U000213,0,6,32.4,1BR,city,True,AG01
U000214,0,3,23.0,studio,pool,True,AG06
U000215,0,3,23.8,studio,city,True,AG03
U000216,0,5,23.8,studio,standard,True,AG02
U000217,0,1,25.8,studio,standard,True,AG03
U000218,0,5,31.6,1BR,city,False,AG06
U000219,0,7,35.0,1BR,standard,True,AG06
U000220,0,8,25.5,studio,standard,False,AG01
U000221,0,7,21.8,studio,standard,True,AG03
U000222,0,5,29.6,1BR,city,True,AG02
U000223,0,3,25.9,studio,standard,True,AG06
U000224,0,5,28.0,1BR,city,True,AG03
U000225,0,1,44.8,1BR Plus,standard,True,AG01
U000226,0,3,32.6,1BR,standard,True,AG06
U000227,0,8,23.9,studio,city,True,AG03
U000228,0,4,23.4,studio,standard,True,AG03
U000229,0,7,30.0,1BR,standard,True,AG06
U000230,0,4,27.6,1BR,pool,False,AG01
U000231,0,2,23.5,studio,standard,True,AG05
U000232,0,3,24.9,studio,standard,True,AG03
U000233,0,6,23.8,studio,city,False,AG03
U000234,0,7,26.8,studio,standard,False,AG02
U000235,0,6,25.7,studio,pool,True,AG01
U000236,0,2,26.8,studio,standard,True,AG03
U000237,0,6,21.2,studio,pool,False,AG04
U000238,0,7,24.4,studio,city,True,AG06
U000239,0,2,34.5,1BR,standard,True,AG03
U000240,0,5,22.8,studio,city,True,AG01
U000241,0,1,33.6,1BR,standard,False,AG01
U000242,0,2,25.5,studio,standard,True,AG03
U000243,0,7,33.0,1BR,city,True,AG03
U000244,0,6,32.8,1BR,standard,True,AG04
U000245,0,1,33.7,1BR,pool,False,AG01
U000246,0,6,33.3,1BR,city,True,AG01
U000247,0,5,33.0,1BR,standard,False,AG02
U000248,0,7,37.4,1BR Plus,city,True,AG05
U000249,0,2,22.6,studio,standard,False,AG06
U000250,0,8,23.2,studio,standard,True,AG04
U000251,0,5,21.0,studio,city,True,AG04
U000252,0,1,25.4,studio,standard,False,AG04
U000253,0,3,23.6,studio,standard,False,AG02
U000254,0,5,21.8,studio,city,True,AG05
U000255,0,2,22.7,studio,city,True,AG03
U000256,0,2,46.8,1BR Plus,standard,False,AG05
U000257,0,8,26.6,studio,standard,False,AG01
U000258,0,1,24.8,studio,city,True,AG04
U000259,0,4,41.4,1BR Plus,pool,False,AG03
U000260,0,8,26.4,studio,standard,True,AG04
U000261,0,7,23.3,studio,standard,True,AG06
U000262,0,1,25.7,studio,standard,True,AG01
U000263,0,7,30.1,1BR,standard,True,AG01
U000264,0,6,20.9,studio,city,True,AG01
U000265,0,4,27.2,1BR,standard,True,AG03
U000266,0,2,23.1,studio,standard,True,AG01
U000267,0,7,33.8,1BR,standard,True,AG02
U000268,0,1,20.7,studio,standard,True,AG01
U000269,0,8,20.9,studio,standard,True,AG01
U000270,0,6,39.0,1BR Plus,standard,True,AG06
U000271,0,3,21.6,studio,pool,True,AG03
U000272,0,8,24.6,studio,standard,True,AG06
U000273,0,8,27.1,1BR,standard,False,AG01
U000274,0,5,23.3,studio,standard,True,AG02
U000275,0,6,29.6,1BR,standard,True,AG03
U000276,0,1,46.2,1BR Plus,pool,True,AG01
U000277,0,8,30.0,1BR,city,False,AG06
U000278,0,6,21.2,studio,standard,False,AG06
U000279,0,4,32.1,1BR,standard,True,AG02
U000280,0,3,31.5,1BR,standard,False,AG06
U000281,0,6,23.3,studio,standard,True,AG02
U000282,0,8,22.5,studio,standard,True,AG01
U000283,0,7,25.3,studio,city,False,AG05
U000284,0,7,31.7,1BR,city,True,AG05
U000285,0,7,28.3,1BR,city,True,AG04
U000286,0,5,21.6,studio,pool,True,AG02
U000287,0,1,26.5,studio,standard,True,AG04
U000288,0,8,22.1,studio,pool,True,AG06
U000289,0,4,30.1,1BR,city,True,AG04
U000290,0,1,31.2,1BR,standard,True,AG03
U000291,0,8,25.5,studio,standard,True,AG04
U000292,0,6,24.2,studio,standard,True,AG03
U000293,0,1,23.9,studio,standard,True,AG05
U000294,0,5,31.9,1BR,standard,True,AG01
U000295,0,1,32.1,1BR,standard,True,AG03
U000296,0,1,29.0,1BR,standard,False,AG04
U000297,0,7,24.9,studio,city,True,AG04
U000298,0,1,34.5,1BR,city,True,AG04
U000299,0,4,25.2,studio,pool,True,AG03
U000300,0,7,22.9,studio,standard,True,AG06
U000301,0,8,27.3,1BR,standard,True,AG04
U000302,0,1,21.6,studio,standard,True,AG05
U000303,0,8,22.1,studio,standard,True,AG06
U000304,0,8,24.2,studio,city,True,AG06
U000305,0,1,43.9,1BR Plus,city,True,AG03
U000306,0,4,33.2,1BR,standard,True,AG02
U000307,0,8,25.2,studio,standard,True,AG03
U000308,0,6,25.4,studio,standard,True,AG03
U000309,0,8,21.3,studio,standard,True,AG04
U000310,0,5,25.5,studio,standard,False,AG04
U000311,0,8,21.1,studio,standard,False,AG03
U000312,0,7,25.4,studio,standard,True,AG05
U000313,0,2,24.5,studio,standard,True,AG01
U000314,0,1,27.7,1BR,city,True,AG04
U000315,0,5,27.1,1BR,standard,True,AG02
U000316,0,1,30.8,1BR,standard,True,AG02
U000317,0,6,22.0,studio,city,False,AG04
U000318,0,3,41.2,1BR Plus,standard,True,AG02
U000319,0,2,26.4,studio,standard,True,AG03
U000320,0,1,24.7,studio,standard,True,AG06
U000321,0,4,29.7,1BR,standard,False,AG02
U000322,0,7,22.5,studio,standard,False,AG02
U000323,0,7,25.7,studio,standard,True,AG05
U000324,0,8,22.6,studio,standard,True,AG03
U000325,0,8,28.6,1BR,standard,True,AG06
U000326,0,2,21.0,studio,standard,True,AG04
U000327,0,8,25.6,studio,standard,False,AG04
U000328,0,7,37.3,1BR Plus,standard,True,AG02
U000329,0,7,41.0,1BR Plus,standard,True,AG04
U000330,0,5,37.7,1BR Plus,standard,False,AG01
U000331,0,6,29.8,1BR,city,True,AG01
U000332,0,2,24.3,studio,city,True,AG05
U000333,0,1,21.6,studio,pool,False,AG04
U000334,0,5,35.2,1BR,standard,False,AG06
U000335,0,3,31.8,1BR,city,True,AG01
U000336,0,6,23.5,studio,standard,True,AG04
U000337,0,4,21.1,studio,city,True,AG05
U000338,0,4,26.2,studio,standard,True,AG03
U000339,0,8,24.5,studio,standard,True,AG03
U000340,0,6,30.5,1BR,city,False,AG06
U000341,0,6,24.6,studio,pool,True,AG03
U000342,0,1,32.1,1BR,pool,True,AG04
U000343,0,6,24.6,studio,standard,False,AG04
U000344,0,3,20.9,studio,standard,True,AG01
U000345,0,3,28.1,1BR,standard,False,AG03
U000346,0,6,36.1,1BR Plus,city,False,AG01
U000347,0,2,41.2,1BR Plus,standard,False,AG03
U000348,0,3,24.1,studio,standard,False,AG01
U000349,0,8,25.6,studio,city,True,AG02
U000350,0,3,23.5,studio,pool,True,AG02
U000351,0,2,34.8,1BR,standard,True,AG06
U000352,0,3,24.5,studio,standard,True,AG03
U000353,0,8,35.0,1BR,standard,True,AG03
U000354,0,8,25.3,studio,standard,True,AG01
U000355,0,1,22.3,studio,standard,False,AG02
U000356,0,2,23.3,studio,pool,True,AG04
U000357,0,1,33.6,1BR,standard,True,AG03
U000358,0,2,23.1,studio,pool,False,AG04
U000359,0,6,27.7,1BR,pool,True,AG03
U000360,0,3,32.1,1BR,standard,True,AG03
U000361,0,7,26.7,studio,standard,True,AG04
U000362,0,2,25.0,studio,standard,True,AG01
U000363,0,2,29.0,1BR,standard,False,AG01
U000364,0,1,21.7,studio,standard,True,AG06
U000365,0,1,32.4,1BR,standard,True,AG02
U000366,0,2,26.5,studio,standard,True,AG02
U000367,0,8,25.8,studio,pool,False,AG04
U000368,0,3,24.1,studio,city,False,AG02
U000369,0,3,42.8,1BR Plus,city,True,AG02
U000370,0,6,22.8,studio,standard,True,AG01
U000371,0,6,25.2,studio,standard,False,AG05
U000372,0,8,23.0,studio,city,True,AG03
U000373,0,6,31.9,1BR,standard,True,AG05
U000374,0,4,31.6,1BR,standard,True,AG02
U000375,0,1,31.0,1BR,pool,True,AG03
U000376,0,3,22.8,studio,standard,False,AG04
U000377,0,3,26.7,studio,standard,True,AG06
U000378,0,5,35.1,1BR,standard,True,AG04
U000379,0,6,29.7,1BR,standard,False,AG04
U000380,0,7,21.3,studio,city,True,AG05
U000381,0,1,27.7,1BR,standard,True,AG01
U000382,0,6,32.9,1BR,standard,False,AG02
U000383,0,1,24.8,studio,standard,True,AG02
U000384,0,1,32.5,1BR,standard,False,AG03
U000385,0,7,25.8,studio,city,True,AG05
U000386,0,8,26.3,studio,city,True,AG04
U000387,0,8,23.2,studio,standard,True,AG03
U000388,0,4,34.4,1BR,city,True,AG02
U000389,0,8,26.1,studio,standard,True,AG02
U000390,0,6,38.5,1BR Plus,pool,True,AG06
U000391,0,5,22.2,studio,standard,True,AG01
U000392,0,6,21.6,studio,city,False,AG04
U000393,0,4,28.4,1BR,city,True,AG02
U000394,0,1,24.4,studio,standard,True,AG05
U000395,0,4,29.7,1BR,standard,True,AG01
U000396,0,7,23.9,studio,pool,True,AG01
U000397,0,3,28.8,1BR,standard,True,AG01
U000398,0,2,31.2,1BR,standard,True,AG05
U000399,0,2,27.2,1BR,standard,True,AG02
U000400,0,5,26.9,studio,standard,False,AG04
U000401,0,8,24.6,studio,standard,False,AG05
U000402,0,6,24.1,studio,standard,False,AG01
U000403,0,8,33.0,1BR,standard,True,AG02
U000404,0,6,31.1,1BR,city,True,AG01
U000405,0,5,26.7,studio,city,False,AG06
U000406,0,4,26.2,studio,pool,True,AG03
U000407,0,7,36.9,1BR Plus,pool,True,AG06
U000408,0,3,34.5,1BR,standard,True,AG01
U000409,0,5,28.0,1BR,standard,True,AG03
U000410,0,5,32.9,1BR,city,True,AG04
U000411,0,2,29.9,1BR,city,False,AG01
U000412,0,5,26.2,studio,standard,True,AG01
U000413,0,1,27.1,1BR,standard,False,AG03
U000414,0,3,23.9,studio,standard,True,AG04
U000415,0,5,26.1,studio,city,False,AG02
U000416,0,6,30.5,1BR,standard,True,AG01
U000417,0,1,26.1,studio,city,True,AG01
U000418,0,3,27.4,1BR,standard,False,AG03
U000419,0,3,33.6,1BR,pool,False,AG01
U000420,0,1,24.6,studio,standard,True,AG01
U000421,0,3,22.7,studio,city,True,AG03
U000422,0,3,21.8,studio,standard,False,AG05
U000423,0,1,23.8,studio,pool,True,AG01
U000424,0,3,33.0,1BR,standard,True,AG04
U000425,0,2,24.7,studio,standard,True,AG04
U000426,0,3,24.5,studio,pool,False,AG06
U000427,0,2,21.3,studio,standard,True,AG06
U000428,0,5,29.8,1BR,city,True,AG03
U000429,0,7,35.9,1BR Plus,city,True,AG01
U000430,0,3,32.8,1BR,pool,True,AG05
U000431,0,1,23.2,studio,standard,True,AG01
U000432,0,1,38.6,1BR Plus,city,False,AG05
U000433,0,8,22.2,studio,standard,True,AG05
U000434,0,4,22.1,studio,standard,True,AG03
U000435,0,8,32.0,1BR,standard,True,AG05
U000436,0,6,22.8,studio,standard,True,AG01
U000437,0,1,21.8,studio,standard,True,AG03
U000438,0,7,24.4,studio,standard,True,AG06
U000439,0,4,25.5,studio,city,True,AG04
U000440,0,6,32.9,1BR,standard,True,AG05
U000441,0,1,29.3,1BR,city,True,AG01
U000442,0,4,22.9,studio,city,False,AG05
U000443,0,6,41.1,1BR Plus,standard,True,AG05
U000444,0,2,26.3,studio,standard,True,AG04
U000445,0,8,26.7,studio,standard,True,AG01
U000446,0,3,26.4,studio,city,True,AG01
U000447,0,4,22.4,studio,pool,True,AG01
U000448,0,7,21.7,studio,pool,True,AG03
U000449,0,1,38.3,1BR Plus,standard,True,AG02
U000450,0,5,24.9,studio,standard,False,AG04
U000451,0,3,25.5,studio,city,True,AG03
U000452,0,8,28.7,1BR,standard,True,AG02
U000453,0,6,33.3,1BR,standard,True,AG05
U000454,0,1,32.3,1BR,standard,True,AG01
U000455,0,4,26.3,studio,standard,True,AG03
U000456,0,6,23.5,studio,pool,False,AG06
U000457,0,4,35.0,1BR,city,True,AG01
U000458,0,3,21.0,studio,standard,False,AG05
U000459,0,8,28.9,1BR,city,True,AG06
U000460,0,8,33.9,1BR,standard,False,AG02
U000461,0,6,25.4,studio,standard,True,AG04
U000462,0,1,27.0,studio,standard,False,AG01
U000463,0,6,23.1,studio,standard,False,AG06
U000464,0,1,21.1,studio,standard,True,AG06
U000465,0,6,24.1,studio,standard,True,AG04
U000466,0,4,46.3,1BR Plus,city,True,AG04
U000467,0,8,26.3,studio,pool,True,AG06
U000468,0,8,29.3,1BR,standard,False,AG01
U000469,0,6,31.5,1BR,city,True,AG05
U000470,0,2,35.0,1BR,city,True,AG06
U000471,0,4,34.3,1BR,city,False,AG06
U000472,0,8,26.9,studio,city,True,AG05
U000473,0,6,20.7,studio,standard,True,AG06
U000474,0,1,21.4,studio,standard,True,AG06
U000475,0,5,24.2,studio,standard,True,AG02
U000476,0,2,22.6,studio,standard,False,AG01
U000477,0,4,23.2,studio,standard,False,AG01
U000478,0,6,22.3,studio,standard,True,AG02
U000479,0,2,22.7,studio,pool,False,AG04
U000480,0,1,32.9,1BR,city,True,AG03
U000481,0,5,28.0,1BR,pool,False,AG05
U000482,0,1,29.0,1BR,city,True,AG02
U000483,0,1,24.8,studio,standard,False,AG01
U000484,0,7,25.6,studio,standard,True,AG01
U000485,0,7,34.1,1BR,standard,True,AG05
U000486,0,3,22.0,studio,standard,True,AG03
U000487,0,8,20.8,studio,city,True,AG04
U000488,0,6,30.4,1BR,city,True,AG06
U000489,0,4,25.4,studio,city,True,AG02
U000490,0,4,33.8,1BR,standard,True,AG02
U000491,0,8,20.9,studio,city,True,AG04
U000492,0,6,21.7,studio,standard,False,AG01
U000493,0,6,27.6,1BR,standard,False,AG05
U000494,0,6,24.2,studio,city,True,AG05
U000495,0,8,31.5,1BR,standard,False,AG03
U000496,0,6,23.7,studio,standard,True,AG02
U000497,0,2,25.7,studio,city,True,AG01
U000498,0,5,22.6,studio,city,True,AG06
U000499,0,8,23.2,studio,city,True,AG04
U000500,0,7,25.5,studio,city,True,AG06
U000501,0,1,33.6,1BR,standard,True,AG04
U000502,0,1,21.8,studio,city,False,AG01
U000503,0,6,38.9,1BR Plus,city,True,AG06
U000504,0,5,23.2,studio,standard,True,AG06
U000505,0,1,27.6,1BR,standard,True,AG02
U000506,0,7,25.4,studio,standard,False,AG02
U000507,0,3,38.0,1BR Plus,standard,False,AG04
U000508,0,8,26.4,studio,pool,True,AG04
U000509,0,3,24.0,studio,standard,True,AG04
U000510,0,5,24.8,studio,standard,False,AG01
U000511,0,2,31.7,1BR,city,True,AG01
U000512,0,2,23.8,studio,standard,True,AG01
U000513,0,3,33.2,1BR,standard,True,AG03
U000514,0,6,22.1,studio,standard,True,AG01
U000515,0,4,22.9,studio,standard,True,AG04
U000516,0,2,26.9,studio,standard,True,AG01
U000517,0,1,26.4,studio,pool,True,AG04
U000518,0,4,26.2,studio,standard,True,AG02
U000519,0,3,24.7,studio,standard,True,AG01
U000520,0,1,26.1,studio,standard,True,AG01
U000521,0,6,29.0,1BR,city,True,AG02
U000522,0,6,33.7,1BR,standard,True,AG03
U000523,0,7,28.0,1BR,standard,True,AG04
U000524,0,5,21.8,studio,pool,False,AG01
U000525,0,5,21.4,studio,standard,True,AG03
U000526,0,4,23.1,studio,standard,False,AG02
U000527,0,3,32.4,1BR,pool,False,AG06
U000528,0,8,21.6,studio,city,True,AG01
U000529,0,3,29.7,1BR,standard,False,AG02
U000530,0,3,33.0,1BR,pool,True,AG04
U000531,0,8,27.6,1BR,standard,False,AG01
U000532,0,6,35.2,1BR,standard,True,AG03
U000533,0,5,23.5,studio,standard,False,AG05
U000534,0,6,25.9,studio,standard,True,AG01
U000535,0,7,33.1,1BR,standard,True,AG04
U000536,0,1,22.7,studio,standard,True,AG04
U000537,0,4,26.8,studio,standard,True,AG03
U000538,0,5,34.5,1BR,standard,True,AG04
U000539,0,6,34.3,1BR,standard,True,AG05
U000540,0,8,25.2,studio,pool,False,AG05
U000541,0,8,21.2,studio,standard,True,AG01
U000542,0,1,21.3,studio,standard,True,AG06
U000543,0,8,26.2,studio,standard,True,AG02
U000544,0,3,21.3,studio,standard,True,AG06
U000545,0,7,21.6,studio,standard,False,AG02
U000546,0,6,25.4,studio,standard,False,AG03
U000547,0,2,44.4,1BR Plus,standard,True,AG04
U000548,0,6,22.6,studio,standard,True,AG04
U000549,0,1,22.3,studio,standard,True,AG05
U000550,0,3,23.9,studio,city,False,AG01
U000551,0,3,34.9,1BR,standard,True,AG02
U000552,0,6,22.6,studio,standard,True,AG02
U000553,0,4,25.9,studio,standard,True,AG05
U000554,0,7,35.7,1BR Plus,standard,True,AG05
U000555,0,7,33.1,1BR,city,True,AG03
U000556,0,3,34.7,1BR,city,True,AG02
U000557,0,7,24.9,studio,standard,True,AG05
U000558,0,4,22.7,studio,pool,False,AG05
U000559,0,5,29.8,1BR,standard,False,AG05
U000560,0,6,22.0,studio,standard,True,AG04
U000561,0,3,34.7,1BR,standard,True,AG06
U000562,0,1,26.6,studio,standard,False,AG04
U000563,0,5,26.6,studio,standard,False,AG05
U000564,0,7,36.8,1BR Plus,city,False,AG02
U000565,0,3,23.9,studio,pool,True,AG06
U000566,0,1,21.3,studio,standard,True,AG01
U000567,0,8,22.5,studio,city,True,AG04
U000568,0,4,25.2,studio,standard,True,AG06
U000569,0,1,27.0,studio,standard,True,AG03
U000570,0,4,28.5,1BR,pool,True,AG01
U000571,0,5,33.9,1BR,pool,True,AG02
U000572,0,6,34.8,1BR,standard,True,AG02
U000573,0,4,25.6,studio,standard,True,AG06
U000574,0,3,31.8,1BR,pool,True,AG06
U000575,0,6,43.0,1BR Plus,city,True,AG04
U000576,0,4,34.9,1BR,standard,False,AG06
U000577,0,6,26.8,studio,pool,True,AG06
U000578,0,3,21.2,studio,standard,True,AG04
U000579,0,3,23.4,studio,standard,True,AG06
U000580,0,2,23.5,studio,city,False,AG01
U000581,0,6,23.7,studio,standard,True,AG02
U000582,0,2,26.5,studio,standard,True,AG02
U000583,0,6,26.6,studio,standard,False,AG03
U000584,0,7,24.5,studio,standard,False,AG04
U000585,0,1,47.0,1BR Plus,pool,False,AG05
U000586,0,2,25.6,studio,pool,True,AG02
U000587,0,8,29.8,1BR,city,True,AG05
U000588,0,4,21.3,studio,pool,False,AG03
U010000,1,3,34.7,1BR,city,True,AG03
U010001,1,4,33.4,1BR,standard,True,AG04
U010002,1,7,22.4,studio,standard,True,AG05
U010003,1,4,46.9,1BR Plus,standard,True,AG02
U010004,1,3,21.9,studio,standard,False,AG04
U010005,1,1,22.2,studio,standard,True,AG04
U010006,1,7,22.1,studio,standard,True,AG01
U010007,1,5,32.9,1BR,standard,True,AG04
U010008,1,2,22.9,studio,standard,True,AG03
U010009,1,6,30.2,1BR,standard,True,AG01
U010010,1,1,22.4,studio,standard,True,AG02
U010011,1,3,26.3,studio,standard,True,AG01
U010012,1,5,24.9,studio,pool,True,AG02
U010013,1,8,21.9,studio,pool,True,AG01
U010014,1,6,33.6,1BR,standard,False,AG05
U010015,1,3,24.5,studio,standard,False,AG06
U010016,1,1,25.2,studio,standard,False,AG03
U010017,1,2,32.8,1BR,standard,False,AG06
U010018,1,6,22.0,studio,pool,True,AG06
U010019,1,5,25.3,studio,city,False,AG01
U010020,1,4,22.0,studio,city,True,AG06
U010021,1,5,21.3,studio,city,True,AG04
U010022,1,1,24.5,studio,city,True,AG05
U010023,1,4,21.6,studio,standard,True,AG01
U010024,1,7,31.8,1BR,city,True,AG01
U010025,1,8,25.1,studio,standard,True,AG01
U010026,1,7,29.1,1BR,standard,False,AG02
U010027,1,1,32.2,1BR,standard,True,AG02
U010028,1,5,28.4,1BR,standard,False,AG04
U010029,1,8,31.0,1BR,standard,False,AG02
U010030,1,6,24.1,studio,city,True,AG06
U010031,1,8,26.4,studio,standard,True,AG06
U010032,1,6,26.4,studio,standard,False,AG02
U010033,1,5,45.8,1BR Plus,standard,True,AG05
U010034,1,7,27.7,1BR,standard,True,AG01
U010035,1,6,32.9,1BR,standard,True,AG03
U010036,1,2,31.9,1BR,city,True,AG05
U010037,1,4,24.3,studio,standard,True,AG02
U010038,1,2,25.1,studio,standard,True,AG04
U010039,1,7,27.0,studio,standard,True,AG02
U010040,1,5,34.7,1BR,standard,True,AG01
U010041,1,7,23.4,studio,pool,False,AG01
U010042,1,2,30.6,1BR,standard,True,AG05
U010043,1,4,21.3,studio,standard,True,AG04
U010044,1,5,21.0,studio,city,True,AG06
U010045,1,4,21.9,studio,city,True,AG02
U010046,1,5,41.3,1BR Plus,standard,False,AG02
U010047,1,8,27.4,1BR,standard,True,AG01
U010048,1,4,22.4,studio,standard,False,AG05
U010049,1,3,22.1,studio,city,True,AG04
U010050,1,8,44.5,1BR Plus,standard,False,AG06
U010051,1,2,22.4,studio,standard,True,AG06
U010052,1,1,32.0,1BR,standard,True,AG01
U010053,1,7,34.9,1BR,standard,False,AG04
U010054,1,4,22.7,studio,city,True,AG02
U010055,1,5,24.3,studio,standard,True,AG06
U010056,1,7,25.7,studio,city,False,AG04
U010057,1,4,26.9,studio,pool,False,AG03
U010058,1,5,31.1,1BR,standard,False,AG02
U010059,1,7,32.3,1BR,standard,True,AG04
U010060,1,7,24.9,studio,city,True,AG06
U010061,1,1,24.8,studio,standard,False,AG01
U010062,1,4,31.4,1BR,standard,True,AG01
U010063,1,8,30.6,1BR,standard,False,AG02
U010064,1,5,25.1,studio,standard,True,AG01
U010065,1,5,28.8,1BR,standard,True,AG03
U010066,1,7,31.6,1BR,city,True,AG06
U010067,1,3,35.3,1BR,city,False,AG02
U010068,1,4,25.6,studio,pool,True,AG06
U010069,1,4,38.4,1BR Plus,standard,True,AG02
U010070,1,6,21.7,studio,standard,False,AG05
U010071,1,3,23.3,studio,city,True,AG06
U010072,1,3,26.0,studio,city,True,AG02
U010073,1,6,22.9,studio,standard,True,AG03
U010074,1,1,23.2,studio,standard,False,AG02
U010075,1,7,26.5,studio,standard,True,AG04
U010076,1,1,27.9,1BR,standard,True,AG03
U010077,1,5,24.8,studio,pool,False,AG05
U010078,1,6,25.2,studio,standard,False,AG02
U010079,1,2,26.3,studio,pool,True,AG01
U010080,1,5,26.4,studio,standard,True,AG01
U010081,1,2,30.7,1BR,standard,True,AG03
U010082,1,8,22.2,studio,standard,True,AG02
U010083,1,2,34.8,1BR,city,False,AG05
U010084,1,7,24.5,studio,standard,True,AG02
U010085,1,2,22.7,studio,standard,True,AG02
U010086,1,1,30.2,1BR,standard,True,AG01
U010087,1,1,41.6,1BR Plus,city,True,AG04
U010088,1,2,26.6,studio,city,True,AG02
U010089,1,4,27.0,studio,standard,True,AG02
U010090,1,8,45.5,1BR Plus,standard,False,AG03
U010091,1,8,20.7,studio,standard,True,AG05
U010092,1,6,22.6,studio,city,True,AG04
U010093,1,2,31.0,1BR,city,False,AG02
U010094,1,1,26.4,studio,city,True,AG04
U010095,1,2,21.3,studio,pool,True,AG02
U010096,1,7,23.4,studio,city,False,AG05
U010097,1,4,22.8,studio,standard,True,AG04
U010098,1,7,24.9,studio,standard,True,AG02
U010099,1,2,41.2,1BR Plus,city,False,AG03
U010100,1,3,24.0,studio,standard,True,AG04
U010101,1,7,40.5,1BR Plus,city,False,AG02
U010102,1,7,24.4,studio,standard,True,AG03
U010103,1,3,25.1,studio,pool,True,AG01
U010104,1,3,27.2,1BR,standard,True,AG03
U010105,1,4,36.2,1BR Plus,standard,False,AG03
U010106,1,1,25.9,studio,standard,True,AG02
U010107,1,8,21.8,studio,city,False,AG05
U010108,1,1,21.8,studio,city,False,AG03
U010109,1,2,25.0,studio,standard,True,AG03
U010110,1,1,34.0,1BR,standard,False,AG01
U010111,1,3,24.6,studio,city,True,AG01
U010112,1,5,35.0,1BR,standard,True,AG05
U010113,1,2,32.0,1BR,standard,False,AG06
U010114,1,2,21.4,studio,standard,True,AG01
U010115,1,4,25.7,studio,standard,True,AG05
U010116,1,7,22.7,studio,city,True,AG02
U010117,1,4,27.2,1BR,city,True,AG01
U010118,1,5,33.4,1BR,standard,True,AG05
U010119,1,3,22.4,studio,standard,True,AG01
U010120,1,1,23.7,studio,standard,True,AG02
U010121,1,3,28.5,1BR,pool,False,AG05
U010122,1,2,37.2,1BR Plus,standard,True,AG06
U010123,1,2,23.2,studio,standard,True,AG06
U010124,1,4,24.7,studio,city,True,AG02
U010125,1,8,24.2,studio,standard,False,AG01
U010126,1,6,22.5,studio,standard,True,AG06
U010127,1,4,24.8,studio,standard,True,AG02
U010128,1,7,45.5,1BR Plus,city,False,AG04
U010129,1,2,23.2,studio,standard,True,AG03
U010130,1,5,24.9,studio,standard,True,AG03
U010131,1,4,24.3,studio,standard,True,AG01
U010132,1,5,23.1,studio,standard,True,AG04
U010133,1,3,29.9,1BR,standard,True,AG01
U010134,1,3,21.1,studio,pool,True,AG03
U010135,1,8,38.9,1BR Plus,standard,False,AG06
U010136,1,7,28.3,1BR,standard,True,AG01
U010137,1,3,33.4,1BR,standard,True,AG05
U010138,1,3,27.9,1BR,pool,True,AG05
U010139,1,3,29.8,1BR,city,True,AG05
U010140,1,5,20.9,studio,pool,True,AG04
U010141,1,6,28.0,1BR,standard,True,AG04
U010142,1,4,24.0,studio,city,True,AG05
U010143,1,8,30.1,1BR,standard,True,AG01
U010144,1,7,33.8,1BR,standard,True,AG02
U010145,1,6,24.4,studio,standard,False,AG06
U010146,1,5,22.0,studio,city,True,AG03
U010147,1,6,25.0,studio,city,True,AG04
U010148,1,1,23.0,studio,standard,True,AG02
U010149,1,1,20.9,studio,standard,False,AG04
U010150,1,3,27.4,1BR,standard,True,AG03
U010151,1,5,23.3,studio,standard,True,AG04
U010152,1,7,21.0,studio,standard,True,AG01
U010153,1,5,36.9,1BR Plus,city,True,AG04
U010154,1,5,43.9,1BR Plus,standard,True,AG03
U010155,1,1,21.8,studio,standard,True,AG03
U010156,1,2,26.5,studio,standard,True,AG02
U010157,1,4,31.8,1BR,standard,False,AG05
U010158,1,4,38.4,1BR Plus,standard,True,AG04
U010159,1,4,26.0,studio,standard,True,AG01
U010160,1,4,37.8,1BR Plus,standard,True,AG02
U010161,1,7,41.2,1BR Plus,standard,True,AG06
U010162,1,4,26.2,studio,standard,False,AG05
U010163,1,8,29.8,1BR,city,True,AG02
U010164,1,7,31.9,1BR,standard,False,AG04
U010165,1,1,26.1,studio,standard,True,AG05
U010166,1,2,32.3,1BR,pool,False,AG03
U010167,1,3,26.3,studio,standard,False,AG02
U010168,1,6,27.7,1BR,standard,True,AG05
U010169,1,8,25.7,studio,standard,True,AG02
U010170,1,1,31.9,1BR,standard,True,AG03
U010171,1,2,26.4,studio,pool,True,AG06
U010172,1,8,23.1,studio,standard,True,AG05
U010173,1,5,21.2,studio,standard,True,AG02
U010174,1,2,26.6,studio,city,True,AG01
U010175,1,5,29.8,1BR,standard,True,AG04
U010176,1,3,28.7,1BR,pool,True,AG06
U010177,1,6,24.5,studio,city,True,AG04
U010178,1,7,23.0,studio,standard,True,AG04
U010179,1,2,25.5,studio,pool,True,AG05
U010180,1,8,21.4,studio,standard,False,AG04
U010181,1,8,23.9,studio,pool,True,AG06
U010182,1,8,37.5,1BR Plus,pool,True,AG06
U010183,1,6,20.7,studio,standard,True,AG04
U010184,1,8,20.8,studio,standard,True,AG01
U010185,1,5,27.4,1BR,standard,True,AG06
U010186,1,1,21.1,studio,pool,True,AG02
U010187,1,5,33.6,1BR,standard,True,AG05
U010188,1,6,22.0,studio,pool,True,AG03
U010189,1,6,29.8,1BR,standard,True,AG06
U010190,1,7,26.4,studio,standard,True,AG02
U010191,1,4,22.1,studio,standard,True,AG01
U010192,1,4,26.0,studio,pool,True,AG03
U010193,1,2,24.0,studio,standard,False,AG06
U010194,1,4,42.7,1BR Plus,standard,True,AG04
U010195,1,6,26.7,studio,standard,True,AG06
U010196,1,5,21.6,studio,standard,True,AG02
U010197,1,8,26.9,studio,city,True,AG02
U010198,1,5,35.3,1BR,standard,True,AG02
U010199,1,5,33.0,1BR,standard,True,AG06
U010200,1,7,24.8,studio,standard,True,AG01
U010201,1,3,38.9,1BR Plus,city,True,AG01
U010202,1,7,34.9,1BR,pool,True,AG02
U010203,1,1,24.2,studio,standard,True,AG03
U010204,1,1,22.0,studio,standard,False,AG03
U010205,1,3,25.1,studio,standard,True,AG03
U010206,1,5,27.6,1BR,pool,False,AG05
U010207,1,2,29.7,1BR,standard,True,AG02
U010208,1,6,23.8,studio,city,True,AG05
U010209,1,1,32.9,1BR,standard,True,AG03
U010210,1,8,23.1,studio,standard,False,AG06
U010211,1,1,26.6,studio,standard,False,AG04
U010212,1,7,23.0,studio,standard,False,AG04
U010213,1,4,23.9,studio,standard,True,AG05
U010214,1,5,21.6,studio,standard,True,AG06
U010215,1,4,24.8,studio,city,True,AG05
U010216,1,5,21.1,studio,standard,True,AG02
U010217,1,2,24.8,studio,standard,True,AG04
U010218,1,3,22.0,studio,city,False,AG05
U010219,1,5,38.6,1BR Plus,standard,True,AG01
U010220,1,1,46.4,1BR Plus,pool,True,AG04
U010221,1,5,33.6,1BR,standard,True,AG04
U010222,1,6,21.9,studio,standard,True,AG05
U010223,1,4,26.5,studio,pool,True,AG01
U010224,1,2,25.1,studio,city,True,AG04
U010225,1,1,30.2,1BR,standard,True,AG05
U010226,1,7,26.9,studio,standard,True,AG04
U010227,1,6,27.6,1BR,standard,True,AG01
U010228,1,2,21.4,studio,standard,True,AG05
U010229,1,3,32.3,1BR,standard,True,AG04
U010230,1,7,22.4,studio,pool,True,AG03
U010231,1,5,23.7,studio,pool,True,AG04
U010232,1,5,24.2,studio,standard,True,AG05
U010233,1,7,36.5,1BR Plus,standard,True,AG03
U010234,1,3,33.2,1BR,city,True,AG05
U010235,1,2,23.9,studio,city,True,AG02
U010236,1,1,23.7,studio,standard,True,AG01
U010237,1,4,34.4,1BR,standard,True,AG02
U010238,1,8,30.4,1BR,standard,True,AG02
U010239,1,8,27.4,1BR,standard,True,AG06
U010240,1,6,26.9,studio,standard,True,AG03
U010241,1,1,24.7,studio,standard,True,AG02
U010242,1,3,34.9,1BR,standard,True,AG03
U010243,1,8,22.7,studio,standard,True,AG03
U010244,1,4,24.7,studio,city,True,AG05
U010245,1,8,29.1,1BR,city,True,AG01
U010246,1,7,40.6,1BR Plus,standard,False,AG03
U010247,1,5,21.9,studio,standard,True,AG05
U010248,1,7,29.2,1BR,standard,True,AG01
U010249,1,2,28.9,1BR,city,True,AG02
U010250,1,3,20.9,studio,pool,True,AG04
U010251,1,3,21.4,studio,city,True,AG01
U010252,1,2,25.1,studio,standard,True,AG05
U010253,1,3,42.2,1BR Plus,standard,True,AG01
U010254,1,6,21.7,studio,standard,True,AG04
U010255,1,5,35.0,1BR,city,True,AG05
U010256,1,6,26.3,studio,standard,False,AG02
U010257,1,8,21.4,studio,standard,True,AG04
U010258,1,8,21.6,studio,standard,True,AG04
U010259,1,6,23.4,studio,standard,True,AG06
U010260,1,5,25.5,studio,standard,True,AG01
U010261,1,3,29.2,1BR,standard,True,AG05
U010262,1,1,35.3,1BR,pool,True,AG03
U010263,1,8,33.1,1BR,city,False,AG04
U010264,1,6,25.5,studio,standard,True,AG04
U010265,1,1,23.1,studio,city,True,AG05
U010266,1,4,25.7,studio,standard,True,AG02
U010267,1,7,23.2,studio,standard,True,AG03
U010268,1,5,43.2,1BR Plus,standard,True,AG03
U010269,1,4,28.6,1BR,standard,False,AG02
U010270,1,8,24.3,studio,standard,True,AG06
U010271,1,4,21.4,studio,standard,True,AG03
U010272,1,1,26.9,studio,standard,True,AG03
U010273,1,3,26.4,studio,standard,True,AG04
U010274,1,5,23.5,studio,standard,True,AG05
U010275,1,8,25.7,studio,standard,True,AG02
U010276,1,5,31.6,1BR,standard,True,AG02
U010277,1,5,34.8,1BR,standard,True,AG04
U010278,1,8,23.3,studio,standard,True,AG05
U010279,1,7,27.3,1BR,standard,True,AG06
U010280,1,2,34.2,1BR,standard,False,AG01
U010281,1,8,21.0,studio,standard,True,AG06
U010282,1,7,22.0,studio,city,True,AG04
U010283,1,8,23.4,studio,standard,True,AG06
U010284,1,7,24.5,studio,standard,False,AG01
U010285,1,4,22.4,studio,standard,True,AG01
U010286,1,7,37.6,1BR Plus,city,True,AG06
U010287,1,7,26.6,studio,pool,True,AG06
U010288,1,6,22.6,studio,pool,True,AG04
U010289,1,8,21.9,studio,city,True,AG02
U010290,1,7,31.1,1BR,city,True,AG06
U010291,1,6,27.3,1BR,city,True,AG02
U010292,1,6,47.0,1BR Plus,pool,True,AG03
U010293,1,7,26.6,studio,pool,True,AG02
U010294,1,3,25.2,studio,standard,True,AG02
U010295,1,1,24.2,studio,standard,True,AG06
U010296,1,6,46.5,1BR Plus,standard,True,AG01
U010297,1,6,21.6,studio,city,True,AG04
U010298,1,8,24.4,studio,standard,True,AG01
U010299,1,2,31.4,1BR,standard,True,AG06
U010300,1,8,24.5,studio,standard,True,AG06
U010301,1,2,34.1,1BR,city,False,AG03
U010302,1,1,24.0,studio,standard,True,AG05
U010303,1,1,25.5,studio,pool,True,AG04
U010304,1,8,43.9,1BR Plus,city,True,AG06
U010305,1,6,27.1,1BR,standard,True,AG03
U010306,1,8,25.7,studio,standard,True,AG05
U010307,1,3,25.0,studio,standard,True,AG04
U010308,1,5,28.7,1BR,standard,True,AG04
U010309,1,1,29.0,1BR,standard,True,AG04
U010310,1,4,24.9,studio,standard,True,AG01
U010311,1,4,22.4,studio,standard,True,AG06
U010312,1,3,35.1,1BR,city,False,AG01
U010313,1,8,22.7,studio,pool,True,AG02
U010314,1,5,32.7,1BR,standard,True,AG04
U010315,1,3,25.0,studio,standard,True,AG02
U010316,1,6,29.9,1BR,standard,False,AG01
U010317,1,3,25.6,studio,standard,True,AG02
U010318,1,2,24.9,studio,standard,False,AG03
U010319,1,8,23.8,studio,standard,True,AG04
U010320,1,6,21.3,studio,standard,False,AG04
U010321,1,5,23.2,studio,city,True,AG05
U010322,1,7,22.3,studio,standard,True,AG02
U010323,1,6,26.5,studio,pool,True,AG02
U010324,1,6,23.2,studio,city,False,AG06
U010325,1,6,27.0,studio,standard,True,AG03
U010326,1,3,22.6,studio,standard,True,AG05
U010327,1,2,40.1,1BR Plus,standard,True,AG06
U010328,1,8,23.5,studio,city,True,AG05
U010329,1,8,23.3,studio,standard,True,AG03
U010330,1,3,22.6,studio,standard,True,AG06
U010331,1,2,26.5,studio,standard,True,AG05
U010332,1,7,28.7,1BR,city,True,AG01
U010333,1,6,25.0,studio,standard,True,AG04
U010334,1,4,24.5,studio,standard,False,AG05
U010335,1,8,28.9,1BR,standard,True,AG02
U010336,1,3,24.8,studio,standard,True,AG01
U010337,1,7,26.2,studio,standard,True,AG06
U010338,1,3,22.8,studio,standard,True,AG02
U010339,1,1,29.6,1BR,city,True,AG02
U010340,1,7,25.0,studio,standard,True,AG02
U010341,1,2,24.9,studio,standard,True,AG03
U010342,1,6,25.1,studio,standard,True,AG03
U010343,1,2,25.1,studio,pool,True,AG04
U010344,1,5,24.9,studio,standard,True,AG03
U010345,1,6,24.6,studio,city,True,AG01
U010346,1,7,24.2,studio,city,False,AG06
U010347,1,5,21.5,studio,city,True,AG06
U010348,1,1,27.6,1BR,standard,True,AG04
U010349,1,2,39.7,1BR Plus,city,True,AG01
U010350,1,2,35.7,1BR Plus,city,False,AG03
U010351,1,4,29.6,1BR,standard,True,AG04
U010352,1,3,25.2,studio,standard,True,AG06
U010353,1,7,25.0,studio,standard,True,AG02
U010354,1,7,24.7,studio,standard,True,AG03
U010355,1,7,27.0,studio,standard,True,AG05
U010356,1,6,29.5,1BR,city,False,AG04
U010357,1,1,24.8,studio,standard,True,AG05
U010358,1,7,29.3,1BR,standard,True,AG03
U010359,1,1,24.3,studio,standard,False,AG06
U010360,1,6,35.1,1BR,city,True,AG03
U010361,1,1,24.4,studio,pool,True,AG03
U010362,1,7,23.0,studio,pool,True,AG03
U010363,1,3,24.9,studio,pool,True,AG06
U010364,1,2,21.2,studio,standard,True,AG04
U010365,1,7,44.1,1BR Plus,standard,True,AG01
U010366,1,1,23.9,studio,standard,True,AG04
U010367,1,1,20.9,studio,city,True,AG05
U010368,1,7,27.9,1BR,standard,True,AG06
U010369,1,6,21.4,studio,standard,True,AG06
U010370,1,1,26.3,studio,city,False,AG03
U010371,1,7,25.3,studio,pool,True,AG05
U010372,1,6,26.5,studio,city,True,AG04
U010373,1,6,44.8,1BR Plus,standard,True,AG03
U010374,1,3,26.9,studio,standard,True,AG05
U010375,1,2,28.9,1BR,city,True,AG06
U010376,1,3,24.3,studio,standard,False,AG06
U010377,1,1,22.5,studio,standard,True,AG04
U010378,1,7,21.6,studio,city,True,AG05
U010379,1,3,26.9,studio,standard,True,AG04
U010380,1,8,31.2,1BR,pool,True,AG04
U010381,1,8,34.8,1BR,standard,True,AG03
U010382,1,7,21.4,studio,pool,True,AG05
U010383,1,7,20.7,studio,standard,True,AG01
U010384,1,3,25.8,studio,standard,True,AG05
U010385,1,2,31.0,1BR,city,True,AG04
U010386,1,3,22.3,studio,standard,True,AG02
U010387,1,3,25.6,studio,pool,True,AG01
U010388,1,4,23.5,studio,pool,True,AG05
U010389,1,3,28.8,1BR,standard,True,AG05
U010390,1,4,21.6,studio,standard,True,AG02
U010391,1,2,27.4,1BR,city,True,AG05
U010392,1,2,33.3,1BR,city,False,AG04
U010393,1,2,26.8,studio,standard,True,AG05
U010394,1,2,27.1,1BR,standard,True,AG04
U010395,1,6,24.7,studio,standard,True,AG01
U010396,1,2,25.9,studio,standard,True,AG06
U010397,1,5,34.6,1BR,standard,True,AG05
U010398,1,7,29.9,1BR,standard,True,AG02
U010399,1,7,25.9,studio,standard,False,AG01
U010400,1,8,23.8,studio,city,True,AG05
U010401,1,8,24.9,studio,pool,True,AG05
U010402,1,4,24.4,studio,city,False,AG06
U010403,1,4,22.0,studio,standard,True,AG03
U010404,1,2,22.8,studio,standard,True,AG01
U010405,1,2,36.6,1BR Plus,city,False,AG04
U010406,1,8,28.2,1BR,standard,True,AG03
U010407,1,2,25.8,studio,city,True,AG01
U010408,1,2,24.9,studio,standard,True,AG01
U010409,1,8,24.0,studio,standard,True,AG06
U010410,1,5,28.3,1BR,standard,True,AG01
U010411,1,5,22.3,studio,city,True,AG02
U010412,1,7,44.6,1BR Plus,standard,True,AG05
U010413,1,1,21.6,studio,standard,True,AG05
U010414,1,6,24.6,studio,standard,True,AG06
U010415,1,4,25.2,studio,standard,False,AG05
U010416,1,4,28.5,1BR,standard,True,AG04
U010417,1,8,36.4,1BR Plus,standard,False,AG06
U010418,1,8,29.6,1BR,standard,False,AG06
U010419,1,7,20.7,studio,standard,True,AG04
U010420,1,3,22.8,studio,pool,False,AG06
U010421,1,1,21.9,studio,standard,True,AG02
U010422,1,3,25.4,studio,standard,True,AG04
U010423,1,6,25.4,studio,standard,True,AG04
U010424,1,2,30.9,1BR,pool,True,AG01
U010425,1,8,25.6,studio,city,True,AG04
U010426,1,3,26.3,studio,city,False,AG01
U010427,1,7,30.5,1BR,standard,True,AG04
U010428,1,4,43.4,1BR Plus,city,False,AG01
U010429,1,7,26.0,studio,standard,True,AG06
U010430,1,7,23.5,studio,standard,True,AG02
U010431,1,6,23.3,studio,standard,True,AG05
U010432,1,2,23.4,studio,city,True,AG02
U010433,1,8,21.5,studio,city,True,AG01
U010434,1,3,25.1,studio,standard,True,AG04
U010435,1,2,23.7,studio,standard,False,AG02
U010436,1,8,27.2,1BR,standard,True,AG04
U010437,1,2,21.1,studio,city,True,AG01
U010438,1,8,40.4,1BR Plus,standard,True,AG05
U010439,1,8,31.4,1BR,standard,True,AG04
U010440,1,7,33.8,1BR,standard,True,AG06
U010441,1,6,29.9,1BR,standard,True,AG01
U010442,1,3,20.8,studio,standard,True,AG03
U010443,1,3,21.7,studio,standard,True,AG02
U010444,1,1,28.1,1BR,standard,True,AG03
U010445,1,1,21.7,studio,city,True,AG02
U010446,1,2,23.3,studio,standard,True,AG03
U010447,1,4,25.2,studio,city,True,AG06
U010448,1,2,26.7,studio,standard,True,AG06
U010449,1,1,35.1,1BR,standard,True,AG05
U010450,1,3,36.6,1BR Plus,pool,True,AG02
U010451,1,5,21.2,studio,pool,True,AG05
U010452,1,2,31.6,1BR,city,True,AG05
U010453,1,6,21.0,studio,standard,False,AG03
U010454,1,4,26.9,studio,city,False,AG04
U010455,1,8,21.9,studio,standard,True,AG02
U010456,1,4,26.0,studio,standard,True,AG02
U010457,1,7,39.7,1BR Plus,standard,True,AG04
U010458,1,7,25.5,studio,standard,True,AG06
U010459,1,2,34.6,1BR,pool,True,AG02
U010460,1,4,21.1,studio,pool,True,AG02
U010461,1,5,28.5,1BR,city,True,AG03
U010462,1,5,27.8,1BR,standard,True,AG02
U010463,1,1,25.7,studio,standard,True,AG02
U010464,1,3,27.6,1BR,standard,True,AG02
U010465,1,7,23.5,studio,city,True,AG06
U010466,1,3,29.7,1BR,standard,True,AG03
U010467,1,8,23.2,studio,city,True,AG02
U010468,1,8,26.6,studio,pool,True,AG02
U010469,1,3,25.6,studio,standard,False,AG03
U010470,1,2,25.4,studio,standard,True,AG01
U010471,1,7,28.2,1BR,standard,True,AG05
U010472,1,7,26.3,studio,city,True,AG06
U010473,1,1,20.7,studio,city,True,AG01
U010474,1,2,24.3,studio,standard,True,AG05
U010475,1,6,28.3,1BR,standard,True,AG06
U010476,1,4,29.9,1BR,standard,True,AG04
U010477,1,5,29.5,1BR,city,True,AG05
U010478,1,5,37.1,1BR Plus,standard,False,AG04
U010479,1,3,30.8,1BR,standard,True,AG06
U010480,1,3,26.3,studio,pool,True,AG03
U010481,1,5,23.7,studio,pool,False,AG02
U010482,1,3,33.8,1BR,pool,True,AG03
U010483,1,8,26.8,studio,city,False,AG03
U010484,1,2,23.2,studio,standard,True,AG04
U010485,1,7,22.4,studio,standard,False,AG04
U010486,1,7,24.2,studio,standard,False,AG02
U010487,1,3,21.7,studio,city,True,AG01
U010488,1,3,20.6,studio,standard,False,AG03
U010489,1,7,24.9,studio,city,False,AG06
U010490,1,1,21.5,studio,standard,False,AG02
U010491,1,8,29.7,1BR,standard,False,AG05
U010492,1,4,21.1,studio,pool,True,AG01
U010493,1,6,29.8,1BR,standard,True,AG05
U010494,1,3,26.6,studio,city,True,AG01
U010495,1,7,20.9,studio,standard,True,AG04
U010496,1,5,25.0,studio,city,True,AG05
U010497,1,4,23.0,studio,standard,True,AG06
U010498,1,3,23.9,studio,standard,True,AG01
U010499,1,8,26.0,studio,city,False,AG05
U010500,1,7,43.9,1BR Plus,standard,True,AG04
U010501,1,6,20.7,studio,standard,False,AG04
U010502,1,4,32.3,1BR,standard,True,AG05
U010503,1,3,22.7,studio,city,True,AG01
U010504,1,8,29.9,1BR,city,True,AG06
U010505,1,3,37.1,1BR Plus,city,True,AG03
U010506,1,3,42.2,1BR Plus,pool,False,AG01
U010507,1,1,30.4,1BR,standard,True,AG02
U010508,1,7,36.7,1BR Plus,standard,True,AG06
U010509,1,5,34.2,1BR,city,True,AG04
U010510,1,1,22.1,studio,standard,True,AG04
U010511,1,3,27.8,1BR,city,True,AG06
U010512,1,7,32.8,1BR,standard,False,AG06
U010513,1,2,33.2,1BR,standard,True,AG02
U010514,1,1,34.9,1BR,city,True,AG01
U010515,1,6,23.5,studio,standard,True,AG02
U010516,1,5,26.9,studio,pool,True,AG05
U010517,1,4,28.8,1BR,pool,True,AG06
U010518,1,4,26.4,studio,city,True,AG03
U010519,1,1,22.0,studio,city,True,AG05
U010520,1,1,30.0,1BR,standard,False,AG03
U010521,1,3,22.5,studio,standard,True,AG03
U010522,1,5,20.6,studio,city,False,AG05
U010523,1,8,29.9,1BR,standard,True,AG04
U010524,1,4,23.1,studio,city,False,AG02
U010525,1,5,34.7,1BR,standard,False,AG04
U010526,1,1,28.2,1BR,city,True,AG03
U010527,1,5,32.6,1BR,standard,True,AG03
U010528,1,6,33.9,1BR,standard,True,AG01
U010529,1,5,20.9,studio,standard,False,AG06
U010530,1,1,21.7,studio,standard,True,AG03
U010531,1,1,22.1,studio,pool,True,AG05
U010532,1,8,25.7,studio,city,False,AG05
U010533,1,7,26.6,studio,standard,True,AG03
U010534,1,2,27.2,1BR,standard,True,AG05
U010535,1,7,26.8,studio,standard,True,AG04
U010536,1,2,27.1,1BR,standard,True,AG02
U010537,1,4,21.1,studio,city,True,AG04
U010538,1,5,25.1,studio,standard,True,AG01
U010539,1,6,22.7,studio,standard,True,AG02
U010540,1,4,21.5,studio,standard,True,AG04
U010541,1,8,25.5,studio,standard,True,AG02
U010542,1,5,22.2,studio,city,True,AG06
U010543,1,6,25.7,studio,city,True,AG01
U010544,1,3,32.8,1BR,standard,True,AG01
U010545,1,6,23.4,studio,city,True,AG05
U010546,1,1,27.8,1BR,pool,True,AG03
U010547,1,7,39.1,1BR Plus,city,True,AG05
U010548,1,4,22.9,studio,standard,True,AG06
U010549,1,6,26.1,studio,city,True,AG06
U010550,1,3,26.2,studio,standard,False,AG01
U010551,1,4,21.0,studio,standard,False,AG03
U010552,1,3,22.5,studio,standard,True,AG04
U010553,1,3,43.0,1BR Plus,standard,True,AG03
U010554,1,5,26.8,studio,standard,True,AG03
U010555,1,1,38.7,1BR Plus,city,False,AG06
U010556,1,5,29.3,1BR,city,True,AG01
U010557,1,8,41.1,1BR Plus,pool,True,AG02
U010558,1,4,25.3,studio,city,True,AG06
U010559,1,8,43.6,1BR Plus,standard,True,AG04
U010560,1,6,23.2,studio,standard,True,AG01
U010561,1,5,32.9,1BR,standard,True,AG05
U010562,1,2,26.3,studio,standard,True,AG04
U010563,1,1,27.9,1BR,city,True,AG04
U010564,1,8,24.3,studio,standard,True,AG03
U010565,1,7,32.4,1BR,pool,True,AG06
U010566,1,8,26.9,studio,standard,True,AG01
U010567,1,4,43.1,1BR Plus,standard,True,AG03
U010568,1,7,24.2,studio,standard,True,AG03
U010569,1,2,27.8,1BR,standard,True,AG04
U010570,1,2,23.0,studio,pool,True,AG01
U010571,1,6,20.7,studio,standard,True,AG04
U010572,1,1,28.0,1BR,standard,True,AG03
U010573,1,7,45.0,1BR Plus,standard,True,AG05
U010574,1,6,23.7,studio,standard,True,AG05
U010575,1,6,26.2,studio,city,True,AG06
U010576,1,1,25.0,studio,pool,False,AG05
U010577,1,8,33.5,1BR,standard,False,AG05
U010578,1,2,33.8,1BR,city,False,AG01
U010579,1,7,46.9,1BR Plus,city,True,AG02
U010580,1,6,21.7,studio,standard,True,AG03
U010581,1,7,22.4,studio,standard,True,AG03
U010582,1,4,25.1,studio,pool,True,AG01
U010583,1,3,46.0,1BR Plus,standard,False,AG04
U010584,1,4,24.3,studio,standard,False,AG03
U010585,1,4,34.4,1BR,standard,True,AG02
U010586,1,1,20.7,studio,pool,False,AG06
U010587,1,5,22.9,studio,pool,True,AG01
U010588,1,1,25.8,studio,standard,False,AG04
U010589,1,2,20.9,studio,standard,True,AG05
U010590,1,5,43.0,1BR Plus,city,True,AG02
U010591,1,3,22.5,studio,standard,True,AG05
U010592,1,7,30.3,1BR,city,True,AG05
U010593,1,4,28.6,1BR,city,True,AG01
U010594,1,7,34.7,1BR,standard,True,AG04
U010595,1,4,23.0,studio,standard,True,AG03
U010596,1,8,27.7,1BR,standard,True,AG03
U010597,1,7,20.9,studio,standard,True,AG01
U010598,1,2,21.0,studio,standard,True,AG01
U010599,1,7,27.7,1BR,pool,True,AG02
U010600,1,2,21.5,studio,pool,False,AG03
U010601,1,4,26.6,studio,standard,True,AG05
U010602,1,6,21.8,studio,city,True,AG01
U010603,1,6,23.4,studio,standard,True,AG01
U010604,1,5,22.3,studio,standard,True,AG05
U010605,1,4,21.1,studio,standard,True,AG04
U010606,1,6,25.7,studio,pool,True,AG06
U010607,1,2,25.6,studio,city,True,AG01
U010608,1,7,24.0,studio,city,True,AG01
U010609,1,5,45.3,1BR Plus,standard,True,AG05
U010610,1,8,21.6,studio,city,True,AG03
U010611,1,3,39.7,1BR Plus,standard,True,AG01
U010612,1,4,26.9,studio,standard,False,AG03
U010613,1,5,21.0,studio,pool,False,AG01
U010614,1,8,25.5,studio,standard,True,AG02
U010615,1,7,43.6,1BR Plus,city,False,AG05
U010616,1,6,21.6,studio,city,True,AG01
U010617,1,6,35.5,1BR,standard,False,AG01
U010618,1,7,24.0,studio,pool,False,AG06
U010619,1,6,20.7,studio,standard,True,AG06
U010620,1,1,21.7,studio,city,False,AG04
U010621,1,8,30.5,1BR,standard,True,AG02
U010622,1,3,24.2,studio,standard,True,AG02
U010623,1,5,24.9,studio,standard,True,AG04
U010624,1,3,26.3,studio,pool,True,AG01
U010625,1,7,33.0,1BR,city,True,AG06
U010626,1,3,28.9,1BR,pool,True,AG05
U010627,1,6,20.7,studio,standard,True,AG02
U010628,1,1,25.6,studio,city,True,AG04
U010629,1,3,22.0,studio,city,False,AG06
U010630,1,5,27.1,1BR,standard,True,AG01
U010631,1,1,41.0,1BR Plus,city,True,AG03
U010632,1,5,24.5,studio,standard,False,AG04
U010633,1,2,26.4,studio,standard,True,AG04
U010634,1,6,31.6,1BR,pool,True,AG05
U010635,1,1,21.5,studio,city,True,AG04
U010636,1,3,25.8,studio,standard,True,AG01
U010637,1,1,24.9,studio,standard,True,AG03
U010638,1,1,35.2,1BR,standard,True,AG04
U010639,1,5,26.6,studio,standard,True,AG03
U010640,1,8,21.3,studio,standard,True,AG01
U010641,1,5,30.0,1BR,standard,True,AG02
U010642,1,7,21.9,studio,standard,True,AG01
U010643,1,4,26.4,studio,city,True,AG04
U010644,1,4,24.4,studio,standard,True,AG01
U010645,1,3,27.1,1BR,standard,True,AG02
U010646,1,1,30.3,1BR,pool,True,AG01
U010647,1,2,29.6,1BR,pool,True,AG01
U010648,1,8,20.7,studio,standard,True,AG01
U010649,1,7,22.8,studio,city,True,AG06
U010650,1,4,22.8,studio,standard,True,AG02
U010651,1,5,23.9,studio,standard,False,AG02
U010652,1,8,22.1,studio,standard,False,AG04
U010653,1,7,21.1,studio,standard,False,AG05
U010654,1,7,28.7,1BR,city,False,AG03
U010655,1,5,28.5,1BR,standard,True,AG06
U010656,1,8,25.5,studio,standard,True,AG02
U010657,1,6,28.9,1BR,standard,True,AG06
U010658,1,7,24.0,studio,standard,True,AG01
U010659,1,4,21.8,studio,city,True,AG04
U010660,1,2,24.1,studio,standard,True,AG02
U010661,1,1,26.5,studio,standard,False,AG03
U010662,1,4,26.1,studio,standard,False,AG02
U010663,1,8,32.6,1BR,city,True,AG04
U010664,1,1,22.4,studio,city,False,AG04
U010665,1,3,23.0,studio,pool,True,AG03
U010666,1,5,24.2,studio,city,False,AG06
U010667,1,7,31.0,1BR,standard,False,AG05
U010668,1,8,26.2,studio,city,True,AG03
U010669,1,8,22.2,studio,city,True,AG04
U010670,1,1,33.8,1BR,standard,True,AG04
U010671,1,3,31.5,1BR,city,True,AG06
U010672,1,4,44.4,1BR Plus,city,True,AG04
U010673,1,6,20.9,studio,standard,True,AG02
U010674,1,8,24.7,studio,city,True,AG01
U010675,1,4,31.3,1BR,standard,False,AG03
U010676,1,5,22.4,studio,standard,True,AG02
U010677,1,8,25.7,studio,pool,True,AG03
U010678,1,5,44.4,1BR Plus,city,True,AG03
U010679,1,4,22.9,studio,pool,True,AG04
U010680,1,4,38.4,1BR Plus,standard,True,AG03
U010681,1,8,29.5,1BR,standard,True,AG02
U010682,1,8,21.0,studio,standard,True,AG05
U010683,1,8,31.7,1BR,standard,True,AG06
U010684,1,6,21.7,studio,standard,False,AG06
U010685,1,3,25.2,studio,standard,False,AG03
U010686,1,2,34.4,1BR,standard,True,AG02
U010687,1,8,24.3,studio,standard,True,AG01
U010688,1,5,24.1,studio,standard,True,AG02
U010689,1,1,45.1,1BR Plus,city,True,AG06
U010690,1,3,43.4,1BR Plus,city,False,AG03
U010691,1,6,35.3,1BR,standard,True,AG06
U010692,1,3,27.5,1BR,standard,True,AG01
U010693,1,6,45.5,1BR Plus,standard,True,AG01
U010694,1,5,32.7,1BR,standard,False,AG06
U010695,1,6,31.4,1BR,standard,False,AG02
U010696,1,6,22.1,studio,standard,False,AG01
U010697,1,8,22.2,studio,pool,True,AG01
U010698,1,1,31.1,1BR,pool,True,AG04
U010699,1,2,30.8,1BR,city,True,AG01
U010700,1,3,34.6,1BR,city,True,AG01
U010701,1,8,27.4,1BR,standard,False,AG06
U010702,1,8,47.0,1BR Plus,city,True,AG04
U010703,1,6,25.5,studio,standard,True,AG04
U010704,1,6,20.8,studio,standard,False,AG06
U010705,1,7,26.0,studio,standard,False,AG03
U010706,1,6,33.8,1BR,city,True,AG03
U010707,1,4,35.0,1BR,standard,True,AG05
U010708,1,8,23.0,studio,standard,False,AG04
U010709,1,8,32.3,1BR,city,True,AG03
U010710,1,1,32.0,1BR,standard,True,AG06
U010711,1,7,33.6,1BR,standard,True,AG06
U010712,1,6,36.1,1BR Plus,city,True,AG01
U010713,1,8,31.6,1BR,standard,True,AG06
U010714,1,6,31.8,1BR,standard,True,AG01
U010715,1,7,20.7,studio,standard,False,AG02
U010716,1,6,24.8,studio,standard,True,AG02
U010717,1,6,46.6,1BR Plus,city,False,AG06
U010718,1,3,21.8,studio,city,False,AG06
U010719,1,7,21.1,studio,standard,True,AG03
U010720,1,4,24.6,studio,standard,True,AG01
U010721,1,6,32.5,1BR,standard,True,AG04
U010722,1,2,29.3,1BR,city,True,AG05
U010723,1,4,23.5,studio,standard,True,AG01
U010724,1,3,32.9,1BR,standard,True,AG03
U010725,1,3,25.3,studio,standard,True,AG05
U010726,1,7,22.1,studio,pool,False,AG02
U010727,1,7,32.3,1BR,standard,True,AG01
U010728,1,4,29.9,1BR,pool,True,AG05
U010729,1,1,27.6,1BR,standard,True,AG04
U010730,1,8,26.3,studio,standard,True,AG03
U010731,1,5,21.3,studio,standard,True,AG03
U010732,1,4,21.7,studio,standard,False,AG05
U010733,1,2,24.3,studio,standard,True,AG04
U010734,1,5,20.8,studio,city,True,AG03
U010735,1,8,21.3,studio,standard,True,AG02
U010736,1,7,44.5,1BR Plus,standard,False,AG01
U010737,1,2,23.3,studio,standard,True,AG04
U010738,1,6,33.4,1BR,standard,True,AG01
U010739,1,7,27.0,studio,standard,True,AG03
U010740,1,4,24.1,studio,standard,True,AG04
U010741,1,1,20.6,studio,city,True,AG04
U010742,1,1,27.5,1BR,standard,True,AG03
U010743,1,7,25.9,studio,standard,True,AG01
U010744,1,7,33.7,1BR,standard,True,AG04
U010745,1,3,21.2,studio,standard,True,AG02
U010746,1,1,21.7,studio,standard,True,AG01
U010747,1,4,20.7,studio,standard,True,AG05
U010748,1,6,21.9,studio,standard,False,AG03
U010749,1,5,23.7,studio,city,True,AG01
U010750,1,7,29.4,1BR,standard,True,AG06
U010751,1,8,21.6,studio,standard,True,AG02
U010752,1,8,26.2,studio,standard,True,AG03
U010753,1,3,34.9,1BR,pool,True,AG01
U010754,1,7,21.3,studio,standard,True,AG02
U010755,1,7,29.6,1BR,standard,True,AG03
U010756,1,5,36.4,1BR Plus,city,True,AG04
U010757,1,1,21.0,studio,pool,True,AG05
U010758,1,2,30.7,1BR,standard,True,AG04
U010759,1,2,24.7,studio,standard,True,AG06
U010760,1,4,29.0,1BR,standard,True,AG02
U010761,1,8,25.1,studio,city,True,AG04
U010762,1,1,25.7,studio,city,True,AG01
U010763,1,5,30.2,1BR,city,False,AG03
U010764,1,7,39.1,1BR Plus,standard,True,AG05
U010765,1,1,24.8,studio,city,True,AG06
U010766,1,7,32.6,1BR,standard,True,AG05
U010767,1,7,44.2,1BR Plus,standard,True,AG04
U010768,1,2,34.0,1BR,standard,True,AG04
U010769,1,5,21.2,studio,standard,False,AG02
U010770,1,1,44.7,1BR Plus,city,True,AG05
U010771,1,1,26.0,studio,standard,True,AG04
U010772,1,5,26.3,studio,city,False,AG04
U010773,1,6,26.0,studio,pool,True,AG03
U010774,1,2,23.0,studio,pool,True,AG03
U010775,1,8,34.6,1BR,pool,False,AG01
U010776,1,3,24.1,studio,standard,False,AG02
U010777,1,6,24.2,studio,standard,True,AG01
U010778,1,3,27.8,1BR,city,True,AG06
U010779,1,2,28.4,1BR,standard,True,AG01
U010780,1,5,39.1,1BR Plus,pool,True,AG06
U010781,1,8,32.2,1BR,pool,True,AG01
U010782,1,3,32.4,1BR,standard,False,AG03
U010783,1,7,21.8,studio,standard,True,AG05
U010784,1,8,24.0,studio,city,True,AG04
U010785,1,6,33.5,1BR,city,True,AG05
U010786,1,8,24.4,studio,standard,True,AG05
U010787,1,4,24.7,studio,standard,True,AG04
U010788,1,7,23.7,studio,pool,True,AG01
U010789,1,2,25.7,studio,standard,False,AG02
U010790,1,8,20.9,studio,standard,True,AG06
U010791,1,6,41.6,1BR Plus,standard,True,AG06
U010792,1,2,24.5,studio,standard,True,AG02
U010793,1,2,34.9,1BR,city,True,AG04
U010794,1,2,25.0,studio,standard,True,AG04
U010795,1,5,34.7,1BR,standard,True,AG06
U010796,1,6,22.4,studio,standard,False,AG03
U010797,1,1,21.5,studio,standard,True,AG02
U010798,1,1,22.9,studio,standard,False,AG03
U010799,1,2,46.6,1BR Plus,standard,True,AG02
U010800,1,5,24.7,studio,standard,True,AG05
U010801,1,5,34.2,1BR,standard,False,AG01
U010802,1,2,22.3,studio,city,True,AG06
U010803,1,7,30.9,1BR,city,False,AG06
U010804,1,2,27.2,1BR,standard,True,AG04
U010805,1,7,44.3,1BR Plus,standard,True,AG01
U010806,1,4,27.2,1BR,standard,True,AG06
U010807,1,1,25.2,studio,standard,True,AG03
U010808,1,2,37.5,1BR Plus,city,True,AG05
U010809,1,6,25.5,studio,pool,True,AG02
U010810,1,5,22.0,studio,standard,False,AG03
U010811,1,4,29.8,1BR,city,True,AG03
U010812,1,6,23.6,studio,city,False,AG01
U010813,1,7,22.2,studio,pool,True,AG05
U010814,1,3,25.6,studio,pool,True,AG04
U010815,1,8,29.1,1BR,standard,False,AG03
U010816,1,6,26.8,studio,standard,True,AG06
U010817,1,3,37.7,1BR Plus,standard,False,AG05
U010818,1,3,24.6,studio,pool,True,AG02
U010819,1,8,25.3,studio,pool,True,AG03
U010820,1,7,27.5,1BR,standard,True,AG02
U010821,1,6,25.7,studio,city,True,AG02
U010822,1,1,26.6,studio,standard,True,AG04
U010823,1,8,23.3,studio,standard,True,AG06
U010824,1,4,28.7,1BR,standard,False,AG02
U010825,1,6,21.0,studio,standard,True,AG03
U010826,1,1,24.9,studio,standard,True,AG01
U010827,1,2,34.6,1BR,pool,True,AG03
U010828,1,6,33.5,1BR,standard,False,AG03
U010829,1,4,46.1,1BR Plus,standard,True,AG01
U010830,1,5,22.3,studio,standard,True,AG03
U010831,1,5,27.8,1BR,standard,True,AG04
U010832,1,4,27.2,1BR,standard,False,AG02
U010833,1,3,21.4,studio,standard,True,AG01
U010834,1,1,23.1,studio,standard,True,AG03
U010835,1,1,22.4,studio,standard,True,AG03
U010836,1,8,31.1,1BR,standard,True,AG05
U010837,1,1,20.9,studio,city,True,AG01
U010838,1,3,25.5,studio,city,False,AG04
U010839,1,8,22.2,studio,pool,True,AG06
U010840,1,7,32.3,1BR,standard,True,AG05
U010841,1,3,38.5,1BR Plus,pool,True,AG04
U010842,1,4,27.0,studio,city,True,AG04
U010843,1,8,26.0,studio,standard,True,AG01
U010844,1,4,25.7,studio,standard,False,AG03
U010845,1,5,22.3,studio,standard,True,AG02
U010846,1,8,25.0,studio,standard,True,AG06
U010847,1,8,36.3,1BR Plus,pool,False,AG05
U010848,1,2,28.6,1BR,pool,True,AG02
U010849,1,4,21.5,studio,standard,False,AG02
U010850,1,3,25.3,studio,standard,True,AG04
U010851,1,5,35.8,1BR Plus,pool,False,AG03
U010852,1,3,25.2,studio,standard,True,AG01
U010853,1,3,29.1,1BR,standard,True,AG04
U010854,1,7,32.8,1BR,standard,True,AG01
U010855,1,2,22.4,studio,standard,True,AG04
U010856,1,4,31.6,1BR,standard,False,AG02
U010857,1,7,36.3,1BR Plus,standard,True,AG06
U010858,1,1,24.8,studio,city,True,AG06
U010859,1,3,23.1,studio,pool,True,AG05
U010860,1,2,20.8,studio,standard,True,AG06
U010861,1,8,25.8,studio,standard,True,AG02
U010862,1,3,21.4,studio,standard,True,AG06
U010863,1,4,26.2,studio,standard,True,AG01
U010864,1,7,26.5,studio,standard,True,AG02
U010865,1,6,22.6,studio,pool,True,AG04
U010866,1,1,26.1,studio,standard,True,AG06
U010867,1,6,32.1,1BR,standard,True,AG05
U010868,1,8,24.0,studio,standard,True,AG01
U010869,1,7,20.9,studio,pool,False,AG01
U010870,1,2,33.9,1BR,standard,False,AG04
U010871,1,5,31.9,1BR,city,True,AG02
U010872,1,3,24.2,studio,standard,False,AG05
U010873,1,1,21.2,studio,pool,True,AG06
U010874,1,3,29.2,1BR,city,True,AG05
U010875,1,5,31.3,1BR,standard,True,AG06
U010876,1,1,31.9,1BR,city,True,AG05
U010877,1,7,26.7,studio,standard,True,AG04
U010878,1,2,43.5,1BR Plus,pool,True,AG01
U010879,1,4,24.2,studio,standard,True,AG01
U010880,1,1,33.5,1BR,city,True,AG03
U010881,1,4,22.4,studio,standard,True,AG06
U010882,1,4,29.5,1BR,pool,True,AG04
U010883,1,8,24.9,studio,city,True,AG01
U010884,1,1,22.4,studio,pool,True,AG02
U010885,1,2,24.8,studio,standard,True,AG04
U010886,1,3,23.3,studio,standard,False,AG01
U010887,1,7,26.8,studio,standard,False,AG06
U010888,1,7,26.0,studio,standard,True,AG06
U010889,1,8,24.0,studio,city,True,AG03
U010890,1,2,35.2,1BR,city,True,AG06
U010891,1,8,45.1,1BR Plus,standard,True,AG04
U010892,1,5,35.0,1BR,standard,False,AG01
U010893,1,8,26.6,studio,standard,False,AG01
U010894,1,2,34.8,1BR,standard,True,AG03
U010895,1,2,29.6,1BR,pool,False,AG06
U010896,1,1,23.4,studio,city,False,AG01
U010897,1,3,27.0,studio,city,True,AG02
U010898,1,5,34.5,1BR,city,False,AG04
U010899,1,8,25.4,studio,standard,True,AG01
U010900,1,4,22.5,studio,city,False,AG06
U010901,1,5,20.9,studio,standard,True,AG01
U010902,1,1,23.7,studio,standard,True,AG05
U010903,1,4,24.3,studio,standard,True,AG06
U010904,1,1,23.0,studio,city,True,AG04
U010905,1,4,21.0,studio,city,True,AG02
U010906,1,8,35.2,1BR,standard,True,AG05
U010907,1,1,22.0,studio,standard,True,AG03
U010908,1,3,26.4,studio,standard,True,AG01
U010909,1,1,35.2,1BR,standard,True,AG05
U010910,1,8,26.9,studio,standard,False,AG02
U010911,1,1,28.3,1BR,standard,True,AG03
U010912,1,2,23.8,studio,standard,True,AG05
U010913,1,1,27.0,studio,city,True,AG03
U010914,1,5,26.3,studio,city,True,AG03
U010915,1,3,33.5,1BR,standard,True,AG06
U010916,1,8,22.2,studio,standard,True,AG06
U010917,1,8,30.8,1BR,standard,True,AG03
U010918,1,5,36.5,1BR Plus,standard,True,AG05
U010919,1,3,26.0,studio,pool,True,AG03
U010920,1,1,25.2,studio,standard,True,AG03
U010921,1,1,23.2,studio,standard,True,AG05
U010922,1,1,21.6,studio,standard,True,AG03
U010923,1,6,23.3,studio,city,True,AG06
U010924,1,8,22.1,studio,standard,True,AG03
U010925,1,8,31.9,1BR,pool,True,AG06
U010926,1,2,25.8,studio,city,True,AG04
U010927,1,8,21.1,studio,pool,True,AG06
U010928,1,7,22.8,studio,standard,True,AG03
U010929,1,8,21.2,studio,standard,False,AG03
U010930,1,8,20.8,studio,standard,True,AG03
U010931,1,7,45.0,1BR Plus,standard,False,AG04
U010932,1,5,34.2,1BR,standard,True,AG06
U010933,1,8,29.4,1BR,standard,False,AG05
U010934,1,5,26.2,studio,standard,True,AG05
U010935,1,1,20.9,studio,standard,True,AG03
U010936,1,5,34.0,1BR,pool,True,AG05
U010937,1,8,35.1,1BR,standard,True,AG03
U010938,1,6,29.2,1BR,standard,False,AG02
U010939,1,3,28.2,1BR,standard,False,AG03
U010940,1,1,33.5,1BR,city,True,AG03
U010941,1,3,40.5,1BR Plus,pool,False,AG03
U010942,1,1,25.1,studio,standard,True,AG02
U010943,1,6,38.8,1BR Plus,standard,False,AG01
U010944,1,2,22.5,studio,standard,False,AG02
U010945,1,2,25.1,studio,standard,False,AG03
U010946,1,7,21.0,studio,standard,True,AG03
U010947,1,2,23.5,studio,standard,True,AG02
U010948,1,1,21.1,studio,standard,True,AG03
U010949,1,5,25.7,studio,standard,True,AG01
U010950,1,1,37.2,1BR Plus,standard,True,AG06
U010951,1,3,33.2,1BR,city,True,AG05
U010952,1,4,27.6,1BR,standard,True,AG03
U010953,1,1,21.0,studio,standard,True,AG03
U010954,1,6,21.7,studio,standard,True,AG04
U010955,1,1,28.9,1BR,city,False,AG06
U010956,1,2,34.2,1BR,city,True,AG05
U010957,1,5,25.8,studio,standard,True,AG06
U010958,1,4,29.1,1BR,standard,False,AG04
U010959,1,6,20.7,studio,standard,False,AG06
U010960,1,8,25.9,studio,standard,True,AG04
U010961,1,8,35.2,1BR,standard,True,AG06
U010962,1,8,23.2,studio,standard,True,AG06
U010963,1,4,21.4,studio,standard,True,AG03
U010964,1,3,22.4,studio,city,True,AG03
U010965,1,3,25.1,studio,standard,True,AG04
U010966,1,6,26.7,studio,standard,True,AG06
U010967,1,1,33.8,1BR,standard,True,AG01
U010968,1,1,21.7,studio,standard,False,AG06
U010969,1,6,34.1,1BR,standard,True,AG01
U010970,1,3,22.4,studio,standard,True,AG02
U010971,1,1,28.6,1BR,city,True,AG01
U010972,1,1,44.1,1BR Plus,standard,True,AG04
U010973,1,6,30.2,1BR,standard,True,AG02
U010974,1,4,24.1,studio,standard,True,AG02
U010975,1,1,27.5,1BR,standard,False,AG03
U010976,1,4,21.5,studio,pool,True,AG05
U010977,1,6,33.8,1BR,standard,True,AG05
U010978,1,3,22.1,studio,standard,True,AG03
U010979,1,7,25.8,studio,city,True,AG05
U010980,1,6,21.7,studio,standard,True,AG06
U010981,1,8,24.7,studio,standard,True,AG01
U010982,1,8,29.1,1BR,standard,False,AG04
U010983,1,5,32.0,1BR,standard,True,AG06
U010984,1,6,20.6,studio,standard,True,AG01
U010985,1,6,33.8,1BR,standard,True,AG01
U010986,1,5,20.7,studio,standard,True,AG06
U010987,1,4,26.9,studio,standard,True,AG06
U010988,1,5,25.9,studio,standard,True,AG03
U010989,1,7,21.7,studio,standard,True,AG03
U010990,1,4,23.6,studio,city,True,AG05
U010991,1,3,28.6,1BR,city,True,AG06
U010992,1,8,23.5,studio,standard,True,AG01
U010993,1,6,32.6,1BR,standard,True,AG05
U010994,1,4,27.3,1BR,standard,True,AG03
U010995,1,7,22.3,studio,standard,True,AG05
U010996,1,6,43.6,1BR Plus,standard,True,AG04
U010997,1,6,37.0,1BR Plus,city,True,AG05
U010998,1,7,40.9,1BR Plus,city,True,AG06
U010999,1,7,27.6,1BR,city,True,AG05
U011000,1,5,23.9,studio,pool,True,AG05
U011001,1,1,30.2,1BR,standard,True,AG05
U011002,1,4,22.6,studio,standard,True,AG04
U011003,1,3,24.6,studio,standard,True,AG03
U011004,1,3,32.2,1BR,pool,False,AG01
U011005,1,2,36.9,1BR Plus,standard,True,AG04
U011006,1,6,28.1,1BR,standard,True,AG01
U011007,1,3,21.0,studio,standard,True,AG06
U011008,1,2,28.1,1BR,standard,True,AG01
U011009,1,5,22.2,studio,standard,True,AG02
U011010,1,1,23.2,studio,pool,True,AG02
U011011,1,3,35.8,1BR Plus,pool,True,AG05
U011012,1,6,26.1,studio,standard,True,AG01
U011013,1,3,31.3,1BR,standard,True,AG06
U011014,1,3,26.8,studio,standard,True,AG01
U011015,1,3,29.4,1BR,standard,True,AG01
U011016,1,2,25.2,studio,standard,False,AG03
U011017,1,4,42.7,1BR Plus,standard,True,AG03
U011018,1,7,22.2,studio,standard,True,AG05
U011019,1,4,22.6,studio,standard,True,AG01
U011020,1,6,24.3,studio,city,True,AG02
U011021,1,7,33.0,1BR,city,True,AG05
U011022,1,2,23.3,studio,pool,True,AG04
U011023,1,7,21.7,studio,standard,True,AG04
U011024,1,2,25.2,studio,pool,True,AG02
U011025,1,1,20.8,studio,standard,False,AG05
U011026,1,3,21.5,studio,standard,False,AG01
U011027,1,2,23.7,studio,city,True,AG02
U011028,1,2,20.7,studio,pool,True,AG06
U011029,1,2,30.9,1BR,standard,True,AG06
U011030,1,4,22.4,studio,standard,False,AG01
U011031,1,7,24.1,studio,standard,True,AG01
U011032,1,8,21.8,studio,standard,True,AG05
U011033,1,8,26.1,studio,city,True,AG01
U011034,1,2,23.1,studio,city,True,AG05
U011035,1,7,28.2,1BR,city,True,AG02
U011036,1,8,42.7,1BR Plus,pool,True,AG04
U011037,1,4,22.5,studio,city,True,AG02
U011038,1,2,41.3,1BR Plus,standard,True,AG01
U011039,1,3,30.7,1BR,standard,True,AG01
U011040,1,8,34.3,1BR,pool,True,AG04
U011041,1,1,23.8,studio,standard,False,AG01
U011042,1,8,30.6,1BR,standard,True,AG05
U011043,1,1,31.2,1BR,city,False,AG03
U011044,1,3,28.6,1BR,standard,False,AG03
U011045,1,5,26.0,studio,standard,False,AG04
U011046,1,1,33.5,1BR,pool,True,AG01
U011047,1,4,34.0,1BR,pool,True,AG06
U011048,1,2,24.8,studio,standard,True,AG03
U011049,1,5,39.9,1BR Plus,city,True,AG01
U011050,1,3,31.4,1BR,standard,True,AG05
U011051,1,8,25.0,studio,city,True,AG06
U011052,1,4,20.9,studio,standard,True,AG06
U011053,1,3,23.4,studio,standard,True,AG06
U011054,1,2,44.8,1BR Plus,city,True,AG05
U011055,1,1,23.1,studio,city,True,AG06
U011056,1,4,23.9,studio,standard,True,AG05
U011057,1,3,22.0,studio,standard,True,AG02
U011058,1,3,27.4,1BR,standard,True,AG03
U011059,1,1,25.1,studio,city,True,AG04
U011060,1,3,23.2,studio,pool,True,AG01
U011061,1,6,26.5,studio,standard,True,AG04
U011062,1,4,27.8,1BR,city,True,AG03
U011063,1,3,24.0,studio,standard,False,AG02
U011064,1,1,22.6,studio,city,True,AG01
U011065,1,3,44.4,1BR Plus,standard,False,AG02
U011066,1,6,41.6,1BR Plus,city,True,AG06
U011067,1,4,25.7,studio,standard,True,AG03
U011068,1,8,44.5,1BR Plus,standard,False,AG02
U011069,1,5,23.5,studio,city,True,AG03
U011070,1,3,29.8,1BR,standard,True,AG02
U011071,1,1,28.6,1BR,city,True,AG03
U011072,1,6,23.8,studio,standard,True,AG05
U020000,2,2,28.8,1BR,standard,True,AG05
U020001,2,2,22.3,studio,standard,True,AG03
U020002,2,1,31.4,1BR,standard,True,AG01
U020003,2,7,25.3,studio,pool,True,AG06
U020004,2,6,32.4,1BR,pool,True,AG01
U020005,2,3,33.4,1BR,city,True,AG01
U020006,2,7,26.5,studio,city,True,AG02
U020007,2,1,25.0,studio,standard,True,AG05
U020008,2,8,21.7,studio,standard,True,AG04
U020009,2,6,26.9,studio,standard,True,AG02
U020010,2,3,29.5,1BR,standard,True,AG04
U020011,2,7,24.7,studio,standard,True,AG05
U020012,2,1,33.4,1BR,standard,False,AG03
U020013,2,4,32.2,1BR,city,False,AG04
U020014,2,1,22.0,studio,city,True,AG04
U020015,2,5,32.9,1BR,city,True,AG04
U020016,2,6,41.3,1BR Plus,pool,True,AG01
U020017,2,7,21.0,studio,city,True,AG04
U020018,2,8,22.3,studio,city,True,AG05
U020019,2,7,26.7,studio,city,True,AG06
U020020,2,6,34.1,1BR,pool,True,AG02
U020021,2,5,25.9,studio,standard,True,AG02
U020022,2,3,29.8,1BR,standard,True,AG06
U020023,2,1,31.5,1BR,city,True,AG06
U020024,2,3,21.2,studio,standard,False,AG01
U020025,2,6,25.2,studio,standard,True,AG02
U020026,2,7,23.5,studio,city,True,AG03
U020027,2,7,24.1,studio,standard,True,AG05
U020028,2,8,46.9,1BR Plus,standard,True,AG02
U020029,2,3,34.6,1BR,standard,True,AG04
U020030,2,1,20.8,studio,standard,True,AG02
U020031,2,5,25.9,studio,standard,True,AG02
U020032,2,2,35.0,1BR,standard,True,AG06
U020033,2,8,27.9,1BR,city,False,AG02
U020034,2,7,29.9,1BR,standard,True,AG06
U020035,2,8,25.5,studio,standard,False,AG02
U020036,2,8,30.3,1BR,standard,True,AG03
U020037,2,2,24.0,studio,standard,True,AG04
U020038,2,3,20.8,studio,standard,True,AG02
U020039,2,8,34.4,1BR,city,True,AG04
U020040,2,6,46.0,1BR Plus,city,False,AG02
U020041,2,7,25.8,studio,city,False,AG04
U020042,2,6,28.0,1BR,standard,False,AG04
U020043,2,8,26.5,studio,standard,True,AG03
U020044,2,8,24.9,studio,standard,True,AG04
U020045,2,7,23.1,studio,standard,True,AG04
U020046,2,2,25.8,studio,standard,True,AG05
U020047,2,2,25.3,studio,standard,False,AG06
U020048,2,3,30.6,1BR,standard,True,AG03
U020049,2,7,34.6,1BR,standard,False,AG03
U020050,2,8,24.5,studio,city,True,AG03
U020051,2,8,38.0,1BR Plus,standard,True,AG01
U020052,2,1,21.8,studio,standard,True,AG04
U020053,2,6,32.7,1BR,pool,True,AG02
U020054,2,5,38.6,1BR Plus,standard,False,AG06
U020055,2,1,33.7,1BR,standard,True,AG02
U020056,2,2,23.0,studio,pool,True,AG01
U020057,2,6,30.0,1BR,standard,True,AG05
U020058,2,6,23.3,studio,standard,True,AG04
U020059,2,6,37.4,1BR Plus,standard,False,AG02
U020060,2,7,36.7,1BR Plus,standard,False,AG06
U020061,2,7,42.6,1BR Plus,standard,True,AG05
U020062,2,7,33.7,1BR,standard,True,AG01
U020063,2,3,26.9,studio,standard,True,AG01
U020064,2,5,38.1,1BR Plus,pool,True,AG03
U020065,2,1,25.3,studio,standard,True,AG03
U020066,2,2,33.3,1BR,city,True,AG04
U020067,2,6,30.5,1BR,standard,True,AG04
U020068,2,7,21.3,studio,pool,True,AG04
U020069,2,5,21.1,studio,pool,False,AG05
U020070,2,3,41.8,1BR Plus,city,True,AG04
U020071,2,6,30.4,1BR,standard,True,AG02
U020072,2,3,25.0,studio,standard,True,AG06
U020073,2,3,26.8,studio,standard,True,AG02
U020074,2,2,23.4,studio,pool,True,AG06
U020075,2,8,20.8,studio,standard,True,AG05
U020076,2,2,24.7,studio,city,False,AG05
U020077,2,2,33.3,1BR,standard,False,AG06
U020078,2,6,33.5,1BR,city,False,AG04
U020079,2,1,35.4,1BR,standard,True,AG03
U020080,2,1,22.6,studio,pool,True,AG02
U020081,2,5,41.1,1BR Plus,city,True,AG01
U020082,2,3,29.0,1BR,city,True,AG04
U020083,2,3,21.0,studio,standard,True,AG06
U020084,2,6,21.5,studio,pool,True,AG05
U020085,2,3,31.5,1BR,city,True,AG03
U020086,2,4,21.1,studio,city,True,AG04
U020087,2,1,36.5,1BR Plus,pool,True,AG01
U020088,2,4,22.7,studio,standard,False,AG03
U020089,2,1,25.7,studio,standard,True,AG03
U020090,2,2,29.9,1BR,standard,True,AG03
U020091,2,4,35.0,1BR,city,True,AG02
U020092,2,5,30.0,1BR,standard,False,AG01
U020093,2,6,23.2,studio,standard,True,AG01
U020094,2,5,22.0,studio,standard,True,AG06
U020095,2,4,35.1,1BR,standard,True,AG05
U020096,2,7,30.6,1BR,pool,False,AG05
U020097,2,1,26.8,studio,standard,True,AG02
U020098,2,7,21.5,studio,city,True,AG03
U020099,2,3,23.8,studio,city,True,AG01
U020100,2,6,27.7,1BR,pool,True,AG03
U020101,2,1,23.4,studio,pool,True,AG01
U020102,2,6,20.9,studio,standard,True,AG04
U020103,2,1,25.4,studio,city,True,AG06
U020104,2,6,33.4,1BR,standard,True,AG02
U020105,2,8,25.9,studio,standard,True,AG04
U020106,2,2,30.7,1BR,standard,False,AG06
U020107,2,6,23.1,studio,city,True,AG01
U020108,2,4,34.3,1BR,city,False,AG06
U020109,2,1,29.9,1BR,city,True,AG04
U020110,2,6,22.0,studio,standard,True,AG05
U020111,2,8,27.4,1BR,standard,True,AG02
U020112,2,2,24.2,studio,standard,True,AG03
U020113,2,2,35.1,1BR,pool,True,AG05
U020114,2,6,23.8,studio,standard,True,AG01
U020115,2,7,40.1,1BR Plus,standard,True,AG06
U020116,2,2,26.6,studio,standard,False,AG05
U020117,2,4,29.2,1BR,standard,True,AG02
U020118,2,8,26.5,studio,standard,True,AG02
U020119,2,1,28.4,1BR,standard,True,AG06
U020120,2,7,36.0,1BR Plus,standard,True,AG03
U020121,2,3,22.5,studio,city,False,AG05
U020122,2,7,26.3,studio,city,False,AG03
U020123,2,5,33.0,1BR,standard,True,AG05
U020124,2,2,27.3,1BR,city,False,AG05
U020125,2,2,31.6,1BR,pool,True,AG05
U020126,2,5,30.2,1BR,pool,True,AG01
U020127,2,3,20.8,studio,standard,True,AG04
U020128,2,6,23.8,studio,standard,True,AG02
U020129,2,7,27.9,1BR,standard,True,AG03
U020130,2,8,30.2,1BR,standard,True,AG02
U020131,2,2,23.2,studio,standard,True,AG03
U020132,2,2,25.7,studio,pool,True,AG02
U020133,2,7,32.3,1BR,standard,True,AG03
U020134,2,8,29.4,1BR,city,True,AG05
U020135,2,7,26.8,studio,city,True,AG05
U020136,2,3,24.7,studio,standard,False,AG02
U020137,2,8,45.6,1BR Plus,standard,True,AG05
U020138,2,2,26.3,studio,standard,False,AG03
U020139,2,3,24.0,studio,city,True,AG01
U020140,2,1,29.6,1BR,pool,True,AG05
U020141,2,1,23.9,studio,standard,True,AG02
U020142,2,4,20.7,studio,city,True,AG01
U020143,2,5,26.1,studio,pool,True,AG06
U020144,2,3,43.8,1BR Plus,standard,False,AG01
U020145,2,3,23.7,studio,standard,True,AG02
U020146,2,1,23.7,studio,city,True,AG01
U020147,2,8,32.6,1BR,standard,True,AG06
U020148,2,5,24.3,studio,standard,True,AG06
U020149,2,5,21.9,studio,standard,True,AG01
U020150,2,7,26.6,studio,standard,True,AG02
U020151,2,8,32.3,1BR,city,True,AG01
U020152,2,5,43.5,1BR Plus,standard,True,AG03
U020153,2,1,33.8,1BR,standard,True,AG01
U020154,2,1,22.9,studio,city,True,AG01
U020155,2,2,20.8,studio,city,True,AG06
U020156,2,8,25.4,studio,standard,True,AG05
U020157,2,3,26.5,studio,standard,False,AG02
U020158,2,5,23.2,studio,standard,True,AG03
U020159,2,3,22.7,studio,city,True,AG04
U020160,2,3,31.5,1BR,city,True,AG06
U020161,2,2,35.0,1BR,standard,True,AG04
U020162,2,6,27.5,1BR,city,True,AG03
U020163,2,5,24.4,studio,standard,True,AG01
U020164,2,4,30.6,1BR,standard,True,AG02
U020165,2,6,30.5,1BR,standard,True,AG05
U020166,2,2,22.2,studio,pool,True,AG05
U020167,2,1,28.8,1BR,pool,True,AG02
U020168,2,7,21.5,studio,standard,True,AG06
U020169,2,8,21.6,studio,standard,True,AG02
U020170,2,8,27.1,1BR,city,True,AG04
U020171,2,8,23.4,studio,standard,True,AG05
U020172,2,3,27.9,1BR,standard,True,AG01
U020173,2,8,30.1,1BR,pool,False,AG02
U020174,2,8,30.2,1BR,pool,True,AG05
U020175,2,5,25.0,studio,standard,True,AG03
U020176,2,7,32.4,1BR,pool,True,AG02
U020177,2,2,34.9,1BR,standard,True,AG05
U020178,2,2,22.8,studio,city,True,AG05
U020179,2,2,25.6,studio,standard,False,AG02
U020180,2,6,27.3,1BR,standard,True,AG01
U020181,2,6,25.1,studio,city,True,AG01
U020182,2,3,26.7,studio,standard,False,AG03
U020183,2,7,35.2,1BR,standard,True,AG04
U020184,2,5,27.5,1BR,standard,True,AG06
U020185,2,2,33.8,1BR,standard,False,AG04
U020186,2,3,30.9,1BR,pool,False,AG01
U020187,2,8,21.5,studio,standard,True,AG05
U020188,2,1,23.0,studio,standard,True,AG06
U020189,2,6,31.2,1BR,pool,True,AG05
U020190,2,4,23.8,studio,standard,True,AG06
U020191,2,2,44.4,1BR Plus,standard,True,AG02
U020192,2,6,24.9,studio,pool,True,AG06
U020193,2,8,25.2,studio,city,True,AG05
U020194,2,2,24.6,studio,pool,False,AG06
U020195,2,8,28.7,1BR,standard,True,AG03
U020196,2,1,31.2,1BR,standard,True,AG05
U020197,2,2,22.7,studio,standard,True,AG01
U020198,2,5,44.1,1BR Plus,standard,False,AG02
U020199,2,1,23.2,studio,pool,True,AG02
U020200,2,2,43.2,1BR Plus,standard,True,AG04
U020201,2,6,21.3,studio,city,False,AG04
U020202,2,4,30.5,1BR,city,True,AG02
U020203,2,4,29.4,1BR,pool,True,AG01
U020204,2,4,38.8,1BR Plus,pool,True,AG01
U020205,2,8,30.9,1BR,standard,True,AG06
U020206,2,4,22.3,studio,standard,True,AG01
U020207,2,1,22.9,studio,standard,True,AG02
U020208,2,1,25.9,studio,standard,True,AG02
U020209,2,8,24.2,studio,standard,False,AG06
U020210,2,2,22.7,studio,city,True,AG01
U020211,2,2,24.6,studio,standard,True,AG05
U020212,2,4,25.8,studio,city,False,AG05
U020213,2,1,35.2,1BR,standard,True,AG03
U020214,2,2,29.8,1BR,standard,True,AG05
U020215,2,3,43.7,1BR Plus,standard,True,AG04
U020216,2,7,25.3,studio,standard,True,AG02
U020217,2,1,30.9,1BR,standard,True,AG02
U020218,2,5,32.5,1BR,standard,True,AG01
U020219,2,7,25.8,studio,standard,True,AG06
U020220,2,8,21.0,studio,city,True,AG04
U020221,2,3,25.2,studio,pool,True,AG03
U020222,2,4,23.5,studio,standard,True,AG05
U020223,2,5,22.7,studio,standard,True,AG01
U020224,2,8,27.5,1BR,pool,True,AG02
U020225,2,3,25.1,studio,standard,True,AG03
U020226,2,2,26.7,studio,pool,False,AG05
U020227,2,4,29.2,1BR,standard,False,AG05
U020228,2,7,27.9,1BR,standard,True,AG06
U020229,2,2,30.3,1BR,pool,True,AG06
U020230,2,7,29.1,1BR,standard,True,AG04
U020231,2,8,22.2,studio,standard,True,AG03
U020232,2,4,21.1,studio,standard,True,AG04
U020233,2,3,29.8,1BR,standard,True,AG06
U020234,2,1,31.7,1BR,standard,True,AG04
U020235,2,4,46.5,1BR Plus,standard,True,AG04
U020236,2,1,31.0,1BR,standard,True,AG06
U020237,2,5,20.8,studio,standard,True,AG06
U020238,2,6,26.5,studio,pool,True,AG01
U020239,2,7,32.4,1BR,standard,True,AG01
U020240,2,6,33.2,1BR,standard,True,AG01
U020241,2,2,27.9,1BR,city,True,AG05
U020242,2,5,34.3,1BR,standard,True,AG01
U020243,2,7,25.9,studio,standard,True,AG01
U020244,2,4,31.8,1BR,standard,True,AG05
U020245,2,8,30.2,1BR,standard,True,AG05
U020246,2,3,22.9,studio,standard,True,AG02
U020247,2,5,26.2,studio,city,True,AG01
U020248,2,5,29.3,1BR,city,True,AG05
U020249,2,3,26.2,studio,standard,False,AG04
U020250,2,6,21.7,studio,standard,False,AG01
U020251,2,3,35.2,1BR,city,False,AG01
U020252,2,6,36.2,1BR Plus,standard,True,AG05
U020253,2,5,29.1,1BR,city,True,AG01
U020254,2,2,24.3,studio,city,False,AG05
U020255,2,4,26.1,studio,standard,True,AG02
U020256,2,8,20.6,studio,standard,True,AG03
U020257,2,7,46.2,1BR Plus,city,False,AG06
U020258,2,5,20.9,studio,standard,True,AG06
U020259,2,7,33.7,1BR,standard,False,AG05
U020260,2,5,21.2,studio,standard,True,AG06
U020261,2,1,32.2,1BR,standard,False,AG05
U020262,2,1,26.3,studio,standard,False,AG05
U020263,2,1,25.4,studio,standard,True,AG05
U020264,2,4,22.9,studio,standard,True,AG04
U020265,2,7,25.4,studio,standard,True,AG03
U020266,2,4,22.5,studio,city,True,AG01
U020267,2,8,35.2,1BR,pool,False,AG04
U020268,2,8,24.1,studio,standard,False,AG02
U020269,2,8,22.8,studio,city,True,AG06
U020270,2,7,31.6,1BR,standard,True,AG02
U020271,2,5,47.0,1BR Plus,city,True,AG01
U020272,2,7,21.2,studio,standard,True,AG03
U020273,2,1,22.7,studio,standard,True,AG03
U020274,2,6,25.1,studio,standard,False,AG02
U020275,2,5,20.7,studio,standard,True,AG02
U020276,2,5,33.7,1BR,standard,True,AG02
U020277,2,7,30.9,1BR,standard,True,AG04
U020278,2,6,24.8,studio,standard,True,AG03
U020279,2,7,23.7,studio,city,True,AG03
U020280,2,1,30.4,1BR,city,True,AG03
U020281,2,4,24.8,studio,standard,True,AG06
U020282,2,8,40.3,1BR Plus,standard,True,AG05
U020283,2,3,42.9,1BR Plus,standard,True,AG02
U020284,2,1,24.2,studio,standard,True,AG03
U020285,2,8,24.9,studio,city,False,AG01
U020286,2,6,33.8,1BR,standard,True,AG04
U020287,2,1,28.4,1BR,standard,True,AG02
U020288,2,8,22.0,studio,standard,True,AG06
U020289,2,5,23.7,studio,standard,True,AG03
U020290,2,3,30.4,1BR,standard,True,AG06
U020291,2,1,20.6,studio,standard,True,AG03
U020292,2,3,24.1,studio,standard,False,AG06
U020293,2,5,34.8,1BR,pool,True,AG06
U020294,2,7,30.9,1BR,standard,True,AG02
U020295,2,4,26.0,studio,city,True,AG05
U020296,2,2,24.0,studio,standard,True,AG05
U020297,2,5,27.2,1BR,standard,True,AG06
U020298,2,6,22.4,studio,standard,True,AG01
U020299,2,5,25.5,studio,city,False,AG06
U020300,2,5,21.4,studio,pool,True,AG02
U020301,2,3,24.1,studio,standard,True,AG01
U020302,2,1,20.7,studio,standard,True,AG06
U020303,2,7,39.1,1BR Plus,standard,True,AG06
U020304,2,3,37.9,1BR Plus,pool,True,AG01
U020305,2,8,26.9,studio,standard,True,AG01
U020306,2,8,28.7,1BR,pool,True,AG04
U020307,2,1,27.3,1BR,standard,True,AG06
U020308,2,8,26.5,studio,standard,False,AG01
U020309,2,7,22.5,studio,standard,True,AG01
U020310,2,4,35.4,1BR,standard,True,AG01
U020311,2,7,32.0,1BR,city,True,AG01
U020312,2,5,26.8,studio,city,False,AG03
U020313,2,6,27.2,1BR,standard,True,AG03
U020314,2,6,23.9,studio,standard,True,AG03
U020315,2,8,24.9,studio,city,True,AG03
U020316,2,4,26.9,studio,standard,False,AG02
U020317,2,6,35.4,1BR,standard,True,AG05
U020318,2,1,33.0,1BR,standard,True,AG05
U020319,2,5,33.9,1BR,standard,False,AG01
U020320,2,8,33.8,1BR,standard,True,AG02
U020321,2,1,21.1,studio,standard,True,AG01
U020322,2,6,21.9,studio,pool,True,AG04
U020323,2,6,26.4,studio,standard,False,AG05
U020324,2,6,34.6,1BR,standard,True,AG05
U020325,2,8,27.7,1BR,city,True,AG01
U020326,2,5,24.7,studio,standard,True,AG03
U020327,2,6,36.9,1BR Plus,pool,True,AG03
U020328,2,7,27.7,1BR,standard,False,AG05
U020329,2,3,47.0,1BR Plus,city,True,AG02
U020330,2,4,34.3,1BR,city,True,AG06
U020331,2,3,23.4,studio,pool,True,AG03
U020332,2,2,25.8,studio,standard,True,AG05
U020333,2,5,26.5,studio,standard,True,AG06
U020334,2,8,21.5,studio,city,True,AG01
U020335,2,1,33.4,1BR,standard,True,AG06
U020336,2,4,32.0,1BR,standard,True,AG04
U020337,2,3,37.3,1BR Plus,city,True,AG04
U020338,2,7,23.7,studio,standard,True,AG02
U020339,2,6,41.9,1BR Plus,standard,True,AG01
U020340,2,5,24.4,studio,standard,True,AG04
U020341,2,7,24.0,studio,pool,True,AG05
U020342,2,2,24.9,studio,standard,True,AG06
U020343,2,4,26.3,studio,standard,False,AG02
U020344,2,8,28.9,1BR,standard,True,AG01
U020345,2,7,42.1,1BR Plus,standard,True,AG04
U020346,2,1,44.2,1BR Plus,standard,False,AG05
U020347,2,1,27.8,1BR,standard,False,AG06
U020348,2,7,23.8,studio,standard,True,AG06
U020349,2,2,22.8,studio,standard,True,AG01
U020350,2,6,23.6,studio,pool,False,AG04
U020351,2,7,29.3,1BR,standard,True,AG04
U020352,2,3,25.2,studio,standard,True,AG01
U020353,2,6,22.1,studio,city,True,AG04
U020354,2,5,45.2,1BR Plus,pool,True,AG04
U020355,2,4,25.3,studio,pool,True,AG04
U020356,2,3,26.3,studio,standard,True,AG01
U020357,2,2,22.8,studio,city,True,AG02
U020358,2,5,39.9,1BR Plus,city,True,AG01
U020359,2,7,34.0,1BR,standard,True,AG06
U020360,2,1,32.3,1BR,standard,False,AG03
U020361,2,6,33.0,1BR,standard,False,AG01
U020362,2,4,21.4,studio,standard,True,AG05
U020363,2,7,32.0,1BR,city,True,AG04
U020364,2,5,41.3,1BR Plus,standard,True,AG05
U020365,2,7,33.1,1BR,city,False,AG01
U020366,2,3,28.6,1BR,city,True,AG02
U020367,2,1,25.1,studio,city,True,AG02
U020368,2,4,22.9,studio,standard,False,AG03
U020369,2,6,30.6,1BR,city,True,AG01
U020370,2,2,23.9,studio,standard,True,AG04
U020371,2,6,34.3,1BR,city,False,AG02
U020372,2,5,24.0,studio,standard,False,AG01
U020373,2,1,35.5,1BR,standard,True,AG05
U020374,2,4,34.9,1BR,standard,True,AG05
U020375,2,6,28.9,1BR,standard,True,AG01
U020376,2,4,26.1,studio,standard,True,AG01
U020377,2,2,21.3,studio,standard,True,AG06
U020378,2,2,26.4,studio,city,False,AG05
U020379,2,4,25.7,studio,standard,True,AG02
U020380,2,3,22.3,studio,city,True,AG04
U020381,2,5,33.7,1BR,standard,True,AG02
U020382,2,5,30.2,1BR,standard,True,AG03
U020383,2,4,23.5,studio,city,True,AG05
U020384,2,4,25.1,studio,standard,True,AG06
U020385,2,5,31.8,1BR,standard,True,AG05
U020386,2,2,28.9,1BR,standard,True,AG04
U020387,2,3,25.0,studio,standard,False,AG02
U020388,2,8,23.8,studio,standard,True,AG04
U020389,2,7,24.4,studio,standard,False,AG06
U020390,2,4,25.2,studio,standard,True,AG01
U020391,2,4,25.7,studio,pool,True,AG02
U020392,2,4,21.0,studio,city,True,AG06
U020393,2,1,24.8,studio,city,False,AG05
U020394,2,1,42.8,1BR Plus,standard,True,AG02
U020395,2,3,21.4,studio,standard,True,AG03
U020396,2,2,31.6,1BR,standard,True,AG02
U020397,2,5,22.5,studio,standard,True,AG01
U020398,2,6,22.1,studio,standard,True,AG04
U020399,2,8,31.6,1BR,pool,False,AG03
U020400,2,8,21.3,studio,city,True,AG01
U020401,2,7,32.3,1BR,standard,True,AG06
U020402,2,1,22.8,studio,standard,False,AG01
U020403,2,3,26.8,studio,standard,True,AG01
U020404,2,4,28.4,1BR,standard,True,AG05
U020405,2,1,40.5,1BR Plus,standard,True,AG06
U020406,2,3,26.4,studio,standard,False,AG06
U020407,2,6,33.8,1BR,city,True,AG04
U020408,2,5,25.8,studio,standard,True,AG03
U020409,2,3,20.7,studio,standard,True,AG05
U020410,2,1,45.9,1BR Plus,city,True,AG04
U020411,2,7,30.4,1BR,standard,True,AG04
U020412,2,2,21.0,studio,pool,True,AG03
U020413,2,7,30.4,1BR,standard,False,AG06
U020414,2,2,28.3,1BR,standard,True,AG05
U020415,2,5,25.9,studio,standard,True,AG03
U020416,2,2,25.2,studio,city,True,AG02
U020417,2,6,30.4,1BR,standard,True,AG06
U020418,2,3,30.6,1BR,standard,False,AG06
U020419,2,3,34.7,1BR,standard,True,AG05
U020420,2,3,25.2,studio,standard,False,AG03
U020421,2,8,23.8,studio,standard,True,AG03
U020422,2,5,34.5,1BR,standard,True,AG04
U020423,2,6,33.4,1BR,standard,True,AG02
U020424,2,4,25.8,studio,pool,False,AG05
U020425,2,4,25.5,studio,city,True,AG02
U020426,2,5,22.5,studio,city,True,AG04
U020427,2,4,22.7,studio,city,False,AG04
U020428,2,5,25.0,studio,pool,True,AG04
U020429,2,8,23.1,studio,standard,True,AG01
U020430,2,6,26.2,studio,standard,True,AG05
U020431,2,2,24.4,studio,pool,False,AG03
U020432,2,3,32.6,1BR,standard,True,AG02
U020433,2,4,22.4,studio,standard,True,AG03
U020434,2,5,26.4,studio,standard,True,AG02
U020435,2,2,29.3,1BR,pool,False,AG05
U020436,2,6,24.0,studio,pool,True,AG06
U020437,2,8,25.2,studio,standard,True,AG04
U020438,2,8,25.1,studio,standard,False,AG02
U020439,2,7,25.6,studio,standard,False,AG03
U020440,2,4,34.5,1BR,city,True,AG01
U020441,2,7,31.5,1BR,standard,True,AG05
U020442,2,2,34.7,1BR,city,True,AG02
U020443,2,2,20.7,studio,standard,False,AG03
U020444,2,6,42.5,1BR Plus,pool,True,AG06
U020445,2,3,26.7,studio,city,True,AG06
U020446,2,2,22.8,studio,standard,True,AG04
U020447,2,6,29.4,1BR,pool,False,AG03
U020448,2,3,33.4,1BR,standard,True,AG05
U020449,2,8,27.0,1BR,pool,True,AG03
U020450,2,8,32.8,1BR,standard,True,AG03
U020451,2,6,22.0,studio,city,False,AG06
U020452,2,4,23.2,studio,city,True,AG03
U020453,2,3,26.6,studio,pool,False,AG06
U020454,2,6,25.3,studio,city,True,AG01
U020455,2,7,28.4,1BR,pool,True,AG01
U020456,2,4,22.4,studio,standard,False,AG02
U020457,2,1,34.2,1BR,standard,True,AG03
U020458,2,4,31.1,1BR,standard,True,AG06
U020459,2,6,26.1,studio,city,True,AG01
U020460,2,2,25.5,studio,standard,True,AG05
U020461,2,6,27.7,1BR,standard,True,AG01
U020462,2,4,30.5,1BR,standard,True,AG05
U020463,2,7,21.1,studio,standard,True,AG01
U020464,2,1,28.5,1BR,standard,False,AG02
U020465,2,2,28.6,1BR,standard,True,AG03
U020466,2,5,26.0,studio,standard,True,AG03
U020467,2,3,22.6,studio,standard,False,AG01
U020468,2,8,30.7,1BR,city,False,AG06
U020469,2,8,21.0,studio,standard,False,AG04
U020470,2,5,40.1,1BR Plus,city,True,AG02
U020471,2,3,24.6,studio,city,True,AG02
U020472,2,1,32.0,1BR,standard,True,AG03
U020473,2,4,21.8,studio,city,True,AG01
U020474,2,8,21.2,studio,pool,True,AG04
U020475,2,6,26.8,studio,standard,True,AG02
U020476,2,1,29.3,1BR,standard,True,AG06
U020477,2,1,25.3,studio,standard,False,AG01
U020478,2,7,47.1,1BR Plus,city,True,AG04
U020479,2,1,21.0,studio,standard,True,AG06
U020480,2,7,25.8,studio,standard,True,AG05
U020481,2,6,21.5,studio,city,True,AG01
U020482,2,5,23.2,studio,pool,True,AG03
U020483,2,6,44.2,1BR Plus,standard,False,AG05
U020484,2,4,30.1,1BR,standard,False,AG02
U020485,2,2,23.0,studio,standard,True,AG01
U020486,2,7,30.8,1BR,city,True,AG06
U020487,2,5,32.5,1BR,standard,False,AG05
U020488,2,5,25.9,studio,standard,True,AG06
U020489,2,1,20.9,studio,standard,True,AG01
U020490,2,5,26.2,studio,city,True,AG05
U020491,2,2,27.3,1BR,city,True,AG04
U020492,2,8,24.6,studio,standard,True,AG01
U020493,2,5,32.2,1BR,standard,True,AG03
U020494,2,6,22.3,studio,standard,True,AG01
U020495,2,7,25.8,studio,standard,False,AG03
U020496,2,1,30.2,1BR,city,True,AG05
U020497,2,8,22.1,studio,pool,True,AG06
U020498,2,2,23.9,studio,standard,True,AG03
U020499,2,2,23.4,studio,standard,False,AG05
U020500,2,1,24.3,studio,standard,False,AG04
U020501,2,2,40.4,1BR Plus,city,True,AG01
U020502,2,2,20.7,studio,standard,False,AG04
U020503,2,3,27.9,1BR,city,True,AG05
U020504,2,4,25.2,studio,standard,True,AG06
U020505,2,7,30.3,1BR,standard,True,AG02
U020506,2,6,26.8,studio,standard,True,AG02
U020507,2,6,25.1,studio,standard,True,AG06
U020508,2,1,26.7,studio,pool,True,AG04
U020509,2,3,21.2,studio,standard,True,AG04
U020510,2,2,34.7,1BR,city,True,AG05
U020511,2,2,21.7,studio,standard,True,AG02
U020512,2,3,21.0,studio,pool,True,AG01
U020513,2,6,26.3,studio,pool,True,AG06
U020514,2,7,22.2,studio,standard,True,AG05
U020515,2,7,33.3,1BR,standard,True,AG06
U020516,2,4,26.1,studio,standard,True,AG06
U020517,2,8,42.0,1BR Plus,pool,True,AG05
U020518,2,1,33.5,1BR,standard,True,AG06
U020519,2,7,22.9,studio,standard,False,AG04
U020520,2,8,34.0,1BR,standard,True,AG05
U020521,2,7,34.5,1BR,standard,True,AG03
U020522,2,3,21.3,studio,standard,True,AG05
U020523,2,1,24.5,studio,standard,True,AG03
U020524,2,2,24.4,studio,pool,False,AG06
U020525,2,4,20.7,studio,standard,True,AG04
U020526,2,1,22.7,studio,city,False,AG05
U020527,2,3,35.0,1BR,standard,True,AG03
U020528,2,3,20.7,studio,pool,False,AG03
U020529,2,2,20.9,studio,city,False,AG03
U020530,2,1,26.0,studio,standard,True,AG03
U020531,2,5,22.4,studio,standard,True,AG03
U020532,2,1,25.2,studio,city,True,AG02
U020533,2,8,23.1,studio,pool,True,AG02
U020534,2,8,27.6,1BR,pool,True,AG01
U020535,2,5,24.7,studio,standard,True,AG04
U020536,2,5,29.4,1BR,standard,False,AG03
U020537,2,1,33.1,1BR,standard,True,AG01
U020538,2,2,32.0,1BR,standard,True,AG03
U020539,2,5,25.2,studio,standard,True,AG06
U020540,2,4,21.8,studio,city,False,AG05
U020541,2,4,30.1,1BR,standard,True,AG06
U020542,2,3,24.4,studio,standard,True,AG01
U020543,2,1,28.9,1BR,standard,True,AG02
U020544,2,4,25.4,studio,standard,True,AG06
U020545,2,1,46.3,1BR Plus,city,False,AG05
U020546,2,7,21.6,studio,standard,True,AG04
U020547,2,4,22.8,studio,pool,True,AG01
U020548,2,3,44.9,1BR Plus,standard,True,AG01
U020549,2,4,26.3,studio,city,True,AG03
U020550,2,3,26.2,studio,standard,True,AG02
U020551,2,4,24.4,studio,city,True,AG03
U020552,2,7,22.9,studio,city,False,AG02
U020553,2,4,22.9,studio,standard,True,AG03
U020554,2,8,27.5,1BR,standard,True,AG03
U020555,2,8,31.7,1BR,pool,False,AG06
U020556,2,8,22.0,studio,standard,True,AG04
U020557,2,4,24.9,studio,standard,False,AG05
U020558,2,4,29.8,1BR,standard,True,AG05
U020559,2,5,34.8,1BR,standard,True,AG02
U020560,2,6,26.9,studio,city,True,AG03
U020561,2,3,21.8,studio,standard,True,AG05
U020562,2,1,25.0,studio,city,True,AG04
U020563,2,2,22.7,studio,pool,True,AG01
U020564,2,2,31.1,1BR,city,True,AG03
U020565,2,5,25.1,studio,standard,True,AG01
U020566,2,6,21.5,studio,pool,True,AG02
U020567,2,5,34.4,1BR,standard,True,AG06
U020568,2,2,23.6,studio,pool,True,AG05
U020569,2,6,24.8,studio,city,True,AG02
U020570,2,3,24.9,studio,standard,True,AG06
U020571,2,6,26.5,studio,city,True,AG06
U020572,2,2,22.0,studio,city,True,AG02
U020573,2,1,40.1,1BR Plus,pool,True,AG04
U020574,2,1,34.6,1BR,standard,True,AG05
U020575,2,6,27.0,studio,standard,True,AG05
U020576,2,3,22.9,studio,pool,True,AG06
U020577,2,8,46.0,1BR Plus,standard,True,AG05
U020578,2,2,25.0,studio,standard,True,AG03
U020579,2,6,24.6,studio,city,True,AG03
U020580,2,6,24.7,studio,standard,False,AG01
U020581,2,6,32.9,1BR,city,False,AG06
U020582,2,8,35.4,1BR,city,True,AG05
U020583,2,5,25.0,studio,standard,True,AG06
U020584,2,2,32.8,1BR,pool,True,AG03
U020585,2,2,42.8,1BR Plus,city,True,AG03
U020586,2,1,21.1,studio,standard,False,AG02
U020587,2,7,24.0,studio,pool,False,AG01
U020588,2,3,25.3,studio,city,True,AG05
U020589,2,1,31.6,1BR,standard,False,AG03
U020590,2,5,35.3,1BR,standard,False,AG03
U020591,2,5,22.0,studio,city,True,AG02
U020592,2,7,20.7,studio,city,True,AG03
U020593,2,8,34.5,1BR,pool,False,AG04
U020594,2,5,24.5,studio,city,True,AG03
U020595,2,2,31.7,1BR,pool,True,AG03
U020596,2,4,23.5,studio,standard,True,AG06
U020597,2,2,31.1,1BR,standard,False,AG03
U020598,2,8,26.3,studio,standard,True,AG05
U020599,2,8,34.4,1BR,city,True,AG04
U020600,2,5,27.1,1BR,standard,True,AG04
U020601,2,1,26.5,studio,standard,True,AG03
U020602,2,3,32.7,1BR,standard,True,AG02
U020603,2,4,22.8,studio,city,True,AG05
U020604,2,2,29.6,1BR,standard,False,AG03
U020605,2,2,22.3,studio,standard,False,AG06
U020606,2,6,42.3,1BR Plus,city,True,AG01
U020607,2,8,42.5,1BR Plus,standard,True,AG04
U020608,2,8,34.0,1BR,standard,True,AG04
U020609,2,4,27.9,1BR,standard,False,AG01
U020610,2,5,32.7,1BR,standard,True,AG01
U020611,2,4,22.7,studio,city,True,AG06
U020612,2,5,20.6,studio,standard,True,AG06
U020613,2,6,31.7,1BR,city,True,AG06
U020614,2,4,33.5,1BR,standard,True,AG03
U020615,2,3,25.6,studio,city,True,AG05
U020616,2,1,25.3,studio,city,True,AG02
U020617,2,8,27.3,1BR,city,True,AG05
U020618,2,6,39.7,1BR Plus,pool,True,AG01
U020619,2,4,33.7,1BR,standard,True,AG03
U020620,2,5,23.8,studio,standard,True,AG01
U020621,2,5,45.1,1BR Plus,standard,True,AG04
U020622,2,6,27.4,1BR,city,False,AG05
U020623,2,2,45.5,1BR Plus,city,False,AG04
U020624,2,6,21.5,studio,standard,True,AG06
U020625,2,3,43.5,1BR Plus,standard,True,AG06
U020626,2,2,32.2,1BR,standard,True,AG04
U020627,2,4,21.2,studio,standard,False,AG03
U020628,2,8,22.0,studio,standard,False,AG04
U020629,2,5,21.9,studio,standard,False,AG03
U020630,2,6,23.1,studio,standard,True,AG04
U020631,2,8,22.3,studio,standard,True,AG02
U020632,2,8,21.9,studio,standard,True,AG06
U020633,2,8,31.6,1BR,standard,False,AG04
U020634,2,8,26.3,studio,city,True,AG01
U020635,2,3,26.1,studio,standard,True,AG01
U020636,2,7,32.6,1BR,standard,True,AG02
U020637,2,5,31.2,1BR,pool,False,AG02
U020638,2,4,23.3,studio,city,True,AG03
U020639,2,8,29.0,1BR,standard,True,AG05
U020640,2,4,33.1,1BR,city,True,AG01
U020641,2,4,34.7,1BR,standard,True,AG01
U020642,2,8,25.6,studio,standard,True,AG05
U020643,2,3,21.3,studio,standard,False,AG01
U020644,2,5,40.0,1BR Plus,pool,True,AG05
U020645,2,7,22.5,studio,city,False,AG02
U020646,2,2,23.1,studio,standard,True,AG01
U020647,2,4,42.4,1BR Plus,pool,True,AG03
U020648,2,7,32.6,1BR,pool,True,AG06
U020649,2,5,21.1,studio,city,True,AG05
U020650,2,4,43.5,1BR Plus,city,True,AG04
U020651,2,3,23.1,studio,standard,False,AG05
U020652,2,3,22.1,studio,city,False,AG03
U020653,2,5,34.2,1BR,standard,False,AG04
U020654,2,5,36.4,1BR Plus,standard,False,AG03
U020655,2,7,21.3,studio,standard,True,AG04
U020656,2,8,22.2,studio,pool,False,AG04
U020657,2,4,21.3,studio,standard,True,AG05
U020658,2,4,25.2,studio,standard,True,AG06
U020659,2,1,27.2,1BR,standard,True,AG01
U020660,2,1,27.0,1BR,city,False,AG06
U020661,2,7,27.8,1BR,standard,True,AG02
U020662,2,4,24.7,studio,standard,True,AG06
U020663,2,1,23.2,studio,standard,False,AG05
U020664,2,4,33.8,1BR,pool,True,AG06
U020665,2,7,27.9,1BR,city,True,AG03
U020666,2,1,27.9,1BR,standard,True,AG05
U020667,2,6,24.9,studio,city,True,AG05
U020668,2,5,24.3,studio,standard,True,AG04
U020669,2,7,21.1,studio,city,True,AG03
U020670,2,2,23.1,studio,standard,True,AG02
U020671,2,4,31.6,1BR,standard,True,AG05
U020672,2,4,46.6,1BR Plus,standard,True,AG04
U020673,2,3,24.2,studio,city,True,AG05
U020674,2,5,25.2,studio,city,True,AG05
U020675,2,5,26.1,studio,standard,True,AG03
U020676,2,5,21.8,studio,standard,False,AG01
U020677,2,8,24.6,studio,city,True,AG05
U020678,2,7,23.9,studio,standard,True,AG01
U020679,2,5,21.5,studio,city,True,AG04
U020680,2,8,24.1,studio,pool,True,AG01
U020681,2,1,33.4,1BR,standard,True,AG05
U020682,2,5,20.9,studio,pool,False,AG02
U020683,2,6,31.4,1BR,standard,True,AG01
U020684,2,5,24.4,studio,pool,False,AG03
U020685,2,4,25.3,studio,standard,True,AG06
U020686,2,8,21.9,studio,standard,True,AG05
U020687,2,6,21.3,studio,pool,True,AG05
U020688,2,6,21.1,studio,pool,True,AG03
U020689,2,2,31.2,1BR,city,True,AG01
U020690,2,5,24.6,studio,standard,True,AG05
U020691,2,8,26.7,studio,pool,True,AG06
U020692,2,7,27.5,1BR,pool,True,AG02
U020693,2,4,27.7,1BR,city,False,AG05
U020694,2,5,23.9,studio,standard,True,AG03
U020695,2,3,23.2,studio,city,True,AG03
U020696,2,5,25.4,studio,city,True,AG03
U020697,2,5,24.2,studio,pool,True,AG03
U020698,2,2,34.1,1BR,city,True,AG03
U020699,2,6,32.8,1BR,standard,True,AG03
U020700,2,5,39.4,1BR Plus,standard,False,AG02
U020701,2,6,31.7,1BR,standard,True,AG04
U020702,2,3,29.5,1BR,standard,True,AG04
U020703,2,8,25.9,studio,standard,True,AG04
U020704,2,1,33.4,1BR,city,True,AG04
U020705,2,6,21.0,studio,standard,False,AG02
U020706,2,6,32.4,1BR,standard,True,AG02
U020707,2,3,24.0,studio,pool,False,AG01
U020708,2,8,25.1,studio,standard,False,AG01
U020709,2,5,26.4,studio,city,True,AG01
U020710,2,3,21.1,studio,standard,True,AG04
U020711,2,1,28.1,1BR,standard,False,AG02
U020712,2,7,25.6,studio,standard,False,AG04
U020713,2,2,23.1,studio,pool,True,AG02
U020714,2,6,25.4,studio,city,True,AG02
U020715,2,4,30.5,1BR,standard,True,AG06
U020716,2,5,32.8,1BR,standard,True,AG03
U020717,2,2,26.1,studio,city,True,AG05
U020718,2,1,26.3,studio,city,True,AG04
U020719,2,7,33.4,1BR,standard,False,AG02
U020720,2,4,26.4,studio,standard,False,AG02
U020721,2,1,33.2,1BR,standard,True,AG05
U020722,2,6,32.1,1BR,city,True,AG05
U020723,2,7,24.0,studio,standard,True,AG02
U020724,2,2,23.5,studio,city,True,AG03
U020725,2,4,27.2,1BR,standard,True,AG05
U020726,2,8,30.9,1BR,standard,True,AG05
U020727,2,6,39.8,1BR Plus,standard,True,AG02
U020728,2,3,29.8,1BR,city,True,AG05
U020729,2,4,21.2,studio,city,True,AG03
U020730,2,4,25.0,studio,pool,False,AG04
U020731,2,1,22.1,studio,standard,True,AG05
U020732,2,3,40.1,1BR Plus,pool,True,AG01
U020733,2,3,29.4,1BR,standard,True,AG04
U020734,2,1,29.0,1BR,standard,True,AG05
U020735,2,2,28.0,1BR,city,True,AG04
U020736,2,3,24.2,studio,standard,True,AG06
U020737,2,3,23.3,studio,standard,False,AG06
U020738,2,2,34.6,1BR,standard,False,AG02
U020739,2,4,23.8,studio,standard,True,AG02
U020740,2,1,24.5,studio,city,False,AG01
U020741,2,8,45.7,1BR Plus,city,True,AG04
U020742,2,4,23.4,studio,standard,True,AG03
U020743,2,7,21.1,studio,standard,False,AG02
U020744,2,6,35.2,1BR,standard,True,AG02
U020745,2,5,24.4,studio,standard,False,AG06
U020746,2,3,21.7,studio,standard,False,AG04
U020747,2,7,34.2,1BR,city,True,AG06
U020748,2,4,26.3,studio,standard,True,AG02
U020749,2,3,21.2,studio,city,True,AG06
U020750,2,3,24.4,studio,standard,True,AG05
U020751,2,6,26.6,studio,standard,True,AG03
U020752,2,2,23.7,studio,city,True,AG03
U020753,2,7,21.2,studio,pool,True,AG05
U020754,2,7,24.6,studio,standard,True,AG06
U020755,2,6,31.8,1BR,standard,True,AG05
U020756,2,7,21.7,studio,pool,True,AG06
U020757,2,2,26.8,studio,standard,True,AG04
U020758,2,6,25.6,studio,standard,True,AG03
U020759,2,5,33.1,1BR,city,True,AG04
U020760,2,3,38.6,1BR Plus,city,True,AG02
U020761,2,1,26.6,studio,standard,True,AG05
U020762,2,7,35.8,1BR Plus,standard,True,AG02
U020763,2,8,35.2,1BR,standard,True,AG05
U020764,2,3,25.7,studio,city,True,AG06
U020765,2,7,26.0,studio,standard,True,AG06
U020766,2,5,21.2,studio,city,True,AG05
U020767,2,7,21.4,studio,standard,True,AG05
U020768,2,8,32.2,1BR,standard,False,AG02
U020769,2,4,29.3,1BR,city,True,AG01
U020770,2,4,32.9,1BR,city,False,AG06
U020771,2,1,27.6,1BR,pool,False,AG06
U020772,2,3,21.7,studio,standard,True,AG01
U020773,2,7,26.2,studio,standard,True,AG02
U020774,2,1,34.4,1BR,standard,True,AG06
U020775,2,4,21.7,studio,standard,False,AG01
U020776,2,4,21.8,studio,standard,True,AG05
U020777,2,4,27.1,1BR,city,True,AG02
U020778,2,1,35.5,1BR,city,True,AG04
U020779,2,4,22.4,studio,city,False,AG04
U020780,2,5,28.3,1BR,standard,True,AG02
U020781,2,5,31.4,1BR,standard,True,AG06
U020782,2,8,39.9,1BR Plus,pool,True,AG03
U020783,2,8,26.3,studio,standard,True,AG01
U020784,2,3,26.9,studio,city,True,AG04
U020785,2,8,24.6,studio,standard,True,AG01
U020786,2,6,24.0,studio,pool,True,AG03
U020787,2,1,23.4,studio,standard,True,AG03
U020788,2,3,32.5,1BR,standard,False,AG06
U020789,2,3,25.7,studio,pool,True,AG03
U020790,2,2,23.3,studio,city,True,AG04
U020791,2,1,36.3,1BR Plus,standard,True,AG02
U020792,2,8,46.7,1BR Plus,city,False,AG05
U020793,2,6,38.4,1BR Plus,standard,False,AG06
U020794,2,3,24.9,studio,standard,True,AG06
U020795,2,1,31.5,1BR,city,True,AG05
U020796,2,3,38.4,1BR Plus,standard,True,AG03
U020797,2,6,25.0,studio,standard,True,AG03
U020798,2,8,26.7,studio,pool,False,AG04
U020799,2,2,27.3,1BR,city,True,AG06
U020800,2,7,22.4,studio,standard,True,AG01
U020801,2,1,22.8,studio,standard,True,AG06
U020802,2,4,31.8,1BR,city,True,AG03
U020803,2,1,22.2,studio,city,False,AG04
U020804,2,6,25.1,studio,city,True,AG05
U020805,2,3,26.1,studio,city,False,AG01
U020806,2,6,31.6,1BR,city,True,AG06
U020807,2,7,23.0,studio,standard,True,AG05
U020808,2,6,21.5,studio,standard,True,AG05
U020809,2,5,25.3,studio,standard,True,AG06
U020810,2,3,24.0,studio,city,True,AG01
U020811,2,4,34.7,1BR,city,False,AG06
U020812,2,4,34.6,1BR,pool,False,AG05
U020813,2,5,28.8,1BR,city,True,AG02
U020814,2,2,41.7,1BR Plus,standard,True,AG04
U020815,2,1,28.4,1BR,city,True,AG06
U020816,2,7,35.2,1BR,pool,True,AG06
U020817,2,6,46.9,1BR Plus,pool,True,AG04
U020818,2,5,28.7,1BR,city,True,AG05
U020819,2,7,25.1,studio,city,True,AG01
U020820,2,1,25.1,studio,standard,True,AG06
U020821,2,6,21.6,studio,pool,True,AG03
U020822,2,3,23.2,studio,city,True,AG01
U020823,2,4,26.0,studio,standard,True,AG06
U020824,2,7,30.8,1BR,city,True,AG05
U020825,2,4,21.8,studio,city,True,AG04
U020826,2,8,32.4,1BR,standard,True,AG06
U020827,2,3,30.0,1BR,standard,False,AG02
U020828,2,7,26.2,studio,standard,True,AG04
U020829,2,8,33.2,1BR,standard,True,AG02
U020830,2,4,27.8,1BR,pool,False,AG04
U020831,2,6,21.4,studio,pool,True,AG04
U020832,2,3,25.8,studio,standard,True,AG05
U020833,2,4,22.5,studio,standard,True,AG01
U020834,2,5,35.2,1BR,pool,True,AG03
U020835,2,3,25.5,studio,city,True,AG06
U020836,2,8,22.7,studio,standard,True,AG03
U020837,2,8,24.7,studio,standard,True,AG05
U020838,2,3,22.4,studio,city,True,AG05
U020839,2,4,21.5,studio,standard,False,AG06
U020840,2,1,22.4,studio,city,True,AG05
U020841,2,6,23.3,studio,standard,True,AG03
U020842,2,1,34.7,1BR,standard,False,AG05
U020843,2,4,28.3,1BR,standard,False,AG01
U020844,2,1,25.8,studio,pool,True,AG05
U020845,2,6,26.5,studio,standard,True,AG05
U020846,2,2,26.8,studio,standard,True,AG02
U020847,2,2,40.0,1BR Plus,standard,True,AG06
U020848,2,6,24.9,studio,standard,False,AG03
U020849,2,2,25.6,studio,city,True,AG02
U020850,2,1,25.6,studio,pool,False,AG03
U020851,2,5,34.9,1BR,standard,False,AG02
U020852,2,2,21.1,studio,standard,True,AG03
U020853,2,2,22.1,studio,city,True,AG01
U020854,2,7,20.8,studio,standard,True,AG04
U020855,2,3,32.4,1BR,standard,True,AG05
U020856,2,2,24.8,studio,standard,True,AG03
U020857,2,5,35.1,1BR,city,True,AG05
U020858,2,7,44.8,1BR Plus,city,True,AG01
U020859,2,5,43.6,1BR Plus,city,True,AG06
U020860,2,4,26.9,studio,standard,False,AG05
U020861,2,6,29.2,1BR,city,True,AG03
U020862,2,4,30.8,1BR,standard,True,AG04
U020863,2,7,23.3,studio,city,False,AG02
U020864,2,5,22.9,studio,standard,True,AG03
U020865,2,5,21.4,studio,city,True,AG06
U020866,2,6,21.4,studio,city,True,AG05
U020867,2,7,38.8,1BR Plus,pool,True,AG01
U020868,2,2,24.8,studio,standard,False,AG03
U020869,2,5,26.6,studio,standard,False,AG04
U020870,2,1,24.6,studio,pool,True,AG06
U020871,2,7,31.9,1BR,pool,False,AG02
U020872,2,1,26.1,studio,standard,False,AG05
U020873,2,1,25.6,studio,city,True,AG05
U020874,2,5,34.7,1BR,pool,True,AG04
U020875,2,8,26.1,studio,standard,True,AG03
U020876,2,1,21.2,studio,standard,True,AG05
U020877,2,5,26.9,studio,pool,False,AG06
U020878,2,5,37.7,1BR Plus,standard,True,AG01
U020879,2,1,22.5,studio,standard,False,AG05
U020880,2,3,31.1,1BR,standard,True,AG02
U020881,2,4,21.3,studio,pool,True,AG04
U020882,2,7,25.1,studio,city,True,AG04
U020883,2,1,39.2,1BR Plus,standard,True,AG03
U020884,2,8,34.9,1BR,standard,True,AG03
U020885,2,3,29.2,1BR,city,True,AG04
U020886,2,5,31.7,1BR,pool,True,AG01
U020887,2,7,35.5,1BR,standard,True,AG06
U020888,2,6,25.0,studio,standard,True,AG03
U020889,2,3,22.6,studio,pool,True,AG01
U020890,2,1,34.0,1BR,city,True,AG03
U020891,2,6,22.7,studio,pool,False,AG03
U020892,2,2,20.7,studio,city,True,AG01
U020893,2,3,23.2,studio,standard,True,AG03
U020894,2,7,21.2,studio,standard,True,AG06
U020895,2,5,28.8,1BR,standard,True,AG01
U020896,2,3,32.4,1BR,standard,False,AG02
U020897,2,8,20.9,studio,standard,True,AG03
U020898,2,6,33.0,1BR,standard,True,AG03
U020899,2,4,27.2,1BR,city,True,AG04
U020900,2,3,23.6,studio,city,False,AG02
U020901,2,7,23.4,studio,city,True,AG06
U020902,2,8,35.5,1BR,city,True,AG05
U020903,2,6,23.9,studio,standard,True,AG05
U020904,2,6,21.3,studio,standard,True,AG01
U020905,2,4,25.8,studio,standard,False,AG05
U020906,2,2,21.1,studio,standard,True,AG03
U020907,2,3,21.2,studio,standard,True,AG03
U020908,2,5,20.7,studio,standard,True,AG01
U020909,2,7,26.1,studio,standard,True,AG02
U020910,2,2,32.8,1BR,city,True,AG02
U020911,2,6,25.9,studio,standard,True,AG02
U020912,2,2,33.4,1BR,standard,True,AG03
U020913,2,3,31.4,1BR,standard,True,AG01
U020914,2,4,31.2,1BR,city,True,AG06
U020915,2,7,26.4,studio,standard,True,AG01
U020916,2,4,29.0,1BR,standard,True,AG03
U020917,2,5,32.0,1BR,city,True,AG05
U020918,2,3,26.5,studio,pool,False,AG03
U020919,2,3,34.0,1BR,standard,False,AG05
U020920,2,2,27.0,1BR,standard,True,AG04
U020921,2,4,23.4,studio,standard,True,AG02
U020922,2,2,21.5,studio,standard,True,AG05
U020923,2,4,25.8,studio,standard,True,AG01
U020924,2,4,23.5,studio,standard,True,AG05
U020925,2,4,21.0,studio,city,True,AG01
U020926,2,1,26.8,studio,city,True,AG05
U020927,2,7,23.2,studio,standard,True,AG02
U020928,2,3,31.6,1BR,city,True,AG04
U020929,2,3,24.9,studio,standard,True,AG03
U020930,2,1,28.0,1BR,standard,True,AG06
U020931,2,3,39.4,1BR Plus,city,True,AG03
U020932,2,7,22.0,studio,standard,True,AG04
U020933,2,5,23.8,studio,city,True,AG02
U020934,2,2,38.1,1BR Plus,standard,True,AG06
U020935,2,6,32.1,1BR,standard,False,AG03
U020936,2,1,43.3,1BR Plus,city,False,AG01
U020937,2,5,25.6,studio,city,True,AG05
U020938,2,8,21.8,studio,city,False,AG01
U020939,2,3,27.3,1BR,pool,True,AG02
U020940,2,3,21.3,studio,pool,True,AG04
U020941,2,1,26.3,studio,standard,False,AG05
U020942,2,8,27.6,1BR,standard,True,AG02
U020943,2,6,21.2,studio,standard,True,AG01
U020944,2,5,30.0,1BR,city,True,AG05
U020945,2,1,35.1,1BR,city,True,AG03
U020946,2,2,22.5,studio,standard,True,AG01
U020947,2,3,22.3,studio,city,False,AG04
U020948,2,6,28.1,1BR,standard,True,AG06
U020949,2,2,20.7,studio,standard,False,AG02
U020950,2,3,31.1,1BR,standard,True,AG06
U020951,2,5,26.6,studio,standard,True,AG06
U020952,2,1,22.4,studio,standard,True,AG05
U020953,2,4,30.4,1BR,standard,True,AG01
U020954,2,8,26.7,studio,pool,False,AG06
U020955,2,7,22.6,studio,pool,False,AG05
U020956,2,7,44.0,1BR Plus,standard,True,AG03
U020957,2,3,28.9,1BR,standard,True,AG04
U020958,2,7,26.5,studio,city,True,AG06
U020959,2,4,23.1,studio,standard,True,AG03
U020960,2,3,33.9,1BR,standard,True,AG03
U020961,2,1,22.1,studio,city,True,AG05
U020962,2,7,34.2,1BR,pool,True,AG05
U020963,2,8,28.9,1BR,standard,True,AG02
U020964,2,7,26.0,studio,standard,True,AG05
U020965,2,2,33.8,1BR,standard,True,AG01
U020966,2,7,22.2,studio,standard,False,AG06
U020967,2,3,33.2,1BR,standard,True,AG03
U020968,2,4,20.7,studio,pool,True,AG02
U020969,2,4,29.6,1BR,pool,False,AG04
U020970,2,5,21.4,studio,standard,True,AG05
U020971,2,7,24.3,studio,city,True,AG03
U020972,2,2,40.8,1BR Plus,standard,True,AG01
U020973,2,2,29.1,1BR,standard,True,AG01
U020974,2,3,31.1,1BR,city,True,AG06
U020975,2,8,25.8,studio,standard,True,AG01
U020976,2,1,24.2,studio,city,True,AG01
U020977,2,5,33.9,1BR,pool,True,AG05
U020978,2,8,24.2,studio,standard,True,AG03
U020979,2,4,28.7,1BR,city,True,AG04
U020980,2,1,26.3,studio,city,False,AG04
U020981,2,7,22.8,studio,city,False,AG03
U020982,2,5,30.0,1BR,standard,True,AG02
U020983,2,6,24.6,studio,city,True,AG02
U020984,2,2,27.5,1BR,standard,True,AG03
U020985,2,2,22.3,studio,standard,True,AG04
U020986,2,2,25.9,studio,standard,True,AG03
U020987,2,5,23.1,studio,standard,True,AG06
U020988,2,6,23.7,studio,standard,True,AG03
U020989,2,6,35.0,1BR,city,True,AG03
U020990,2,4,25.5,studio,standard,True,AG06
U020991,2,6,27.1,1BR,standard,True,AG02
U020992,2,8,25.0,studio,standard,True,AG04
U020993,2,1,25.6,studio,standard,True,AG04
U020994,2,5,26.3,studio,standard,False,AG05
U020995,2,8,22.4,studio,standard,True,AG02
U020996,2,5,24.4,studio,standard,True,AG06
U020997,2,5,24.3,studio,city,True,AG05
U020998,2,6,32.2,1BR,city,True,AG04
U020999,2,8,41.2,1BR Plus,standard,False,AG05
U021000,2,8,27.2,1BR,standard,False,AG02
U021001,2,1,23.7,studio,standard,False,AG05
U021002,2,3,27.2,1BR,standard,True,AG04
U021003,2,1,22.2,studio,standard,True,AG01
U021004,2,3,25.3,studio,standard,True,AG06
U021005,2,3,22.9,studio,standard,False,AG02
U021006,2,2,37.1,1BR Plus,standard,True,AG02
U021007,2,5,23.6,studio,pool,True,AG01
U021008,2,6,22.9,studio,standard,True,AG01
U021009,2,3,23.0,studio,standard,True,AG02
U021010,2,4,26.9,studio,standard,True,AG01
U021011,2,1,45.2,1BR Plus,pool,False,AG06
U021012,2,2,37.2,1BR Plus,standard,True,AG01
U021013,2,2,34.9,1BR,standard,True,AG05
U021014,2,6,25.9,studio,city,True,AG01
U021015,2,7,35.1,1BR,pool,True,AG05
U021016,2,8,41.9,1BR Plus,standard,True,AG02
U021017,2,5,25.9,studio,city,True,AG01
U021018,2,2,27.1,1BR,standard,True,AG04
U021019,2,3,25.0,studio,city,False,AG06
U021020,2,4,25.0,studio,standard,True,AG05
U021021,2,4,31.7,1BR,standard,True,AG03
U021022,2,4,23.1,studio,standard,False,AG01
U021023,2,8,24.1,studio,standard,True,AG06
U021024,2,3,21.8,studio,standard,True,AG05
U021025,2,7,27.0,studio,city,True,AG03
U021026,2,7,21.9,studio,standard,True,AG05
U021027,2,1,33.5,1BR,standard,True,AG04
U021028,2,6,26.4,studio,pool,False,AG02
U021029,2,5,24.9,studio,city,True,AG02
U021030,2,5,34.1,1BR,standard,True,AG05
U021031,2,6,21.7,studio,pool,True,AG04
U021032,2,2,29.5,1BR,standard,True,AG04
U021033,2,7,25.0,studio,city,True,AG04
U021034,2,6,28.3,1BR,standard,False,AG05
U021035,2,8,32.5,1BR,standard,True,AG02
U021036,2,5,23.2,studio,pool,True,AG04
U021037,2,8,28.9,1BR,city,False,AG06
U021038,2,5,22.4,studio,standard,False,AG04
U021039,2,1,39.7,1BR Plus,standard,True,AG04
U021040,2,3,31.8,1BR,standard,False,AG06
U021041,2,5,23.8,studio,standard,True,AG05
U021042,2,1,20.6,studio,city,True,AG04
U021043,2,7,25.1,studio,standard,True,AG06
U021044,2,2,27.8,1BR,standard,False,AG04
U021045,2,2,39.9,1BR Plus,standard,True,AG04
U021046,2,8,25.9,studio,pool,True,AG02
U021047,2,7,22.3,studio,standard,True,AG01
U021048,2,6,21.9,studio,standard,True,AG04
U021049,2,7,24.2,studio,standard,True,AG01
U021050,2,2,22.9,studio,pool,True,AG06
U021051,2,4,33.3,1BR,standard,True,AG04
U021052,2,7,34.8,1BR,pool,False,AG06
U021053,2,8,26.7,studio,standard,True,AG04
U021054,2,5,22.9,studio,standard,True,AG04
U021055,2,7,41.6,1BR Plus,standard,True,AG05
U021056,2,2,41.9,1BR Plus,standard,True,AG04
U021057,2,6,20.8,studio,city,True,AG01
U021058,2,6,26.9,studio,pool,True,AG03
U021059,2,6,33.2,1BR,standard,False,AG03
U021060,2,7,30.6,1BR,standard,True,AG06
U021061,2,4,33.8,1BR,standard,True,AG05
U021062,2,7,23.5,studio,standard,True,AG02
U021063,2,5,24.0,studio,city,True,AG02
U021064,2,5,26.3,studio,standard,True,AG01
U021065,2,6,33.8,1BR,standard,True,AG06
U021066,2,4,26.3,studio,pool,True,AG05
U021067,2,4,31.4,1BR,pool,True,AG06
U021068,2,2,33.6,1BR,pool,False,AG01
U021069,2,8,35.3,1BR,standard,True,AG02
U021070,2,1,33.4,1BR,standard,True,AG02
U021071,2,5,23.9,studio,city,True,AG05
U021072,2,5,27.5,1BR,standard,False,AG05
U030000,3,7,22.1,studio,standard,True,AG06
U030001,3,1,22.8,studio,pool,True,AG02
U030002,3,5,20.7,studio,standard,True,AG04
U030003,3,1,25.3,studio,standard,True,AG03
U030004,3,5,33.2,1BR,standard,False,AG06
U030005,3,7,27.3,1BR,city,True,AG02
U030006,3,2,28.8,1BR,pool,True,AG05
U030007,3,7,35.1,1BR,standard,True,AG03
U030008,3,5,30.7,1BR,standard,False,AG04
U030009,3,7,22.8,studio,pool,True,AG05
U030010,3,7,25.5,studio,city,True,AG05
U030011,3,2,23.7,studio,standard,True,AG02
U030012,3,2,45.9,1BR Plus,city,True,AG02
U030013,3,6,21.4,studio,city,False,AG03
U030014,3,5,23.0,studio,standard,True,AG02
U030015,3,3,22.8,studio,standard,True,AG02
U030016,3,6,23.2,studio,pool,False,AG03
U030017,3,2,23.5,studio,pool,True,AG04
U030018,3,4,23.3,studio,standard,True,AG02
U030019,3,6,26.7,studio,standard,True,AG06
U030020,3,8,25.7,studio,standard,True,AG05
U030021,3,8,24.6,studio,standard,True,AG06
U030022,3,2,26.3,studio,standard,False,AG06
U030023,3,6,22.4,studio,standard,False,AG03
U030024,3,7,31.6,1BR,standard,True,AG03
U030025,3,8,29.1,1BR,standard,True,AG06
U030026,3,5,32.2,1BR,city,False,AG04
U030027,3,5,32.9,1BR,standard,True,AG04
U030028,3,8,29.0,1BR,pool,True,AG04
U030029,3,6,32.3,1BR,standard,True,AG03
U030030,3,7,27.6,1BR,pool,True,AG04
U030031,3,2,27.5,1BR,standard,False,AG03
U030032,3,2,21.0,studio,pool,False,AG06
U030033,3,1,29.2,1BR,standard,False,AG05
U030034,3,6,24.4,studio,city,False,AG01
U030035,3,5,25.0,studio,standard,True,AG04
U030036,3,4,23.9,studio,standard,True,AG03
U030037,3,4,25.3,studio,standard,True,AG02
U030038,3,4,34.6,1BR,pool,False,AG03
U030039,3,7,34.4,1BR,standard,False,AG03
U030040,3,2,24.7,studio,standard,False,AG04
U030041,3,2,25.8,studio,standard,False,AG05
U030042,3,1,32.5,1BR,standard,True,AG03
U030043,3,4,22.0,studio,standard,True,AG01
U030044,3,8,27.6,1BR,pool,True,AG03
U030045,3,5,20.9,studio,standard,True,AG06
U030046,3,2,28.5,1BR,standard,True,AG01
U030047,3,5,24.2,studio,city,True,AG02
U030048,3,2,26.4,studio,standard,True,AG06
U030049,3,6,21.0,studio,standard,True,AG05
U030050,3,6,34.6,1BR,standard,True,AG01
U030051,3,6,43.4,1BR Plus,standard,True,AG06
U030052,3,5,24.0,studio,city,True,AG02
U030053,3,5,22.6,studio,standard,True,AG05
U030054,3,8,28.2,1BR,pool,True,AG02
U030055,3,2,25.8,studio,city,True,AG04
U030056,3,8,22.8,studio,standard,False,AG04
U030057,3,7,21.6,studio,standard,True,AG05
U030058,3,5,23.1,studio,standard,True,AG06
U030059,3,6,21.8,studio,standard,True,AG03
U030060,3,1,31.4,1BR,standard,True,AG06
U030061,3,6,41.1,1BR Plus,standard,True,AG01
U030062,3,7,27.7,1BR,standard,True,AG05
U030063,3,2,34.9,1BR,pool,True,AG04
U030064,3,8,40.5,1BR Plus,city,False,AG01
U030065,3,5,29.8,1BR,city,True,AG02
U030066,3,5,33.7,1BR,standard,True,AG01
U030067,3,2,22.8,studio,standard,True,AG05
U030068,3,2,26.0,studio,standard,False,AG06
U030069,3,6,25.2,studio,pool,True,AG06
U030070,3,8,22.5,studio,standard,True,AG05
U030071,3,3,23.6,studio,pool,True,AG01
U030072,3,4,32.3,1BR,standard,True,AG06
U030073,3,5,21.7,studio,city,True,AG06
U030074,3,1,20.6,studio,pool,False,AG01
U030075,3,7,27.5,1BR,standard,False,AG03
U030076,3,7,22.2,studio,pool,True,AG05
U030077,3,2,31.9,1BR,standard,True,AG06
U030078,3,4,23.3,studio,city,True,AG04
U030079,3,1,24.0,studio,standard,False,AG04
U030080,3,4,21.4,studio,standard,True,AG04
U030081,3,6,33.5,1BR,standard,False,AG05
U030082,3,3,24.9,studio,standard,True,AG03
U030083,3,3,26.9,studio,standard,False,AG03
U030084,3,4,22.1,studio,pool,True,AG01
U030085,3,6,29.8,1BR,standard,True,AG03
U030086,3,7,28.2,1BR,city,True,AG04
U030087,3,5,22.7,studio,standard,False,AG01
U030088,3,7,21.1,studio,city,True,AG02
U030089,3,1,24.8,studio,pool,True,AG04
U030090,3,5,33.4,1BR,standard,True,AG03
U030091,3,2,33.6,1BR,standard,True,AG01
U030092,3,2,28.5,1BR,standard,True,AG06
U030093,3,8,26.6,studio,standard,True,AG03
U030094,3,5,34.1,1BR,standard,True,AG05
U030095,3,6,25.6,studio,standard,True,AG03
U030096,3,5,32.7,1BR,standard,True,AG02
U030097,3,1,24.5,studio,standard,True,AG04
U030098,3,8,22.0,studio,standard,True,AG04
U030099,3,8,29.4,1BR,standard,True,AG04
U030100,3,2,43.7,1BR Plus,city,True,AG02
U030101,3,6,35.9,1BR Plus,standard,True,AG04
U030102,3,4,36.2,1BR Plus,standard,True,AG01
U030103,3,2,42.5,1BR Plus,city,True,AG06
U030104,3,3,26.9,studio,pool,False,AG03
U030105,3,6,23.4,studio,pool,False,AG04
U030106,3,8,32.2,1BR,pool,True,AG01
U030107,3,8,23.5,studio,city,True,AG03
U030108,3,3,33.8,1BR,standard,True,AG01
U030109,3,7,33.4,1BR,pool,False,AG03
U030110,3,2,39.9,1BR Plus,standard,True,AG03
U030111,3,4,27.9,1BR,standard,True,AG03
U030112,3,1,21.7,studio,standard,True,AG06
U030113,3,4,21.9,studio,standard,False,AG03
U030114,3,5,27.3,1BR,city,False,AG01
U030115,3,6,24.4,studio,standard,True,AG03
U030116,3,5,41.4,1BR Plus,standard,True,AG02
U030117,3,1,26.1,studio,standard,True,AG06
U030118,3,6,25.7,studio,standard,True,AG03
U030119,3,5,27.3,1BR,pool,True,AG02
U030120,3,4,26.5,studio,standard,False,AG04
U030121,3,3,37.5,1BR Plus,city,True,AG01
U030122,3,8,29.7,1BR,pool,False,AG06
U030123,3,2,21.3,studio,city,True,AG03
U030124,3,3,32.3,1BR,standard,False,AG05
U030125,3,5,24.4,studio,standard,False,AG06
U030126,3,2,25.1,studio,standard,False,AG04
U030127,3,1,27.2,1BR,city,True,AG02
U030128,3,5,31.6,1BR,standard,False,AG02
U030129,3,4,27.1,1BR,city,True,AG01
U030130,3,1,23.0,studio,standard,True,AG04
U030131,3,4,30.2,1BR,standard,True,AG06
U030132,3,6,35.0,1BR,standard,True,AG02
U030133,3,1,22.6,studio,standard,True,AG01
U030134,3,4,24.6,studio,standard,True,AG05
U030135,3,5,23.4,studio,standard,True,AG02
U030136,3,6,26.0,studio,standard,False,AG06
U030137,3,4,27.2,1BR,standard,True,AG06
U030138,3,5,26.0,studio,standard,False,AG05
U030139,3,5,23.8,studio,standard,True,AG05
U030140,3,5,30.7,1BR,pool,True,AG05
U030141,3,5,22.1,studio,pool,True,AG05
U030142,3,5,32.5,1BR,standard,False,AG06
U030143,3,7,39.3,1BR Plus,standard,True,AG03
U030144,3,4,26.7,studio,standard,True,AG05
U030145,3,2,27.0,studio,standard,True,AG03
U030146,3,2,23.6,studio,standard,True,AG04
U030147,3,7,22.2,studio,city,True,AG05
U030148,3,6,26.7,studio,standard,True,AG06
U030149,3,5,26.2,studio,standard,True,AG03
U030150,3,3,27.5,1BR,city,True,AG03
U030151,3,7,32.1,1BR,city,True,AG05
U030152,3,3,24.1,studio,standard,False,AG03
U030153,3,1,24.9,studio,standard,True,AG05
U030154,3,8,26.5,studio,pool,True,AG06
U030155,3,1,24.6,studio,standard,True,AG03
U030156,3,4,38.4,1BR Plus,city,True,AG01
U030157,3,3,23.0,studio,standard,False,AG03
U030158,3,5,36.1,1BR Plus,city,True,AG03
U030159,3,3,29.6,1BR,city,True,AG06
U030160,3,4,22.8,studio,standard,False,AG02
U030161,3,2,21.4,studio,standard,True,AG04
U030162,3,1,33.8,1BR,city,False,AG02
U030163,3,2,23.4,studio,standard,True,AG02
U030164,3,6,20.7,studio,standard,False,AG03
U030165,3,4,25.6,studio,standard,True,AG04
U030166,3,2,24.6,studio,pool,False,AG03
U030167,3,7,43.1,1BR Plus,standard,True,AG03
U030168,3,6,25.3,studio,pool,True,AG01
U030169,3,2,22.3,studio,city,True,AG03
U030170,3,5,25.7,studio,city,True,AG05
U030171,3,1,22.6,studio,pool,False,AG01
U030172,3,6,23.8,studio,standard,True,AG01
U030173,3,4,21.8,studio,city,True,AG02
U030174,3,6,23.9,studio,pool,True,AG03
U030175,3,1,30.0,1BR,standard,False,AG05
U030176,3,5,25.8,studio,city,True,AG01
U030177,3,1,21.8,studio,city,True,AG01
U030178,3,1,40.2,1BR Plus,standard,True,AG06
U030179,3,1,32.3,1BR,standard,True,AG01
U030180,3,7,33.5,1BR,city,True,AG03
U030181,3,3,25.9,studio,standard,True,AG01
U030182,3,8,30.2,1BR,city,True,AG01
U030183,3,8,24.3,studio,city,True,AG02
U030184,3,3,25.0,studio,city,True,AG06
U030185,3,2,26.6,studio,standard,True,AG02
U030186,3,3,24.8,studio,standard,True,AG06
U030187,3,2,27.1,1BR,standard,True,AG05
U030188,3,6,26.1,studio,standard,True,AG06
U030189,3,2,28.0,1BR,standard,False,AG02
U030190,3,1,23.5,studio,pool,False,AG06
U030191,3,7,21.9,studio,standard,True,AG06
U030192,3,4,29.7,1BR,standard,False,AG02
U030193,3,6,34.0,1BR,city,False,AG02
U030194,3,2,24.9,studio,standard,True,AG06
U030195,3,3,40.2,1BR Plus,city,True,AG02
U030196,3,8,46.4,1BR Plus,city,False,AG01
U030197,3,5,30.1,1BR,standard,False,AG01
U030198,3,5,22.6,studio,standard,True,AG03
U030199,3,7,35.5,1BR,standard,True,AG03
U030200,3,4,43.3,1BR Plus,standard,True,AG04
U030201,3,2,24.4,studio,standard,False,AG06
U030202,3,5,26.6,studio,pool,False,AG02
U030203,3,1,23.2,studio,standard,True,AG05
U030204,3,8,29.9,1BR,pool,True,AG05
U030205,3,2,33.7,1BR,standard,True,AG02
U030206,3,2,21.5,studio,standard,True,AG06
U030207,3,3,34.6,1BR,city,True,AG02
U030208,3,7,23.0,studio,standard,False,AG04
U030209,3,2,36.6,1BR Plus,city,True,AG01
U030210,3,6,26.8,studio,standard,False,AG05
U030211,3,8,23.6,studio,city,True,AG01
U030212,3,4,44.7,1BR Plus,standard,True,AG01
U030213,3,4,27.1,1BR,standard,False,AG01
U030214,3,6,26.6,studio,standard,False,AG06
U030215,3,3,45.0,1BR Plus,city,True,AG01
U030216,3,3,28.8,1BR,city,True,AG03
U030217,3,2,21.2,studio,city,True,AG05
U030218,3,5,26.1,studio,standard,True,AG04
U030219,3,8,23.0,studio,standard,True,AG05
U030220,3,2,29.9,1BR,standard,True,AG04
U030221,3,5,22.7,studio,standard,False,AG02
U030222,3,6,29.5,1BR,city,False,AG01
U030223,3,8,46.7,1BR Plus,standard,True,AG04
U030224,3,1,22.3,studio,standard,True,AG02
U030225,3,5,31.5,1BR,pool,True,AG04
U030226,3,8,35.1,1BR,standard,True,AG05
U030227,3,1,21.7,studio,standard,True,AG03
U030228,3,8,30.9,1BR,standard,True,AG03
U030229,3,8,21.6,studio,standard,True,AG06
U030230,3,3,27.2,1BR,city,True,AG06
U030231,3,6,23.5,studio,standard,True,AG01
U030232,3,7,24.0,studio,pool,True,AG04
U030233,3,3,24.9,studio,standard,True,AG01
U030234,3,3,28.0,1BR,city,True,AG06
U030235,3,4,23.2,studio,pool,True,AG04
U030236,3,6,25.0,studio,standard,False,AG06
U030237,3,2,26.4,studio,city,False,AG02
U030238,3,1,25.3,studio,standard,True,AG02
U030239,3,7,22.3,studio,standard,True,AG06
U030240,3,7,31.8,1BR,standard,False,AG01
U030241,3,7,27.6,1BR,standard,False,AG01
U030242,3,5,21.6,studio,standard,False,AG03
U030243,3,6,22.3,studio,standard,False,AG01
U030244,3,7,25.8,studio,standard,True,AG05
U030245,3,1,37.5,1BR Plus,city,True,AG06
U030246,3,1,28.5,1BR,pool,True,AG01
U030247,3,2,35.2,1BR,city,True,AG06
U030248,3,5,24.2,studio,standard,True,AG02
U030249,3,4,38.4,1BR Plus,standard,True,AG05
U030250,3,7,25.1,studio,standard,True,AG04
U030251,3,8,23.7,studio,pool,False,AG04
U030252,3,7,24.8,studio,standard,True,AG05
U030253,3,7,24.8,studio,standard,True,AG02
U030254,3,8,29.2,1BR,standard,True,AG01
U030255,3,4,27.9,1BR,standard,True,AG01
U030256,3,8,23.8,studio,city,True,AG05
U030257,3,4,21.1,studio,city,True,AG01
U030258,3,8,39.7,1BR Plus,standard,False,AG05
U030259,3,1,39.2,1BR Plus,standard,True,AG06
U030260,3,8,34.7,1BR,city,False,AG05
U030261,3,8,42.8,1BR Plus,standard,True,AG05
U030262,3,2,24.5,studio,standard,True,AG04
U030263,3,5,31.7,1BR,standard,True,AG06
U030264,3,1,23.1,studio,standard,True,AG06
U030265,3,7,24.5,studio,standard,True,AG03
U030266,3,3,25.4,studio,standard,True,AG02
U030267,3,6,26.1,studio,city,False,AG05
U030268,3,2,25.4,studio,standard,True,AG02
U030269,3,1,28.1,1BR,standard,True,AG01
U030270,3,2,22.5,studio,standard,True,AG06
U030271,3,6,26.1,studio,city,True,AG05
U030272,3,5,25.6,studio,city,True,AG05
U030273,3,7,24.4,studio,pool,True,AG02
U030274,3,8,34.5,1BR,standard,True,AG05
U030275,3,3,34.3,1BR,standard,True,AG01
U030276,3,4,21.3,studio,standard,True,AG03
U030277,3,3,21.5,studio,standard,True,AG05
U030278,3,2,41.1,1BR Plus,pool,True,AG02
U030279,3,7,24.2,studio,standard,False,AG03
U030280,3,3,34.3,1BR,standard,True,AG01
U030281,3,4,24.7,studio,pool,True,AG02
U030282,3,1,21.3,studio,city,False,AG02
U030283,3,5,23.6,studio,pool,True,AG04
U030284,3,8,46.0,1BR Plus,standard,False,AG03
U030285,3,2,28.5,1BR,city,False,AG02
U030286,3,2,25.7,studio,standard,False,AG03
U030287,3,5,24.5,studio,standard,True,AG06
U030288,3,7,27.6,1BR,standard,True,AG03
U030289,3,4,32.9,1BR,standard,True,AG04
U030290,3,2,30.7,1BR,city,True,AG06
U030291,3,2,46.4,1BR Plus,city,True,AG02
U030292,3,1,21.6,studio,standard,True,AG04
U030293,3,8,26.6,studio,standard,True,AG06
U030294,3,3,21.7,studio,standard,True,AG01
U030295,3,7,26.8,studio,standard,False,AG01
U030296,3,4,27.1,1BR,standard,True,AG06
U030297,3,6,23.0,studio,pool,True,AG02
U030298,3,7,40.1,1BR Plus,city,True,AG04
U030299,3,6,25.3,studio,standard,True,AG05
U030300,3,3,34.6,1BR,standard,True,AG01
U030301,3,2,43.9,1BR Plus,standard,True,AG06
U030302,3,4,28.2,1BR,pool,True,AG05
U030303,3,3,24.7,studio,standard,False,AG06
U030304,3,6,24.9,studio,standard,True,AG06
U030305,3,3,25.4,studio,standard,True,AG06
U030306,3,1,26.0,studio,standard,True,AG04
U030307,3,7,21.8,studio,standard,False,AG03
U030308,3,3,29.9,1BR,standard,False,AG01
U030309,3,6,22.3,studio,standard,False,AG02
U030310,3,1,45.0,1BR Plus,standard,True,AG05
U030311,3,2,37.3,1BR Plus,city,True,AG03
U030312,3,1,21.4,studio,standard,False,AG01
U030313,3,2,26.1,studio,city,True,AG02
U030314,3,1,25.0,studio,pool,True,AG01
U030315,3,6,27.5,1BR,city,True,AG05
U030316,3,1,28.7,1BR,city,True,AG04
U030317,3,6,34.5,1BR,standard,True,AG04
U030318,3,2,24.3,studio,standard,True,AG01
U030319,3,3,24.1,studio,standard,True,AG01
U030320,3,4,27.3,1BR,standard,True,AG01
U030321,3,6,30.5,1BR,standard,True,AG02
U030322,3,3,23.7,studio,standard,True,AG04
U030323,3,5,34.1,1BR,standard,True,AG05
U030324,3,8,22.5,studio,pool,True,AG04
U030325,3,1,21.4,studio,standard,True,AG03
U030326,3,7,29.3,1BR,pool,False,AG01
U030327,3,1,24.9,studio,city,False,AG04
U030328,3,4,21.9,studio,standard,True,AG03
U030329,3,7,22.2,studio,standard,True,AG02
U030330,3,6,22.8,studio,standard,True,AG06
U030331,3,6,44.3,1BR Plus,city,False,AG05
U030332,3,8,22.4,studio,city,False,AG04
U030333,3,1,33.0,1BR,pool,True,AG04
U030334,3,2,23.3,studio,standard,True,AG05
U030335,3,7,27.4,1BR,standard,True,AG05
U030336,3,3,22.8,studio,standard,True,AG06
U030337,3,7,46.7,1BR Plus,city,True,AG04
U030338,3,8,24.9,studio,standard,True,AG01
U030339,3,8,25.7,studio,standard,True,AG05
U030340,3,4,23.7,studio,standard,True,AG01
U030341,3,7,30.1,1BR,standard,True,AG04
U030342,3,1,24.9,studio,standard,False,AG05
U030343,3,3,21.9,studio,city,True,AG01
U030344,3,2,29.0,1BR,standard,True,AG01
U030345,3,3,21.8,studio,pool,True,AG04
U030346,3,4,26.2,studio,standard,True,AG02
U030347,3,4,25.8,studio,standard,True,AG06
U030348,3,8,26.9,studio,pool,True,AG04
U030349,3,1,31.1,1BR,pool,True,AG05
U030350,3,6,33.2,1BR,standard,True,AG04
U030351,3,7,29.9,1BR,standard,False,AG05
U030352,3,5,25.4,studio,standard,False,AG05
U030353,3,7,26.7,studio,standard,True,AG05
U030354,3,5,23.9,studio,standard,True,AG05
U030355,3,6,27.0,studio,city,True,AG02
U030356,3,3,42.0,1BR Plus,standard,True,AG06
U030357,3,8,33.0,1BR,standard,True,AG04
U030358,3,5,23.6,studio,standard,True,AG04
U030359,3,8,31.6,1BR,standard,True,AG02
U030360,3,2,21.7,studio,city,True,AG03
U030361,3,6,25.2,studio,standard,True,AG04
U030362,3,6,39.6,1BR Plus,standard,True,AG03
U030363,3,5,26.5,studio,standard,True,AG06
U030364,3,1,31.1,1BR,standard,False,AG05
U030365,3,6,27.6,1BR,standard,True,AG04
U030366,3,5,34.8,1BR,city,True,AG04
U030367,3,6,31.2,1BR,city,True,AG01
U030368,3,8,25.5,studio,pool,False,AG03
U030369,3,8,44.0,1BR Plus,pool,True,AG05
U030370,3,3,41.9,1BR Plus,city,False,AG02
U030371,3,3,25.3,studio,city,True,AG04
U030372,3,5,21.0,studio,standard,True,AG01
U030373,3,4,23.2,studio,city,False,AG03
U030374,3,2,24.0,studio,standard,True,AG01
U030375,3,1,33.3,1BR,pool,False,AG02
U030376,3,7,20.7,studio,standard,True,AG04
U030377,3,4,21.2,studio,standard,True,AG05
U030378,3,4,28.1,1BR,pool,True,AG04
U030379,3,4,26.8,studio,standard,True,AG02
U030380,3,6,25.0,studio,standard,True,AG05
U030381,3,6,28.2,1BR,pool,False,AG05
U030382,3,2,32.5,1BR,standard,True,AG05
U030383,3,1,23.1,studio,standard,True,AG03
U030384,3,1,27.0,studio,standard,True,AG04
U030385,3,6,38.4,1BR Plus,standard,True,AG06
U030386,3,4,21.7,studio,city,True,AG04
U030387,3,2,23.7,studio,standard,True,AG04
U030388,3,5,31.8,1BR,pool,False,AG03
U030389,3,7,23.8,studio,city,False,AG02
U030390,3,5,31.8,1BR,standard,True,AG04
U030391,3,2,20.8,studio,standard,False,AG01
U030392,3,4,25.9,studio,pool,True,AG02
U030393,3,3,22.9,studio,standard,True,AG04
U030394,3,4,24.8,studio,pool,True,AG06
U030395,3,5,24.1,studio,pool,True,AG05
U030396,3,3,43.3,1BR Plus,city,False,AG06
U030397,3,5,34.3,1BR,standard,True,AG05
U030398,3,7,21.2,studio,standard,True,AG02
U030399,3,1,24.5,studio,standard,True,AG01
U030400,3,4,25.3,studio,standard,True,AG06
U030401,3,4,33.2,1BR,standard,True,AG03
U030402,3,7,24.2,studio,standard,True,AG03
U030403,3,2,22.1,studio,city,True,AG02
U030404,3,6,24.9,studio,city,True,AG04
U030405,3,7,21.6,studio,standard,True,AG03
U030406,3,1,24.9,studio,standard,True,AG01
U030407,3,8,26.5,studio,standard,True,AG02
U030408,3,1,26.6,studio,standard,False,AG02
U030409,3,2,32.6,1BR,standard,True,AG01
U030410,3,4,25.8,studio,standard,True,AG01
U030411,3,7,27.7,1BR,standard,True,AG06
U030412,3,6,21.4,studio,standard,True,AG05
U030413,3,7,21.1,studio,standard,False,AG06
U030414,3,3,33.3,1BR,city,True,AG04
U030415,3,7,34.0,1BR,city,True,AG01
U030416,3,6,33.4,1BR,standard,True,AG03
U030417,3,3,33.8,1BR,city,True,AG06
U030418,3,3,20.9,studio,standard,True,AG03
U030419,3,2,32.3,1BR,pool,True,AG02
U030420,3,7,23.1,studio,standard,True,AG02
U030421,3,3,41.5,1BR Plus,pool,True,AG06
U030422,3,4,42.5,1BR Plus,city,True,AG06
U030423,3,2,24.8,studio,standard,True,AG02
U030424,3,6,27.7,1BR,city,False,AG02
U030425,3,1,32.3,1BR,standard,True,AG06
U030426,3,3,28.7,1BR,standard,True,AG06
U030427,3,2,33.0,1BR,pool,True,AG06
U030428,3,5,32.3,1BR,standard,False,AG01
U030429,3,4,27.2,1BR,pool,True,AG04
U030430,3,8,39.0,1BR Plus,city,True,AG02
U030431,3,7,20.8,studio,standard,True,AG03
U030432,3,7,23.8,studio,city,True,AG06
U030433,3,4,33.5,1BR,standard,True,AG04
U030434,3,7,23.6,studio,standard,True,AG03
U030435,3,8,26.6,studio,standard,True,AG01
U030436,3,5,23.5,studio,standard,True,AG03
U030437,3,8,32.4,1BR,city,True,AG05
U030438,3,1,23.4,studio,city,True,AG05
U030439,3,1,21.5,studio,standard,True,AG04
U030440,3,3,43.5,1BR Plus,city,True,AG04
U030441,3,5,31.8,1BR,standard,False,AG06
U030442,3,5,26.5,studio,standard,True,AG05
U030443,3,3,26.1,studio,pool,False,AG04
U030444,3,8,33.3,1BR,standard,True,AG04
U030445,3,1,30.0,1BR,city,True,AG06
U030446,3,3,25.9,studio,pool,False,AG05
U030447,3,7,23.5,studio,city,True,AG03
U030448,3,5,27.8,1BR,pool,True,AG01
U030449,3,5,30.9,1BR,city,True,AG05
U030450,3,7,27.8,1BR,standard,True,AG04
U030451,3,6,29.5,1BR,standard,False,AG05
U030452,3,4,22.9,studio,city,False,AG04
U030453,3,4,23.9,studio,standard,True,AG06
U030454,3,6,21.4,studio,standard,True,AG05
U030455,3,5,39.9,1BR Plus,standard,True,AG01
U030456,3,3,34.0,1BR,standard,True,AG03
U030457,3,4,29.8,1BR,pool,True,AG05
U030458,3,2,34.0,1BR,standard,True,AG01
U030459,3,8,22.4,studio,standard,True,AG06
U030460,3,4,22.0,studio,standard,True,AG05
U030461,3,1,23.0,studio,standard,False,AG01
U030462,3,7,41.1,1BR Plus,standard,True,AG06
U030463,3,4,22.6,studio,pool,False,AG01
U030464,3,2,34.1,1BR,pool,True,AG05
U030465,3,2,21.5,studio,pool,True,AG02
U030466,3,2,38.9,1BR Plus,standard,True,AG03
U030467,3,1,21.9,studio,standard,True,AG03
U030468,3,1,24.8,studio,standard,False,AG01
U030469,3,5,31.2,1BR,city,True,AG06
U030470,3,3,27.8,1BR,city,True,AG01
U030471,3,1,26.9,studio,standard,True,AG06
U030472,3,3,26.4,studio,standard,False,AG01
U030473,3,4,23.7,studio,city,True,AG01
U030474,3,1,40.7,1BR Plus,pool,True,AG01
U030475,3,4,23.2,studio,city,True,AG04
U030476,3,2,34.1,1BR,pool,True,AG01
U030477,3,6,31.2,1BR,standard,True,AG02
U030478,3,8,26.2,studio,standard,True,AG06
U030479,3,6,22.4,studio,pool,True,AG02
U030480,3,6,24.8,studio,standard,True,AG05
U030481,3,4,26.2,studio,city,True,AG04
U030482,3,7,26.9,studio,standard,True,AG02
U030483,3,4,21.2,studio,pool,False,AG02
U030484,3,3,33.0,1BR,standard,True,AG03
U030485,3,7,34.4,1BR,standard,True,AG05
U030486,3,6,31.5,1BR,pool,True,AG04
U030487,3,3,31.0,1BR,city,True,AG03
U030488,3,4,33.1,1BR,standard,True,AG05
U030489,3,7,26.6,studio,standard,True,AG03
U030490,3,8,31.8,1BR,city,True,AG03
U030491,3,1,26.4,studio,standard,True,AG06
U030492,3,6,29.2,1BR,standard,False,AG01
U030493,3,5,23.0,studio,city,True,AG05
U030494,3,6,25.9,studio,pool,False,AG01
U030495,3,6,31.4,1BR,city,True,AG02
U030496,3,5,22.1,studio,city,True,AG01
U030497,3,6,24.8,studio,pool,True,AG05
U030498,3,3,28.8,1BR,standard,True,AG03
U030499,3,5,23.2,studio,city,False,AG02
U030500,3,8,25.8,studio,standard,True,AG03
U030501,3,5,45.6,1BR Plus,standard,True,AG03
U030502,3,2,20.7,studio,pool,False,AG01
U030503,3,1,35.1,1BR,standard,True,AG01
U030504,3,6,22.5,studio,standard,True,AG06
U030505,3,2,29.6,1BR,pool,True,AG06
U030506,3,3,32.9,1BR,standard,True,AG01
U030507,3,4,23.9,studio,standard,True,AG02
U030508,3,3,39.7,1BR Plus,city,True,AG06
U030509,3,2,23.0,studio,city,True,AG01
U030510,3,3,34.5,1BR,standard,True,AG03
U030511,3,4,27.1,1BR,standard,True,AG03
U030512,3,4,21.7,studio,city,True,AG06
U030513,3,7,23.0,studio,standard,True,AG04
U030514,3,1,33.3,1BR,standard,True,AG03
U030515,3,8,40.4,1BR Plus,city,True,AG01
U030516,3,2,29.1,1BR,standard,False,AG01
U030517,3,5,30.6,1BR,standard,True,AG03
U030518,3,7,29.0,1BR,city,True,AG03
U030519,3,3,23.2,studio,standard,True,AG06
U030520,3,7,35.4,1BR,standard,True,AG01
U030521,3,4,25.5,studio,standard,True,AG05
U030522,3,5,34.8,1BR,standard,True,AG05
U030523,3,2,46.2,1BR Plus,standard,True,AG03
U030524,3,1,28.2,1BR,standard,True,AG03
U030525,3,4,29.6,1BR,standard,True,AG01
U030526,3,6,20.7,studio,pool,True,AG01
U030527,3,3,25.8,studio,standard,True,AG03
U030528,3,6,31.9,1BR,standard,True,AG02
U030529,3,1,23.3,studio,standard,True,AG02
U030530,3,1,25.0,studio,standard,True,AG05
U030531,3,1,21.4,studio,standard,True,AG03
U030532,3,5,22.6,studio,standard,True,AG01
U030533,3,4,21.1,studio,city,True,AG01
U030534,3,7,26.7,studio,pool,False,AG01
U030535,3,4,27.4,1BR,city,False,AG05
U030536,3,2,20.6,studio,city,True,AG02
U030537,3,2,21.3,studio,standard,False,AG05
U030538,3,5,29.6,1BR,city,True,AG05
U030539,3,7,24.1,studio,standard,True,AG05
U030540,3,3,25.3,studio,standard,True,AG02
U030541,3,8,28.3,1BR,standard,True,AG02
U030542,3,1,29.6,1BR,standard,True,AG03
U030543,3,5,41.6,1BR Plus,city,True,AG05
U030544,3,7,25.4,studio,standard,True,AG06
U030545,3,6,24.2,studio,city,True,AG04
U030546,3,3,22.8,studio,standard,True,AG04
U030547,3,7,28.3,1BR,standard,True,AG06
U030548,3,4,31.8,1BR,standard,True,AG04
U030549,3,1,26.2,studio,pool,True,AG06
U030550,3,7,32.5,1BR,city,True,AG04
U030551,3,7,30.8,1BR,standard,True,AG04
U030552,3,1,34.3,1BR,standard,True,AG04
U030553,3,2,20.9,studio,standard,False,AG03
U030554,3,7,38.9,1BR Plus,standard,True,AG03
U030555,3,6,22.8,studio,standard,True,AG06
U030556,3,8,23.0,studio,standard,True,AG02
U030557,3,4,25.4,studio,city,True,AG04
U030558,3,6,25.4,studio,standard,True,AG04
U030559,3,2,43.9,1BR Plus,city,True,AG06
U030560,3,1,25.9,studio,standard,True,AG04
U030561,3,1,26.0,studio,standard,True,AG06
U030562,3,6,25.8,studio,pool,True,AG01
U030563,3,8,26.3,studio,standard,False,AG06
U030564,3,1,25.4,studio,pool,True,AG03
U030565,3,7,23.2,studio,standard,False,AG01
U030566,3,4,22.7,studio,city,True,AG02
U030567,3,8,39.5,1BR Plus,city,False,AG03
U030568,3,8,23.4,studio,city,True,AG01
U030569,3,3,25.3,studio,standard,True,AG05
U030570,3,1,26.7,studio,standard,True,AG02
U030571,3,3,28.7,1BR,standard,False,AG02
U030572,3,7,23.5,studio,standard,True,AG06
U030573,3,1,41.2,1BR Plus,standard,False,AG05
U030574,3,2,40.4,1BR Plus,standard,True,AG03
U030575,3,3,21.1,studio,pool,True,AG06
U030576,3,8,22.1,studio,standard,True,AG02
U030577,3,2,29.9,1BR,city,True,AG04
U030578,3,8,21.7,studio,standard,True,AG06
U030579,3,3,22.4,studio,standard,True,AG06
U030580,3,1,31.7,1BR,city,True,AG03
U030581,3,6,34.0,1BR,city,True,AG02
U030582,3,1,31.5,1BR,standard,False,AG05
U030583,3,6,22.0,studio,standard,True,AG01
U030584,3,3,25.9,studio,city,True,AG02
U030585,3,3,28.1,1BR,standard,True,AG04
U030586,3,6,30.1,1BR,city,True,AG05
U030587,3,7,27.1,1BR,city,False,AG01
U030588,3,3,22.3,studio,standard,False,AG04
U030589,3,6,26.9,studio,city,False,AG02
U030590,3,7,31.0,1BR,standard,True,AG02
U030591,3,6,22.3,studio,standard,False,AG05
U030592,3,3,29.5,1BR,city,True,AG03
U030593,3,2,30.9,1BR,standard,True,AG06
U030594,3,6,25.3,studio,city,True,AG03
U030595,3,8,29.1,1BR,standard,True,AG01
U030596,3,6,22.7,studio,standard,False,AG04
U030597,3,5,20.8,studio,city,True,AG04
U030598,3,5,27.2,1BR,standard,True,AG01
U030599,3,2,30.0,1BR,standard,False,AG03
U030600,3,2,30.2,1BR,city,True,AG06
U030601,3,6,45.7,1BR Plus,pool,True,AG05
U030602,3,7,23.1,studio,standard,True,AG06
U030603,3,4,20.7,studio,standard,True,AG04
U030604,3,8,30.3,1BR,standard,False,AG02
U030605,3,3,36.2,1BR Plus,standard,True,AG03
U030606,3,2,22.8,studio,standard,False,AG03
U030607,3,7,33.1,1BR,pool,True,AG06
U030608,3,3,38.1,1BR Plus,standard,True,AG06
U030609,3,4,24.9,studio,standard,True,AG01
U030610,3,3,26.7,studio,city,True,AG01
U030611,3,8,29.0,1BR,standard,True,AG02
U030612,3,6,34.6,1BR,standard,True,AG01
U030613,3,6,27.9,1BR,pool,True,AG02
U030614,3,1,39.2,1BR Plus,city,True,AG06
U030615,3,7,25.7,studio,standard,True,AG02
U030616,3,1,39.7,1BR Plus,standard,False,AG04
U030617,3,5,21.0,studio,pool,True,AG01
U030618,3,8,25.6,studio,standard,True,AG04
U030619,3,8,24.9,studio,city,True,AG03
U030620,3,3,28.6,1BR,city,True,AG03
U030621,3,7,39.6,1BR Plus,standard,True,AG02
U030622,3,1,27.6,1BR,standard,True,AG01
U030623,3,7,25.7,studio,pool,False,AG04
U030624,3,5,35.5,1BR,standard,False,AG02
U030625,3,5,23.5,studio,city,True,AG01
U030626,3,2,26.6,studio,pool,True,AG05
U030627,3,7,23.4,studio,standard,False,AG06
U030628,3,4,27.5,1BR,city,True,AG06
U030629,3,3,38.3,1BR Plus,city,True,AG01
U030630,3,6,33.2,1BR,city,True,AG01
U030631,3,3,30.4,1BR,standard,True,AG01
U030632,3,3,27.2,1BR,standard,True,AG05
U030633,3,5,25.5,studio,standard,True,AG05
U030634,3,5,31.5,1BR,standard,False,AG01
U030635,3,1,24.4,studio,standard,True,AG03
U030636,3,1,28.3,1BR,city,True,AG06
U030637,3,8,26.9,studio,standard,True,AG01
U030638,3,4,25.5,studio,standard,True,AG04
U030639,3,5,32.4,1BR,city,False,AG01
U030640,3,6,21.4,studio,standard,False,AG03
U030641,3,7,23.8,studio,city,True,AG01
U030642,3,5,33.1,1BR,city,True,AG01
U030643,3,8,25.2,studio,standard,True,AG04
U030644,3,3,25.6,studio,standard,True,AG01
U030645,3,8,29.6,1BR,standard,True,AG01
U030646,3,8,26.3,studio,standard,False,AG03
U030647,3,4,26.6,studio,city,True,AG06
U030648,3,5,26.4,studio,standard,True,AG04
U030649,3,5,33.1,1BR,standard,False,AG02
U030650,3,5,28.9,1BR,city,True,AG03
U030651,3,6,29.3,1BR,standard,False,AG05
U030652,3,5,23.2,studio,standard,True,AG02
U030653,3,2,32.3,1BR,standard,False,AG02
U030654,3,4,43.4,1BR Plus,standard,False,AG04
U030655,3,1,25.6,studio,city,False,AG01
U030656,3,1,26.1,studio,pool,True,AG05
U030657,3,8,33.8,1BR,standard,True,AG02
U030658,3,8,40.9,1BR Plus,standard,True,AG01
U030659,3,7,33.0,1BR,pool,True,AG04
U030660,3,8,26.7,studio,standard,False,AG06
U030661,3,3,21.9,studio,city,True,AG02
U030662,3,7,31.4,1BR,standard,True,AG02
U030663,3,5,24.5,studio,city,True,AG05
U030664,3,3,22.7,studio,standard,True,AG06
U030665,3,4,25.1,studio,standard,True,AG01
U030666,3,1,34.3,1BR,standard,True,AG01
U030667,3,4,26.4,studio,standard,True,AG04
U030668,3,4,22.6,studio,standard,True,AG03
U030669,3,8,21.3,studio,pool,True,AG05
U030670,3,2,21.5,studio,standard,False,AG05
U030671,3,7,22.0,studio,standard,True,AG01
U030672,3,1,29.0,1BR,pool,True,AG06
U030673,3,4,23.3,studio,standard,True,AG06
U030674,3,5,21.2,studio,standard,True,AG03
U030675,3,2,34.3,1BR,city,True,AG01
U030676,3,8,26.1,studio,standard,True,AG02
U030677,3,1,28.9,1BR,city,True,AG04
U030678,3,2,46.1,1BR Plus,city,True,AG02
U030679,3,4,26.8,studio,standard,False,AG06
U030680,3,8,23.7,studio,city,True,AG02
U030681,3,8,39.5,1BR Plus,standard,True,AG03
U030682,3,3,25.7,studio,standard,True,AG05
U030683,3,1,22.2,studio,pool,True,AG06
U030684,3,5,25.3,studio,standard,True,AG03
U030685,3,8,30.4,1BR,pool,True,AG04
U030686,3,3,21.3,studio,standard,True,AG03
U030687,3,2,27.9,1BR,pool,True,AG02
U030688,3,4,29.1,1BR,standard,True,AG06
U030689,3,4,22.4,studio,standard,True,AG02
U030690,3,3,26.1,studio,standard,True,AG02
U030691,3,3,21.4,studio,standard,True,AG06
U030692,3,2,20.7,studio,standard,True,AG06
U030693,3,2,25.8,studio,standard,False,AG01
U030694,3,6,26.4,studio,standard,True,AG02
U030695,3,6,29.3,1BR,standard,True,AG01
U030696,3,3,29.8,1BR,standard,True,AG05
U030697,3,6,25.9,studio,standard,True,AG04
U030698,3,1,26.7,studio,standard,True,AG03
U030699,3,3,22.5,studio,standard,True,AG01
U030700,3,6,36.5,1BR Plus,standard,True,AG01
U030701,3,1,24.6,studio,city,False,AG04
U030702,3,1,32.2,1BR,standard,True,AG04
U030703,3,7,27.3,1BR,standard,False,AG06
U030704,3,8,31.5,1BR,standard,True,AG03
U030705,3,7,26.1,studio,standard,False,AG01
U030706,3,6,31.7,1BR,city,True,AG02
U030707,3,1,25.0,studio,standard,True,AG01
U030708,3,2,32.2,1BR,standard,False,AG01
U030709,3,7,31.9,1BR,standard,True,AG01
U030710,3,8,26.5,studio,city,True,AG01
U030711,3,1,23.4,studio,standard,False,AG04
U030712,3,7,26.1,studio,standard,False,AG03
U030713,3,8,24.3,studio,standard,False,AG05
U030714,3,3,33.2,1BR,standard,True,AG05
U030715,3,5,33.2,1BR,standard,True,AG01
U030716,3,2,22.7,studio,standard,True,AG03
U030717,3,5,22.0,studio,city,False,AG04
U030718,3,5,26.9,studio,standard,True,AG05
U030719,3,7,24.8,studio,pool,True,AG06
U030720,3,7,25.1,studio,standard,True,AG02
U030721,3,3,23.9,studio,city,True,AG01
U030722,3,3,22.1,studio,standard,True,AG05
U030723,3,4,44.9,1BR Plus,city,True,AG02
U030724,3,3,29.3,1BR,standard,True,AG01
U030725,3,8,22.9,studio,city,True,AG06
U030726,3,8,23.4,studio,city,True,AG03
U030727,3,1,22.0,studio,pool,True,AG04
U030728,3,5,23.8,studio,city,True,AG03
U030729,3,5,21.4,studio,standard,True,AG03
U030730,3,6,25.9,studio,city,True,AG04
U030731,3,4,23.2,studio,standard,True,AG01
U030732,3,3,28.5,1BR,city,True,AG06
U030733,3,8,21.2,studio,pool,True,AG02
U030734,3,2,33.3,1BR,standard,True,AG04
U030735,3,1,23.4,studio,standard,True,AG06
U030736,3,3,23.5,studio,standard,True,AG04
U030737,3,7,21.5,studio,pool,True,AG06
U030738,3,4,23.6,studio,pool,False,AG03
U030739,3,1,22.8,studio,standard,True,AG06
U030740,3,3,30.7,1BR,city,True,AG02
U030741,3,7,26.3,studio,standard,False,AG06
U030742,3,5,26.2,studio,pool,True,AG04
U030743,3,2,39.5,1BR Plus,standard,True,AG02
U030744,3,8,22.2,studio,standard,True,AG03
U030745,3,4,26.9,studio,city,False,AG04
U030746,3,6,24.8,studio,standard,False,AG04
U030747,3,1,43.9,1BR Plus,standard,True,AG01
U030748,3,3,23.8,studio,standard,True,AG05
U030749,3,4,23.1,studio,standard,True,AG06
U030750,3,4,30.2,1BR,city,True,AG03
U030751,3,3,23.1,studio,city,True,AG03
U030752,3,5,20.6,studio,pool,True,AG03
U030753,3,6,21.6,studio,city,True,AG04
U030754,3,5,24.2,studio,standard,True,AG01
U030755,3,6,28.1,1BR,standard,True,AG01
U030756,3,4,25.2,studio,standard,True,AG05
U030757,3,3,22.8,studio,standard,True,AG05
U030758,3,1,26.4,studio,pool,True,AG05
U030759,3,5,28.5,1BR,standard,True,AG06
U030760,3,4,36.1,1BR Plus,city,True,AG03
U030761,3,4,25.6,studio,city,True,AG05
U030762,3,2,21.1,studio,standard,True,AG04
U030763,3,1,25.3,studio,standard,True,AG03
U030764,3,4,23.5,studio,standard,True,AG03
U030765,3,7,26.7,studio,standard,True,AG01
U030766,3,7,21.3,studio,standard,False,AG04
U030767,3,3,22.0,studio,standard,False,AG03
U030768,3,7,26.6,studio,standard,True,AG06
U030769,3,1,21.3,studio,pool,True,AG06
U030770,3,8,23.1,studio,city,False,AG03
U030771,3,5,24.1,studio,city,True,AG03
U030772,3,5,22.9,studio,city,True,AG01
U030773,3,3,29.2,1BR,standard,True,AG03
U030774,3,6,32.7,1BR,standard,False,AG06
U030775,3,5,23.3,studio,pool,True,AG03
U030776,3,4,34.0,1BR,standard,True,AG03
U030777,3,2,32.7,1BR,pool,False,AG04
U030778,3,5,22.3,studio,standard,False,AG04
U030779,3,8,26.5,studio,standard,True,AG04
U030780,3,4,26.1,studio,pool,True,AG03
U030781,3,3,22.4,studio,city,True,AG05
U030782,3,3,34.1,1BR,standard,True,AG01
U030783,3,5,21.9,studio,city,True,AG05
U030784,3,5,26.0,studio,standard,False,AG05
U030785,3,7,21.7,studio,city,True,AG01
U030786,3,2,29.1,1BR,city,True,AG02
U030787,3,1,24.4,studio,standard,True,AG06
U030788,3,2,40.9,1BR Plus,standard,False,AG02
U030789,3,3,26.2,studio,city,False,AG02
U030790,3,5,22.9,studio,city,True,AG04
U030791,3,5,24.2,studio,standard,False,AG02
U030792,3,5,40.6,1BR Plus,standard,True,AG06
U030793,3,6,44.9,1BR Plus,standard,True,AG03
U030794,3,8,31.1,1BR,city,True,AG03
U030795,3,2,24.3,studio,standard,False,AG03
U030796,3,2,22.3,studio,city,True,AG06
U030797,3,6,23.2,studio,city,True,AG05
U030798,3,3,24.2,studio,standard,False,AG05
U030799,3,2,23.1,studio,pool,False,AG06
U030800,3,8,31.1,1BR,city,False,AG02
U030801,3,3,26.3,studio,standard,True,AG01
U030802,3,1,22.8,studio,standard,True,AG03
U030803,3,5,22.6,studio,standard,True,AG05
U030804,3,5,23.3,studio,standard,True,AG01
U030805,3,2,32.8,1BR,standard,True,AG06
U030806,3,6,27.3,1BR,city,True,AG03
U030807,3,2,31.5,1BR,standard,True,AG02
U030808,3,8,45.0,1BR Plus,standard,True,AG03
U030809,3,5,34.0,1BR,standard,True,AG06
U030810,3,7,32.3,1BR,standard,True,AG01
U030811,3,8,23.1,studio,pool,True,AG03
U030812,3,8,34.0,1BR,standard,True,AG01
U030813,3,2,30.5,1BR,standard,True,AG05
U030814,3,5,32.2,1BR,standard,True,AG02
U030815,3,7,26.6,studio,standard,True,AG05
U030816,3,8,22.8,studio,pool,False,AG05
U030817,3,7,27.8,1BR,city,True,AG05
U030818,3,8,35.4,1BR,pool,True,AG05
U030819,3,6,23.4,studio,standard,False,AG05
U030820,3,5,31.8,1BR,standard,True,AG03
U030821,3,5,22.5,studio,standard,True,AG05
U030822,3,1,24.6,studio,standard,True,AG04
U030823,3,3,33.1,1BR,pool,True,AG03
U030824,3,8,21.6,studio,standard,False,AG03
U030825,3,6,27.0,studio,standard,True,AG03
U030826,3,6,24.4,studio,pool,True,AG06
U030827,3,7,31.8,1BR,city,True,AG04
U030828,3,2,25.2,studio,standard,False,AG01
U030829,3,7,24.6,studio,standard,True,AG06
U030830,3,4,40.9,1BR Plus,standard,True,AG01
U030831,3,4,24.5,studio,standard,True,AG01
U030832,3,1,25.1,studio,standard,True,AG03
U030833,3,2,29.9,1BR,standard,True,AG01
U030834,3,4,20.8,studio,standard,True,AG05
U030835,3,3,33.5,1BR,standard,False,AG04
U030836,3,7,31.3,1BR,standard,False,AG05
U030837,3,7,34.7,1BR,standard,True,AG04
U030838,3,5,31.4,1BR,standard,True,AG06
U030839,3,8,27.6,1BR,standard,False,AG04
U030840,3,7,22.2,studio,standard,True,AG04
U030841,3,5,21.1,studio,standard,True,AG03
U030842,3,1,21.4,studio,pool,True,AG02
U030843,3,1,20.9,studio,pool,True,AG06
U030844,3,1,25.5,studio,standard,False,AG02
U030845,3,8,36.4,1BR Plus,standard,False,AG01
U030846,3,6,29.0,1BR,standard,True,AG03
U030847,3,6,25.7,studio,city,True,AG05
U030848,3,5,26.6,studio,standard,True,AG02
U030849,3,1,29.4,1BR,city,True,AG03
U030850,3,1,26.5,studio,pool,True,AG01
U030851,3,1,36.8,1BR Plus,standard,True,AG06
U030852,3,6,32.7,1BR,standard,False,AG05
U030853,3,8,24.4,studio,city,True,AG01
U030854,3,3,24.2,studio,standard,True,AG04
U030855,3,8,26.5,studio,city,True,AG02
U030856,3,4,31.1,1BR,standard,True,AG06
U030857,3,6,25.1,studio,pool,True,AG01
U030858,3,8,22.1,studio,standard,True,AG05
U030859,3,3,25.7,studio,city,True,AG03
U030860,3,5,21.2,studio,standard,True,AG06
U030861,3,6,26.4,studio,city,True,AG03
U030862,3,3,25.6,studio,city,True,AG01
U030863,3,5,32.5,1BR,standard,False,AG02
U030864,3,7,23.6,studio,standard,True,AG01
U030865,3,2,22.8,studio,city,True,AG02
U030866,3,8,21.0,studio,standard,True,AG04
U030867,3,6,28.2,1BR,pool,True,AG04
U030868,3,2,32.3,1BR,standard,False,AG02
U030869,3,2,29.9,1BR,pool,True,AG06
U030870,3,6,23.7,studio,standard,False,AG02
U030871,3,3,24.4,studio,city,True,AG04
U030872,3,3,21.9,studio,pool,True,AG02
U030873,3,2,23.8,studio,standard,True,AG06
U030874,3,1,21.6,studio,standard,True,AG03
U030875,3,1,30.0,1BR,standard,True,AG01
U030876,3,4,33.7,1BR,city,True,AG05
U030877,3,5,33.9,1BR,city,True,AG03
U030878,3,5,34.5,1BR,standard,True,AG04
U030879,3,5,22.3,studio,standard,True,AG05
U030880,3,6,22.7,studio,standard,True,AG01
U030881,3,8,24.4,studio,standard,True,AG01
U030882,3,7,23.8,studio,standard,True,AG04
U030883,3,7,24.1,studio,city,False,AG02
U030884,3,5,34.3,1BR,standard,True,AG02
U030885,3,3,28.0,1BR,pool,True,AG03
U030886,3,5,29.6,1BR,standard,False,AG02
U030887,3,1,21.0,studio,standard,True,AG06
U030888,3,8,23.0,studio,standard,False,AG01
U030889,3,4,43.9,1BR Plus,city,True,AG05
U030890,3,1,28.7,1BR,standard,True,AG02
U030891,3,6,22.3,studio,standard,True,AG05
U030892,3,8,26.4,studio,pool,True,AG03
U030893,3,1,21.4,studio,standard,True,AG05
U030894,3,6,38.2,1BR Plus,pool,False,AG03
U030895,3,1,21.4,studio,pool,True,AG05
U030896,3,2,26.5,studio,pool,True,AG04
U030897,3,5,22.4,studio,standard,True,AG05
U030898,3,8,22.6,studio,standard,True,AG03
U030899,3,8,23.0,studio,standard,False,AG02
U030900,3,2,26.3,studio,standard,True,AG05
U030901,3,7,26.1,studio,pool,True,AG05
U030902,3,1,27.5,1BR,standard,True,AG03
U030903,3,3,34.8,1BR,pool,False,AG01
U030904,3,6,41.9,1BR Plus,standard,False,AG01
U030905,3,3,34.7,1BR,standard,True,AG02
U030906,3,4,21.0,studio,standard,True,AG03
U030907,3,6,22.6,studio,standard,False,AG03
U030908,3,7,21.2,studio,standard,False,AG06
U030909,3,2,26.0,studio,city,True,AG02
U030910,3,1,23.9,studio,standard,True,AG04
U030911,3,7,21.2,studio,standard,False,AG03
U030912,3,4,21.3,studio,standard,True,AG06
U030913,3,8,27.6,1BR,standard,True,AG01
U030914,3,7,31.3,1BR,city,True,AG05
U030915,3,5,23.4,studio,standard,False,AG03
U030916,3,2,26.5,studio,pool,True,AG04
U030917,3,8,21.3,studio,standard,True,AG04
U030918,3,6,39.0,1BR Plus,standard,True,AG05
U030919,3,8,23.4,studio,standard,True,AG03
U030920,3,1,24.6,studio,city,True,AG05
U030921,3,4,31.4,1BR,standard,False,AG06
U030922,3,7,43.5,1BR Plus,city,True,AG02
U030923,3,4,24.4,studio,standard,True,AG02
U030924,3,6,21.6,studio,city,True,AG06
U030925,3,4,25.2,studio,standard,True,AG01
U030926,3,4,26.1,studio,city,True,AG02
U030927,3,3,35.3,1BR,city,True,AG06
U030928,3,5,32.1,1BR,city,False,AG01
U030929,3,5,25.3,studio,standard,True,AG03
U030930,3,1,27.7,1BR,pool,True,AG01
U030931,3,5,21.1,studio,standard,True,AG01
U030932,3,8,34.7,1BR,pool,True,AG05
U030933,3,7,30.8,1BR,city,True,AG05
U030934,3,6,44.9,1BR Plus,city,True,AG01
U030935,3,8,34.3,1BR,standard,True,AG03
U030936,3,6,24.2,studio,pool,False,AG06
U030937,3,6,23.8,studio,standard,True,AG06
U030938,3,2,32.8,1BR,standard,False,AG06
U030939,3,4,29.4,1BR,standard,True,AG03
U030940,3,3,28.1,1BR,standard,True,AG06
U030941,3,2,25.4,studio,city,True,AG06
U030942,3,8,20.7,studio,standard,True,AG04
U030943,3,8,26.4,studio,standard,False,AG02
U030944,3,4,44.5,1BR Plus,city,True,AG06
U030945,3,4,23.4,studio,city,True,AG05
U030946,3,8,24.1,studio,pool,True,AG01
U030947,3,7,21.3,studio,city,True,AG01
U030948,3,3,27.1,1BR,pool,True,AG05
U030949,3,3,24.1,studio,standard,True,AG05
U030950,3,1,25.3,studio,standard,True,AG04
U030951,3,4,24.8,studio,standard,False,AG02
U030952,3,7,21.0,studio,standard,True,AG05
U030953,3,6,21.6,studio,standard,True,AG04
U030954,3,6,41.0,1BR Plus,city,False,AG01
U030955,3,1,24.7,studio,pool,True,AG02
U030956,3,8,22.0,studio,standard,True,AG04
U030957,3,7,26.4,studio,standard,True,AG04
U030958,3,5,34.7,1BR,standard,True,AG05
U030959,3,5,33.8,1BR,standard,True,AG01
U030960,3,7,42.3,1BR Plus,standard,False,AG06
U030961,3,4,32.3,1BR,city,True,AG06
U030962,3,4,20.8,studio,city,True,AG01
U030963,3,5,37.8,1BR Plus,standard,True,AG04
U030964,3,2,21.3,studio,standard,True,AG06
U030965,3,2,21.1,studio,standard,True,AG05
U030966,3,4,25.5,studio,standard,True,AG04
U030967,3,6,29.0,1BR,city,False,AG05
U030968,3,6,24.1,studio,standard,False,AG02
U030969,3,1,29.9,1BR,standard,False,AG01
U030970,3,8,32.4,1BR,city,True,AG03
U030971,3,5,32.4,1BR,standard,False,AG02
U030972,3,5,41.4,1BR Plus,city,False,AG06
U030973,3,7,29.9,1BR,city,True,AG02
U030974,3,7,32.5,1BR,city,True,AG01
U030975,3,8,35.2,1BR,city,False,AG04
U030976,3,4,34.9,1BR,standard,True,AG06
U030977,3,2,31.2,1BR,city,False,AG03
U030978,3,6,22.7,studio,city,True,AG05
U030979,3,7,22.7,studio,standard,True,AG03
U030980,3,2,24.2,studio,standard,True,AG01
U030981,3,7,24.6,studio,pool,True,AG06
U030982,3,4,32.0,1BR,city,True,AG06
U030983,3,6,29.6,1BR,standard,True,AG06
U030984,3,4,22.1,studio,city,False,AG06
U030985,3,6,23.9,studio,city,True,AG01
U030986,3,4,26.5,studio,pool,True,AG06
U030987,3,7,32.7,1BR,standard,True,AG05
U030988,3,8,21.3,studio,standard,True,AG05
U030989,3,1,21.0,studio,pool,True,AG05
U030990,3,3,27.3,1BR,standard,True,AG05
U030991,3,3,23.9,studio,standard,True,AG04
U030992,3,3,22.8,studio,pool,True,AG06
U030993,3,5,24.3,studio,standard,True,AG01
U030994,3,5,25.9,studio,standard,True,AG03
U030995,3,5,26.7,studio,standard,True,AG06
U030996,3,4,31.1,1BR,pool,True,AG03
U030997,3,7,33.2,1BR,standard,True,AG04
U030998,3,4,22.5,studio,standard,True,AG06
U030999,3,3,31.5,1BR,pool,True,AG05
U031000,3,3,22.6,studio,standard,True,AG03
U031001,3,5,25.0,studio,standard,False,AG03
U031002,3,4,21.7,studio,standard,True,AG03
U031003,3,1,23.1,studio,standard,True,AG05
U031004,3,8,22.0,studio,standard,False,AG02
U031005,3,6,31.5,1BR,standard,True,AG05
U031006,3,2,26.8,studio,pool,True,AG04
U031007,3,3,22.0,studio,standard,True,AG01
U031008,3,6,40.0,1BR Plus,standard,True,AG06
U031009,3,8,24.1,studio,standard,True,AG04
U031010,3,7,20.6,studio,standard,True,AG01
U031011,3,7,21.5,studio,standard,True,AG03
U031012,3,6,36.1,1BR Plus,standard,False,AG04
U031013,3,1,41.3,1BR Plus,city,True,AG01
U031014,3,1,27.1,1BR,standard,True,AG06
U031015,3,4,31.9,1BR,city,True,AG01
U031016,3,5,30.8,1BR,standard,False,AG05
U031017,3,8,40.2,1BR Plus,standard,True,AG03
U031018,3,7,20.8,studio,pool,True,AG01
U031019,3,4,23.9,studio,city,True,AG01
U031020,3,8,22.6,studio,standard,True,AG04
U031021,3,3,22.4,studio,city,False,AG01
U031022,3,2,33.5,1BR,standard,True,AG04
U031023,3,3,29.5,1BR,standard,True,AG05
U031024,3,4,23.6,studio,standard,True,AG05
U031025,3,5,23.4,studio,standard,True,AG01
U031026,3,7,32.9,1BR,city,True,AG06
U031027,3,5,33.8,1BR,standard,False,AG02
U031028,3,3,21.1,studio,standard,True,AG03
U031029,3,1,26.0,studio,standard,True,AG03
U031030,3,8,35.4,1BR,pool,True,AG02
U031031,3,1,33.0,1BR,standard,False,AG02
U031032,3,2,23.1,studio,standard,True,AG06
U031033,3,2,23.2,studio,city,True,AG06
U031034,3,3,25.2,studio,pool,False,AG05
U031035,3,1,32.4,1BR,standard,True,AG01
U031036,3,4,35.7,1BR Plus,standard,True,AG01
U031037,3,3,35.2,1BR,city,True,AG05
U031038,3,7,22.3,studio,standard,True,AG02
U031039,3,6,24.2,studio,pool,True,AG02
U031040,3,4,22.0,studio,city,True,AG06
U031041,3,6,23.7,studio,standard,True,AG01
U031042,3,1,23.3,studio,pool,True,AG02
U031043,3,7,29.2,1BR,standard,False,AG01
U031044,3,3,44.3,1BR Plus,standard,True,AG04
U031045,3,5,25.7,studio,standard,True,AG02
U031046,3,4,25.9,studio,standard,True,AG04
U031047,3,1,20.6,studio,city,True,AG02
U031048,3,5,34.8,1BR,city,False,AG04
U031049,3,6,22.8,studio,standard,True,AG05
U031050,3,5,24.2,studio,standard,False,AG04
U031051,3,5,46.3,1BR Plus,standard,True,AG01
U031052,3,8,45.0,1BR Plus,city,True,AG01
U031053,3,6,21.7,studio,city,True,AG02
U031054,3,3,24.4,studio,standard,True,AG02
U031055,3,3,34.6,1BR,city,True,AG05
U031056,3,2,46.0,1BR Plus,standard,True,AG02
U031057,3,2,21.0,studio,standard,True,AG04
U031058,3,7,21.8,studio,standard,True,AG05
U031059,3,6,44.5,1BR Plus,city,True,AG06
U031060,3,7,35.2,1BR,city,True,AG03
U031061,3,4,23.7,studio,standard,True,AG06
U031062,3,6,35.5,1BR,pool,True,AG02
U031063,3,2,45.8,1BR Plus,standard,True,AG06
U031064,3,5,45.4,1BR Plus,standard,True,AG03
U031065,3,8,40.5,1BR Plus,city,True,AG02
U031066,3,1,22.7,studio,city,True,AG05
U031067,3,8,26.0,studio,standard,True,AG01
U031068,3,1,22.8,studio,pool,True,AG05
U031069,3,8,25.1,studio,standard,True,AG02
U031070,3,3,43.0,1BR Plus,standard,True,AG05
U031071,3,5,24.8,studio,pool,True,AG04
U031072,3,1,25.7,studio,standard,True,AG06
U031073,3,8,28.0,1BR,city,False,AG02
U031074,3,2,23.9,studio,city,False,AG02
U031075,3,4,34.8,1BR,standard,True,AG01
U031076,3,5,23.4,studio,standard,True,AG02
U031077,3,4,25.6,studio,standard,True,AG05
U031078,3,4,20.8,studio,standard,False,AG01
U031079,3,1,34.4,1BR,city,False,AG02
U031080,3,7,46.3,1BR Plus,standard,True,AG04
U031081,3,6,30.4,1BR,city,True,AG04
U031082,3,4,22.6,studio,standard,True,AG06
U031083,3,4,34.7,1BR,standard,True,AG06
U031084,3,2,21.3,studio,standard,True,AG01
U031085,3,2,33.1,1BR,city,True,AG01
U031086,3,3,35.2,1BR,standard,False,AG06
U031087,3,6,37.4,1BR Plus,city,True,AG04
U031088,3,2,23.5,studio,standard,True,AG06
U031089,3,6,30.0,1BR,standard,True,AG02
U031090,3,6,22.8,studio,city,True,AG04
U031091,3,8,21.9,studio,standard,True,AG04
U031092,3,3,22.7,studio,standard,False,AG02
U031093,3,7,22.0,studio,standard,True,AG05
U031094,3,3,36.7,1BR Plus,standard,False,AG02
U031095,3,2,24.7,studio,city,True,AG03
U031096,3,8,29.7,1BR,city,True,AG05
U031097,3,8,33.5,1BR,standard,True,AG02
U031098,3,2,34.9,1BR,standard,True,AG04
U031099,3,4,20.8,studio,pool,True,AG04
U031100,3,8,34.2,1BR,standard,False,AG05
U031101,3,8,27.6,1BR,standard,False,AG03
U031102,3,8,45.3,1BR Plus,standard,False,AG01
U031103,3,7,20.8,studio,city,True,AG02
U031104,3,4,27.0,studio,standard,True,AG05
U031105,3,2,33.6,1BR,pool,True,AG04
U031106,3,8,34.6,1BR,standard,False,AG02
U031107,3,3,24.2,studio,city,True,AG02
U031108,3,4,29.7,1BR,standard,True,AG06
U031109,3,2,34.0,1BR,standard,True,AG01
U031110,3,8,41.9,1BR Plus,standard,False,AG06
U031111,3,8,36.4,1BR Plus,standard,True,AG03
U031112,3,3,31.6,1BR,city,True,AG06
U031113,3,4,27.5,1BR,standard,True,AG06
U031114,3,1,20.8,studio,standard,True,AG06
U031115,3,2,22.6,studio,pool,True,AG04
U031116,3,7,26.3,studio,city,True,AG05
U031117,3,1,27.1,1BR,standard,True,AG02
U031118,3,5,29.5,1BR,city,True,AG03
U031119,3,6,33.1,1BR,standard,True,AG02
U031120,3,7,24.5,studio,city,True,AG02
U031121,3,3,24.7,studio,standard,True,AG04
U031122,3,3,26.3,studio,standard,False,AG04
U031123,3,8,26.5,studio,standard,True,AG03
U031124,3,2,30.1,1BR,standard,True,AG03
U031125,3,6,22.1,studio,standard,False,AG01
U031126,3,1,26.8,studio,city,False,AG01
U031127,3,1,25.6,studio,city,False,AG06
U031128,3,8,37.5,1BR Plus,standard,True,AG02
U031129,3,2,25.2,studio,standard,True,AG06
U031130,3,2,31.9,1BR,standard,True,AG01
U031131,3,1,33.4,1BR,city,False,AG03
U031132,3,6,24.2,studio,city,True,AG06
U031133,3,6,24.3,studio,city,True,AG05
U031134,3,1,34.2,1BR,standard,True,AG06
U031135,3,8,38.1,1BR Plus,standard,True,AG01
U031136,3,6,21.3,studio,standard,True,AG04
U031137,3,2,26.7,studio,city,True,AG06
U031138,3,1,22.1,studio,city,True,AG03
U031139,3,1,38.0,1BR Plus,standard,False,AG06
U031140,3,2,24.2,studio,standard,True,AG05
U031141,3,2,21.4,studio,standard,True,AG06
U031142,3,8,26.0,studio,standard,True,AG02
U031143,3,8,29.0,1BR,standard,True,AG06
U031144,3,2,32.3,1BR,standard,True,AG02
U031145,3,5,27.4,1BR,standard,True,AG01
U031146,3,7,37.2,1BR Plus,standard,True,AG03
U031147,3,8,27.5,1BR,city,True,AG01
U031148,3,8,26.5,studio,standard,True,AG03
U031149,3,3,30.9,1BR,city,True,AG02
U031150,3,3,20.6,studio,standard,True,AG04
U031151,3,2,24.0,studio,city,True,AG03
U031152,3,3,21.1,studio,standard,False,AG05
U031153,3,7,22.4,studio,city,True,AG02
U031154,3,2,26.8,studio,standard,True,AG06
U031155,3,4,25.5,studio,standard,True,AG04
U031156,3,4,23.7,studio,city,True,AG05
U031157,3,3,25.4,studio,standard,False,AG03
U031158,3,4,24.3,studio,standard,True,AG01
U031159,3,5,27.9,1BR,city,True,AG04
U031160,3,4,26.9,studio,standard,False,AG04
U031161,3,8,35.0,1BR,pool,False,AG04
U031162,3,4,22.4,studio,standard,True,AG01
U031163,3,6,24.4,studio,standard,True,AG01
U031164,3,1,20.9,studio,standard,True,AG06
U031165,3,8,34.5,1BR,standard,True,AG02
U031166,3,6,27.9,1BR,city,False,AG06
U031167,3,3,26.4,studio,standard,False,AG04
U031168,3,2,27.2,1BR,pool,False,AG02
U031169,3,4,29.3,1BR,pool,True,AG01
U031170,3,7,29.2,1BR,standard,True,AG01
U031171,3,5,45.5,1BR Plus,city,False,AG02
U031172,3,1,23.1,studio,city,True,AG04
U031173,3,8,29.3,1BR,standard,True,AG05
U031174,3,7,23.4,studio,standard,True,AG04
U031175,3,7,23.6,studio,standard,True,AG01
U031176,3,5,21.3,studio,pool,True,AG02
U031177,3,2,31.9,1BR,city,True,AG03
U031178,3,4,26.0,studio,city,True,AG03
U031179,3,6,23.2,studio,standard,True,AG04
U031180,3,3,24.4,studio,standard,True,AG04
U031181,3,6,29.2,1BR,city,True,AG05
U031182,3,8,25.7,studio,standard,False,AG06
U031183,3,7,24.9,studio,standard,True,AG01
U031184,3,4,24.7,studio,city,True,AG06
U031185,3,1,25.9,studio,city,True,AG06
U031186,3,4,26.1,studio,standard,True,AG01
U031187,3,5,25.4,studio,standard,True,AG06
U031188,3,2,26.7,studio,city,False,AG06
U031189,3,5,32.7,1BR,standard,False,AG03
U031190,3,2,34.6,1BR,standard,True,AG05
U031191,3,1,26.0,studio,city,True,AG02
U031192,3,2,32.6,1BR,standard,True,AG06
U031193,3,4,22.9,studio,standard,True,AG01
U031194,3,8,28.9,1BR,standard,False,AG05
U031195,3,6,32.8,1BR,standard,True,AG06
U031196,3,8,21.7,studio,city,True,AG01
U031197,3,3,34.6,1BR,standard,True,AG05
U031198,3,6,23.1,studio,city,True,AG04
U031199,3,4,26.4,studio,standard,True,AG02
U031200,3,1,32.3,1BR,city,False,AG05
U031201,3,5,37.2,1BR Plus,city,True,AG05
U031202,3,8,25.9,studio,standard,True,AG04
U031203,3,3,25.2,studio,standard,False,AG03
U031204,3,5,24.8,studio,standard,False,AG02
U031205,3,3,21.7,studio,standard,False,AG03
U031206,3,8,26.3,studio,city,True,AG01
U031207,3,3,21.6,studio,standard,False,AG03
U031208,3,2,30.1,1BR,standard,False,AG02
U031209,3,5,26.0,studio,city,True,AG05
U031210,3,2,44.3,1BR Plus,standard,True,AG06
U031211,3,6,27.7,1BR,pool,False,AG06
U031212,3,7,20.8,studio,standard,False,AG02
U031213,3,1,23.4,studio,standard,True,AG01
U031214,3,4,28.1,1BR,standard,False,AG05
U031215,3,6,33.2,1BR,standard,True,AG03
U031216,3,1,26.7,studio,standard,False,AG02
U031217,3,6,20.6,studio,standard,False,AG04
U031218,3,7,21.0,studio,pool,True,AG06
U031219,3,5,22.9,studio,standard,False,AG06
U031220,3,2,24.2,studio,standard,True,AG02
U031221,3,8,32.3,1BR,pool,True,AG02
U031222,3,2,22.8,studio,pool,True,AG02
U031223,3,8,26.2,studio,city,True,AG04
U031224,3,2,41.9,1BR Plus,standard,False,AG06
U031225,3,1,28.9,1BR,standard,True,AG06
U031226,3,6,32.9,1BR,standard,True,AG06
U031227,3,8,31.3,1BR,standard,True,AG05
U031228,3,4,35.0,1BR,standard,True,AG06
U031229,3,2,29.3,1BR,city,True,AG03
U031230,3,7,26.9,studio,standard,False,AG03
U031231,3,4,28.1,1BR,city,False,AG05
U031232,3,4,26.2,studio,standard,True,AG04
U031233,3,8,35.3,1BR,standard,True,AG03
U031234,3,4,25.7,studio,standard,False,AG02
U031235,3,8,41.9,1BR Plus,standard,True,AG04
U031236,3,6,29.7,1BR,city,True,AG02
U031237,3,3,23.7,studio,city,False,AG04
U031238,3,2,28.2,1BR,standard,True,AG06
U031239,3,5,24.0,studio,standard,True,AG02
U031240,3,4,25.5,studio,standard,True,AG06
U031241,3,3,33.3,1BR,standard,True,AG05
U031242,3,2,20.6,studio,standard,True,AG06
U031243,3,2,22.2,studio,standard,True,AG03
U031244,3,8,44.4,1BR Plus,pool,True,AG01
U031245,3,5,37.5,1BR Plus,pool,True,AG01
U031246,3,1,28.3,1BR,standard,False,AG02
U031247,3,2,29.6,1BR,standard,True,AG03
U031248,3,7,21.2,studio,standard,False,AG01
U031249,3,4,24.5,studio,city,True,AG04
U031250,3,4,28.2,1BR,standard,True,AG01
U031251,3,3,27.8,1BR,standard,True,AG06
U031252,3,6,34.5,1BR,standard,True,AG06
U031253,3,6,22.0,studio,standard,True,AG06
U031254,3,7,20.7,studio,pool,True,AG06
U031255,3,6,41.2,1BR Plus,city,True,AG04
U031256,3,6,33.1,1BR,standard,True,AG05
U031257,3,5,28.8,1BR,standard,False,AG01
U031258,3,2,27.8,1BR,standard,True,AG01
U031259,3,4,21.1,studio,standard,True,AG03
U031260,3,2,24.0,studio,pool,True,AG02
U031261,3,3,21.3,studio,standard,True,AG05
U031262,3,6,21.9,studio,standard,True,AG02
U031263,3,4,45.7,1BR Plus,standard,False,AG06
U031264,3,4,32.1,1BR,pool,True,AG03
U031265,3,4,28.9,1BR,city,True,AG04
U031266,3,1,33.0,1BR,standard,True,AG03
U031267,3,5,24.4,studio,standard,True,AG02
U031268,3,2,21.7,studio,standard,False,AG04
U031269,3,6,23.3,studio,standard,True,AG03
U031270,3,8,40.2,1BR Plus,standard,True,AG01
U031271,3,5,25.3,studio,standard,True,AG01
U031272,3,4,36.1,1BR Plus,standard,True,AG03
U031273,3,1,27.8,1BR,standard,True,AG05
U031274,3,5,32.4,1BR,pool,False,AG05
U031275,3,1,24.4,studio,standard,True,AG04
U031276,3,2,25.5,studio,city,True,AG06
U031277,3,5,30.1,1BR,city,True,AG03
U031278,3,8,22.7,studio,pool,True,AG01
U031279,3,4,39.8,1BR Plus,standard,True,AG03
U031280,3,2,22.6,studio,standard,True,AG02
U031281,3,4,22.7,studio,standard,True,AG04
U031282,3,5,22.0,studio,standard,False,AG03
U031283,3,5,33.3,1BR,standard,True,AG03
U031284,3,5,26.6,studio,city,True,AG06
U031285,3,6,30.4,1BR,standard,True,AG05
U031286,3,4,37.4,1BR Plus,city,True,AG02
U031287,3,7,25.9,studio,standard,False,AG02
U031288,3,6,29.5,1BR,pool,True,AG03
U031289,3,7,21.4,studio,standard,True,AG06
U031290,3,5,42.9,1BR Plus,standard,True,AG03
U031291,3,6,20.7,studio,city,True,AG01
U031292,3,4,41.3,1BR Plus,standard,True,AG01
U031293,3,8,38.1,1BR Plus,city,False,AG02
U031294,3,2,24.9,studio,city,False,AG03
U031295,3,5,27.2,1BR,pool,True,AG05
U031296,3,5,44.1,1BR Plus,city,False,AG02
U031297,3,5,23.9,studio,pool,True,AG06
U031298,3,4,39.6,1BR Plus,standard,True,AG04
U031299,3,1,23.7,studio,pool,True,AG06
U031300,3,3,32.3,1BR,city,True,AG01
U031301,3,8,26.9,studio,standard,True,AG04
U031302,3,3,27.9,1BR,pool,False,AG05
U031303,3,7,26.8,studio,standard,True,AG02
U031304,3,4,30.3,1BR,standard,True,AG03
U031305,3,1,24.6,studio,pool,True,AG03
U031306,3,8,24.3,studio,standard,True,AG01
U031307,3,4,44.7,1BR Plus,city,True,AG04
U031308,3,4,28.9,1BR,standard,True,AG06
U031309,3,7,26.7,studio,city,True,AG06
U031310,3,2,23.0,studio,city,False,AG04
U031311,3,2,24.0,studio,standard,True,AG01
U031312,3,4,30.4,1BR,city,True,AG05
U031313,3,1,24.7,studio,city,True,AG01
U031314,3,5,26.9,studio,standard,True,AG03
U031315,3,3,29.7,1BR,standard,True,AG03
U031316,3,3,26.6,studio,standard,True,AG01
U031317,3,7,27.8,1BR,standard,True,AG02
U031318,3,2,21.9,studio,standard,True,AG02
U031319,3,1,45.9,1BR Plus,standard,True,AG05
U031320,3,7,21.4,studio,city,True,AG01
U031321,3,8,38.9,1BR Plus,standard,False,AG06
U031322,3,1,27.5,1BR,standard,True,AG05
U031323,3,3,31.9,1BR,standard,True,AG05
U031324,3,5,30.1,1BR,standard,True,AG05
U031325,3,4,37.2,1BR Plus,standard,True,AG04
U031326,3,8,23.2,studio,city,False,AG06
U031327,3,1,25.0,studio,pool,False,AG02
U031328,3,2,39.8,1BR Plus,standard,False,AG03
U031329,3,2,32.4,1BR,standard,True,AG01
U031330,3,5,22.4,studio,standard,True,AG03
U031331,3,6,35.0,1BR,standard,True,AG05
U031332,3,5,44.7,1BR Plus,standard,True,AG03
U031333,3,2,35.3,1BR,pool,False,AG02
U031334,3,7,23.7,studio,pool,True,AG05
U031335,3,7,25.2,studio,standard,True,AG06
U031336,3,7,34.6,1BR,standard,False,AG06
U031337,3,7,36.7,1BR Plus,standard,False,AG06
U031338,3,6,31.3,1BR,standard,True,AG05
U031339,3,4,20.9,studio,pool,True,AG01
U031340,3,5,29.4,1BR,standard,True,AG02
U031341,3,7,23.0,studio,city,True,AG05
U031342,3,8,46.6,1BR Plus,pool,False,AG02
U031343,3,8,34.3,1BR,city,False,AG04
U031344,3,4,43.9,1BR Plus,standard,True,AG03
U031345,3,5,23.8,studio,standard,True,AG05
U031346,3,5,28.0,1BR,city,True,AG03
U031347,3,6,25.5,studio,standard,False,AG03
U031348,3,2,24.0,studio,standard,True,AG06
U031349,3,4,33.3,1BR,standard,True,AG01
U031350,3,4,30.5,1BR,standard,True,AG04
U031351,3,2,33.6,1BR,standard,True,AG02
U031352,3,2,34.8,1BR,pool,False,AG01
U031353,3,2,25.2,studio,city,True,AG06
U031354,3,4,26.9,studio,city,True,AG03
U031355,3,7,39.9,1BR Plus,city,True,AG03
U031356,3,2,27.7,1BR,pool,True,AG05
U031357,3,2,26.0,studio,standard,True,AG06
U031358,3,2,28.2,1BR,standard,True,AG02
U031359,3,4,22.8,studio,standard,True,AG04
U031360,3,2,24.0,studio,pool,False,AG03
U031361,3,6,24.7,studio,standard,True,AG06
U031362,3,3,21.0,studio,city,False,AG03
U031363,3,5,21.5,studio,standard,True,AG04
U031364,3,1,22.4,studio,standard,True,AG06
U031365,3,1,24.2,studio,standard,True,AG05
U031366,3,7,31.7,1BR,standard,True,AG04
U031367,3,6,32.1,1BR,standard,True,AG06
U031368,3,4,30.2,1BR,city,True,AG04
U031369,3,2,22.0,studio,standard,True,AG06
U031370,3,7,22.5,studio,standard,True,AG05
U031371,3,5,34.2,1BR,standard,True,AG06
U031372,3,4,28.6,1BR,standard,False,AG02
U031373,3,4,23.2,studio,standard,True,AG05
U031374,3,3,26.0,studio,city,True,AG05
U031375,3,3,22.5,studio,pool,True,AG05
U031376,3,1,25.2,studio,standard,False,AG02
U031377,3,8,35.3,1BR,pool,True,AG01
U031378,3,2,22.1,studio,city,True,AG01
U031379,3,3,26.8,studio,standard,True,AG06
U031380,3,4,23.9,studio,standard,True,AG01
U031381,3,7,29.1,1BR,standard,True,AG01
U031382,3,3,22.6,studio,city,True,AG06
U031383,3,7,31.3,1BR,city,False,AG05
U031384,3,6,25.5,studio,city,True,AG01
U031385,3,3,44.4,1BR Plus,city,False,AG04
U031386,3,7,24.0,studio,standard,True,AG06
U031387,3,2,22.2,studio,standard,True,AG01
U031388,3,2,43.8,1BR Plus,city,True,AG03
U031389,3,2,33.5,1BR,standard,True,AG05
U031390,3,8,32.9,1BR,standard,True,AG04
U031391,3,1,26.4,studio,city,True,AG05
U031392,3,5,43.8,1BR Plus,city,True,AG01
U031393,3,6,31.2,1BR,standard,True,AG06
U031394,3,4,22.4,studio,standard,False,AG06
U031395,3,8,26.9,studio,city,False,AG02
U031396,3,1,28.2,1BR,city,True,AG03
U031397,3,2,22.5,studio,standard,True,AG03
U031398,3,4,24.6,studio,standard,True,AG06
U031399,3,1,38.8,1BR Plus,standard,True,AG05
U031400,3,2,33.7,1BR,city,True,AG01
U031401,3,5,31.1,1BR,standard,False,AG04
U031402,3,1,25.1,studio,standard,True,AG05
U031403,3,2,31.9,1BR,standard,False,AG06
U031404,3,4,46.3,1BR Plus,pool,False,AG04
U031405,3,1,31.1,1BR,standard,True,AG05
U031406,3,6,34.8,1BR,standard,True,AG06
U031407,3,8,28.0,1BR,standard,True,AG04
U031408,3,4,21.1,studio,standard,True,AG03
U031409,3,6,35.3,1BR,standard,True,AG06
U031410,3,2,38.4,1BR Plus,standard,True,AG04
U031411,3,7,21.6,studio,pool,True,AG04
U031412,3,1,21.0,studio,standard,True,AG01
U031413,3,6,23.1,studio,city,False,AG06
U031414,3,4,22.3,studio,city,True,AG02
U031415,3,7,22.0,studio,standard,True,AG04
U031416,3,8,31.4,1BR,standard,False,AG02
U031417,3,4,25.6,studio,pool,True,AG03
U031418,3,1,25.5,studio,standard,True,AG05
U031419,3,3,21.3,studio,city,True,AG05
U031420,3,2,27.4,1BR,city,True,AG05
U031421,3,7,25.8,studio,standard,False,AG04
U031422,3,4,38.7,1BR Plus,standard,False,AG05
U031423,3,8,22.0,studio,standard,False,AG04
U031424,3,7,21.5,studio,standard,True,AG01
U031425,3,5,25.3,studio,standard,True,AG04
U031426,3,7,26.6,studio,standard,True,AG03
U031427,3,5,26.7,studio,standard,True,AG06
U031428,3,4,34.2,1BR,pool,True,AG06
U031429,3,2,37.5,1BR Plus,standard,True,AG05
U031430,3,2,24.3,studio,standard,False,AG01
U031431,3,8,23.9,studio,standard,True,AG01
U031432,3,4,25.0,studio,standard,True,AG01
U031433,3,3,32.7,1BR,standard,False,AG06
U031434,3,7,43.7,1BR Plus,standard,True,AG02
U031435,3,4,25.8,studio,standard,True,AG06
U031436,3,6,22.6,studio,pool,True,AG03
U031437,3,3,26.6,studio,standard,True,AG06
U031438,3,5,25.9,studio,city,True,AG02
U031439,3,5,35.5,1BR,standard,True,AG02
U031440,3,4,20.8,studio,standard,False,AG02
U031441,3,5,21.2,studio,standard,False,AG02
U031442,3,8,20.9,studio,pool,True,AG01
U031443,3,2,24.9,studio,city,False,AG02
U031444,3,1,21.1,studio,city,True,AG02
U031445,3,2,30.6,1BR,city,True,AG02
U031446,3,6,21.8,studio,standard,True,AG01
U031447,3,1,26.9,studio,standard,True,AG04
U031448,3,5,21.7,studio,standard,True,AG01
U031449,3,4,24.2,studio,pool,True,AG05
U031450,3,6,27.3,1BR,standard,True,AG03
U031451,3,4,31.0,1BR,pool,True,AG04
U031452,3,1,22.6,studio,standard,True,AG03
U031453,3,8,31.0,1BR,standard,True,AG05
U031454,3,3,42.0,1BR Plus,standard,True,AG01
U031455,3,5,36.5,1BR Plus,pool,True,AG02
U031456,3,7,23.4,studio,standard,True,AG05
U031457,3,8,22.6,studio,pool,True,AG01
U031458,3,2,27.1,1BR,standard,True,AG04
U031459,3,3,27.0,studio,standard,True,AG06
U031460,3,1,33.5,1BR,city,True,AG06
U031461,3,6,29.1,1BR,standard,True,AG03
U031462,3,4,23.2,studio,standard,True,AG01
U031463,3,3,27.4,1BR,city,True,AG02
U031464,3,8,24.9,studio,standard,True,AG03
U031465,3,8,21.5,studio,standard,True,AG06
U031466,3,6,25.1,studio,city,True,AG06
U031467,3,6,30.2,1BR,city,True,AG03
U031468,3,8,22.3,studio,standard,True,AG06
U031469,3,5,22.2,studio,city,True,AG06
U031470,3,8,22.0,studio,standard,True,AG02
U031471,3,1,23.9,studio,standard,True,AG04
U031472,3,2,23.7,studio,standard,False,AG06
U031473,3,6,42.8,1BR Plus,standard,True,AG03
U031474,3,1,33.5,1BR,city,True,AG03
U031475,3,4,26.7,studio,pool,True,AG03
U031476,3,2,21.5,studio,standard,True,AG04
U031477,3,7,36.1,1BR Plus,standard,True,AG06
U031478,3,2,22.9,studio,standard,True,AG05
U031479,3,7,24.1,studio,standard,True,AG03
U031480,3,8,25.7,studio,standard,True,AG04
U031481,3,2,30.6,1BR,standard,False,AG02
U031482,3,6,28.6,1BR,standard,True,AG04
U031483,3,4,31.9,1BR,city,False,AG03
U031484,3,5,30.0,1BR,standard,True,AG05
U031485,3,5,25.0,studio,standard,True,AG05
U031486,3,8,35.1,1BR,standard,False,AG01
U031487,3,7,28.7,1BR,city,True,AG06
U031488,3,1,31.5,1BR,standard,True,AG06
U031489,3,5,23.9,studio,standard,True,AG04
U031490,3,5,38.0,1BR Plus,standard,True,AG06
U031491,3,3,39.8,1BR Plus,city,True,AG05
U031492,3,7,25.9,studio,city,True,AG01
U031493,3,3,23.7,studio,standard,True,AG05
U031494,3,8,21.0,studio,standard,True,AG02
U031495,3,8,34.8,1BR,standard,True,AG05
U031496,3,2,26.5,studio,standard,True,AG03
U031497,3,7,25.3,studio,standard,False,AG02
U031498,3,7,27.6,1BR,pool,True,AG03
U031499,3,1,25.6,studio,city,True,AG05
U031500,3,4,33.5,1BR,standard,True,AG03
U031501,3,4,21.4,studio,standard,False,AG05
U031502,3,8,29.3,1BR,city,True,AG02
U031503,3,2,43.1,1BR Plus,standard,False,AG01
U031504,3,4,22.3,studio,standard,True,AG01
U031505,3,4,21.0,studio,city,True,AG06
U031506,3,4,33.2,1BR,city,True,AG01
U031507,3,7,25.9,studio,standard,True,AG02
U031508,3,5,21.1,studio,standard,True,AG02
U031509,3,8,28.3,1BR,standard,False,AG03
U031510,3,7,24.9,studio,standard,False,AG01
U031511,3,1,43.6,1BR Plus,pool,True,AG06
U031512,3,7,20.7,studio,standard,True,AG01
U031513,3,8,32.3,1BR,standard,True,AG02
U031514,3,3,27.3,1BR,city,True,AG02
U031515,3,8,31.0,1BR,standard,True,AG01
U031516,3,3,28.6,1BR,pool,False,AG03
U031517,3,6,31.9,1BR,standard,True,AG04
U031518,3,8,24.1,studio,standard,True,AG06
U031519,3,5,23.0,studio,pool,False,AG05
U031520,3,8,25.4,studio,standard,True,AG05
U031521,3,6,31.9,1BR,standard,True,AG02
U031522,3,7,25.7,studio,city,False,AG05
U031523,3,6,25.9,studio,standard,True,AG02
U031524,3,7,40.2,1BR Plus,standard,True,AG01
U031525,3,6,26.9,studio,standard,True,AG03
U031526,3,4,21.7,studio,standard,True,AG04
U031527,3,8,43.0,1BR Plus,pool,False,AG02
U031528,3,2,28.9,1BR,pool,True,AG06
U031529,3,8,24.9,studio,city,True,AG01
U031530,3,5,23.8,studio,standard,True,AG03
U031531,3,3,21.0,studio,city,False,AG04
U031532,3,2,31.3,1BR,standard,True,AG05
U031533,3,1,25.7,studio,standard,True,AG03
U031534,3,3,33.5,1BR,standard,True,AG05
U031535,3,8,38.6,1BR Plus,standard,False,AG04
U031536,3,6,26.3,studio,standard,True,AG05
U031537,3,3,23.6,studio,pool,True,AG06
U031538,3,4,25.2,studio,standard,False,AG01
U031539,3,8,22.1,studio,city,False,AG04
U031540,3,8,24.0,studio,city,True,AG04
U031541,3,1,25.2,studio,pool,False,AG04
U031542,3,6,26.1,studio,standard,False,AG04
U031543,3,3,33.6,1BR,standard,True,AG01
U031544,3,1,24.4,studio,standard,False,AG01
U031545,3,5,29.3,1BR,city,True,AG06
U031546,3,4,23.2,studio,standard,True,AG06
U031547,3,2,25.2,studio,standard,True,AG02
U031548,3,5,26.4,studio,pool,False,AG03
U031549,3,3,22.5,studio,standard,True,AG05
U031550,3,8,21.4,studio,standard,True,AG02
U031551,3,7,31.0,1BR,pool,False,AG03
U031552,3,1,29.8,1BR,city,True,AG04
U031553,3,4,22.8,studio,standard,True,AG03
U031554,3,6,25.2,studio,standard,True,AG05
U031555,3,4,24.0,studio,standard,True,AG04
U031556,3,6,27.2,1BR,standard,True,AG05
U031557,3,2,21.4,studio,standard,True,AG04
U031558,3,2,21.4,studio,standard,True,AG01
U031559,3,5,20.8,studio,standard,False,AG05
U031560,3,5,33.2,1BR,pool,True,AG05
U031561,3,2,28.1,1BR,standard,True,AG06
U031562,3,5,27.5,1BR,standard,True,AG05
U031563,3,3,26.9,studio,pool,True,AG03
U031564,3,5,25.4,studio,pool,True,AG04
U031565,3,6,29.4,1BR,standard,True,AG06
U031566,3,5,28.1,1BR,standard,False,AG04
U031567,3,5,27.3,1BR,standard,False,AG04
U031568,3,7,25.3,studio,pool,True,AG03
U031569,3,4,25.1,studio,standard,True,AG01
U031570,3,7,30.1,1BR,standard,True,AG02
U031571,3,1,29.4,1BR,city,True,AG03
U031572,3,5,22.9,studio,standard,True,AG01
U031573,3,5,21.5,studio,standard,True,AG05
U031574,3,7,22.9,studio,city,False,AG01
U031575,3,7,32.0,1BR,standard,True,AG05
U031576,3,3,24.9,studio,city,True,AG02
U031577,3,7,23.2,studio,city,True,AG01
U031578,3,4,32.9,1BR,pool,True,AG06
U031579,3,8,31.4,1BR,standard,True,AG05
U031580,3,4,24.5,studio,city,True,AG05
U031581,3,4,31.6,1BR,pool,True,AG04
U031582,3,3,27.1,1BR,standard,False,AG04
U031583,3,2,39.2,1BR Plus,standard,True,AG05
U031584,3,4,27.4,1BR,city,False,AG04
U031585,3,3,26.9,studio,standard,True,AG04
U031586,3,1,24.9,studio,standard,False,AG04
U031587,3,1,32.6,1BR,standard,True,AG03
U031588,3,2,25.7,studio,standard,False,AG04
U031589,3,6,25.8,studio,standard,True,AG04
U031590,3,8,21.9,studio,standard,True,AG02
U031591,3,2,34.3,1BR,standard,True,AG01
U031592,3,3,34.1,1BR,city,True,AG03
U031593,3,1,22.3,studio,standard,True,AG04
U031594,3,6,25.2,studio,city,True,AG04
U031595,3,4,26.0,studio,standard,True,AG01
U031596,3,8,28.7,1BR,pool,False,AG04
U031597,3,2,46.7,1BR Plus,standard,True,AG03
U031598,3,4,20.8,studio,standard,True,AG06
U031599,3,3,35.1,1BR,standard,True,AG01
U031600,3,8,35.1,1BR,city,False,AG03
U031601,3,2,33.0,1BR,city,True,AG06
U031602,3,5,22.4,studio,pool,True,AG03
U031603,3,2,44.9,1BR Plus,city,True,AG02
U031604,3,4,22.4,studio,city,True,AG01
U031605,3,3,25.8,studio,standard,True,AG01
U031606,3,5,30.8,1BR,city,True,AG06
U031607,3,7,26.6,studio,standard,True,AG04
U031608,3,1,25.0,studio,standard,True,AG03
U031609,3,5,47.1,1BR Plus,city,True,AG05
U031610,3,2,23.3,studio,city,True,AG02
U031611,3,1,43.3,1BR Plus,standard,True,AG06
U031612,3,5,25.2,studio,standard,True,AG02
U031613,3,8,39.3,1BR Plus,standard,True,AG05
U031614,3,2,37.5,1BR Plus,standard,True,AG04
U031615,3,8,21.9,studio,standard,True,AG05
U031616,3,2,46.1,1BR Plus,city,True,AG01
U031617,3,5,23.5,studio,standard,False,AG05
U031618,3,8,22.9,studio,standard,True,AG05
U031619,3,8,27.1,1BR,standard,True,AG06
U031620,3,5,32.5,1BR,city,True,AG06
U031621,3,5,33.7,1BR,standard,True,AG02
U031622,3,8,22.7,studio,standard,True,AG02
U031623,3,6,27.0,1BR,standard,True,AG02
U031624,3,1,20.6,studio,standard,True,AG02
U031625,3,2,34.3,1BR,standard,False,AG04
U031626,3,1,33.8,1BR,city,True,AG01
U031627,3,6,26.3,studio,standard,True,AG04
U031628,3,3,23.4,studio,standard,False,AG04
U031629,3,8,46.8,1BR Plus,standard,True,AG01
U031630,3,3,21.9,studio,city,False,AG02
U031631,3,2,26.8,studio,standard,True,AG02
U031632,3,4,26.4,studio,city,True,AG04
U031633,3,7,30.8,1BR,standard,True,AG02
U031634,3,3,24.7,studio,pool,True,AG04
U031635,3,4,22.3,studio,pool,False,AG04
U031636,3,8,25.8,studio,standard,True,AG04
U031637,3,4,26.9,studio,pool,True,AG02
U031638,3,4,22.8,studio,standard,True,AG05
U031639,3,1,24.1,studio,standard,True,AG04
U031640,3,5,25.4,studio,standard,True,AG05
U031641,3,6,25.4,studio,city,True,AG04
U031642,3,5,23.4,studio,standard,True,AG04
U031643,3,4,46.0,1BR Plus,pool,True,AG03
U031644,3,4,26.0,studio,standard,False,AG04
U031645,3,7,32.2,1BR,city,True,AG01
U031646,3,5,24.9,studio,standard,True,AG03
U031647,3,5,28.1,1BR,standard,True,AG06
U031648,3,7,46.3,1BR Plus,standard,True,AG03
U031649,3,5,32.9,1BR,standard,True,AG02
U031650,3,2,44.7,1BR Plus,standard,False,AG04
U031651,3,3,26.4,studio,city,True,AG03
U031652,3,1,35.2,1BR,standard,False,AG01
U031653,3,3,41.3,1BR Plus,standard,False,AG02
U031654,3,3,29.0,1BR,city,False,AG02
U031655,3,8,25.8,studio,standard,True,AG05
U031656,3,4,32.8,1BR,standard,True,AG05
U031657,3,3,31.2,1BR,city,True,AG01
U031658,3,6,34.1,1BR,city,True,AG05
U031659,3,4,26.8,studio,standard,False,AG01
U031660,3,4,35.4,1BR,standard,True,AG02
U031661,3,8,35.5,1BR,pool,True,AG04
U031662,3,7,24.1,studio,standard,True,AG05
U031663,3,3,21.7,studio,pool,True,AG05
U031664,3,5,20.6,studio,standard,True,AG04
U031665,3,4,21.3,studio,standard,True,AG01
U031666,3,5,32.7,1BR,city,True,AG05
U031667,3,2,34.5,1BR,city,True,AG02
U031668,3,3,20.7,studio,standard,True,AG04
U031669,3,5,33.4,1BR,standard,True,AG05
U031670,3,2,30.2,1BR,standard,True,AG01
U031671,3,3,29.6,1BR,standard,True,AG01
U031672,3,5,21.5,studio,city,True,AG01
U031673,3,2,22.3,studio,standard,False,AG03
U031674,3,1,24.9,studio,city,True,AG03
U031675,3,6,30.7,1BR,standard,True,AG02
U031676,3,7,23.3,studio,pool,False,AG02
U031677,3,2,32.4,1BR,standard,False,AG01
U031678,3,8,31.6,1BR,city,True,AG06
U031679,3,7,32.4,1BR,standard,True,AG02
U031680,3,3,23.7,studio,city,False,AG06
U031681,3,6,23.4,studio,standard,True,AG04
U031682,3,5,33.4,1BR,city,True,AG02
U031683,3,5,32.6,1BR,standard,True,AG04
U031684,3,2,32.2,1BR,standard,True,AG05
U031685,3,5,23.5,studio,standard,True,AG05
U031686,3,5,24.0,studio,pool,True,AG03
U031687,3,8,25.7,studio,standard,False,AG04
U031688,3,8,27.2,1BR,standard,False,AG05
U031689,3,1,24.4,studio,standard,False,AG02
U031690,3,8,23.7,studio,standard,False,AG03
U031691,3,8,32.8,1BR,standard,True,AG01
U031692,3,4,22.6,studio,standard,True,AG06
U031693,3,3,21.1,studio,pool,True,AG03
U031694,3,3,36.9,1BR Plus,standard,True,AG02
U031695,3,5,25.2,studio,pool,False,AG01
U031696,3,4,24.0,studio,standard,True,AG05
U031697,3,1,28.9,1BR,standard,False,AG01
U031698,3,7,26.8,studio,standard,True,AG04
U031699,3,4,24.5,studio,standard,True,AG04
U031700,3,1,42.9,1BR Plus,standard,True,AG05
U031701,3,5,33.3,1BR,standard,True,AG05
U031702,3,5,41.4,1BR Plus,pool,True,AG02
U031703,3,1,21.0,studio,standard,True,AG05
U031704,3,4,26.9,studio,standard,True,AG01
U031705,3,5,28.9,1BR,standard,True,AG06
U031706,3,8,23.5,studio,pool,True,AG01
U031707,3,2,24.4,studio,standard,True,AG05
U031708,3,5,25.4,studio,city,False,AG03
U031709,3,2,31.4,1BR,standard,True,AG06
U031710,3,2,26.8,studio,standard,True,AG03
U031711,3,3,25.7,studio,standard,True,AG03
U031712,3,3,35.4,1BR,standard,False,AG04
U031713,3,5,21.8,studio,standard,False,AG06
U031714,3,3,21.2,studio,standard,True,AG01
U031715,3,4,35.2,1BR,standard,False,AG04
U031716,3,6,41.6,1BR Plus,standard,True,AG04
U031717,3,3,24.0,studio,standard,True,AG06
U031718,3,5,22.2,studio,standard,False,AG01
U031719,3,2,23.4,studio,standard,True,AG03
U031720,3,4,24.5,studio,standard,True,AG03
U031721,3,4,41.4,1BR Plus,city,False,AG06
U031722,3,2,20.7,studio,pool,True,AG05
U031723,3,2,21.1,studio,standard,True,AG03
U031724,3,1,22.2,studio,pool,True,AG02
U031725,3,3,26.8,studio,city,False,AG05
U031726,3,3,22.2,studio,standard,True,AG01
U031727,3,3,34.2,1BR,standard,True,AG02
U031728,3,7,26.5,studio,city,True,AG03
U031729,3,2,24.0,studio,standard,False,AG03
U031730,3,8,29.3,1BR,standard,False,AG04
U031731,3,7,30.7,1BR,standard,False,AG06
U031732,3,5,23.3,studio,standard,False,AG01
U031733,3,2,25.2,studio,standard,True,AG01
U031734,3,4,35.0,1BR,standard,False,AG04
U031735,3,8,22.4,studio,standard,True,AG04
U031736,3,4,21.1,studio,standard,True,AG05
U031737,3,5,25.0,studio,standard,True,AG06
U031738,3,6,45.6,1BR Plus,standard,True,AG06
U031739,3,8,22.3,studio,city,True,AG04
U031740,3,5,31.1,1BR,city,True,AG06
U031741,3,8,33.7,1BR,pool,True,AG04
U031742,3,6,21.7,studio,standard,True,AG06
U031743,3,4,21.9,studio,standard,True,AG01
U031744,3,7,22.8,studio,standard,False,AG06
U031745,3,3,22.0,studio,standard,True,AG02
U031746,3,1,24.3,studio,standard,True,AG01
U031747,3,8,32.7,1BR,standard,False,AG02
U031748,3,6,21.9,studio,city,True,AG02
U031749,3,1,23.5,studio,city,False,AG04
U031750,3,7,31.2,1BR,standard,True,AG03
U031751,3,7,43.0,1BR Plus,city,False,AG01
U031752,3,3,25.3,studio,standard,True,AG03
U031753,3,1,33.5,1BR,standard,True,AG04
U031754,3,3,21.6,studio,city,True,AG02
U031755,3,8,23.6,studio,city,False,AG05
U031756,3,7,24.8,studio,city,True,AG03
U031757,3,5,33.2,1BR,city,True,AG01
U031758,3,2,26.4,studio,standard,True,AG02
U031759,3,3,21.9,studio,standard,False,AG01
U031760,3,6,31.3,1BR,city,True,AG01
U031761,3,2,23.4,studio,pool,True,AG05
U031762,3,8,31.9,1BR,city,True,AG06
U031763,3,4,33.8,1BR,standard,False,AG06
U031764,3,7,21.7,studio,pool,True,AG02
U031765,3,3,33.5,1BR,standard,True,AG05
U031766,3,5,33.5,1BR,standard,True,AG03
U031767,3,7,26.2,studio,standard,False,AG06
U031768,3,3,22.8,studio,standard,True,AG05
U031769,3,8,24.2,studio,standard,False,AG06
U040000,4,7,32.7,1BR,city,True,AG06
U040001,4,1,21.3,studio,pool,False,AG05
U040002,4,8,26.7,studio,standard,False,AG06
U040003,4,7,30.9,1BR,standard,True,AG04
U040004,4,4,31.0,1BR,standard,True,AG02
U040005,4,2,30.5,1BR,pool,True,AG04
U040006,4,1,33.0,1BR,standard,True,AG02
U040007,4,2,28.0,1BR,standard,True,AG05
U040008,4,4,36.0,1BR Plus,city,True,AG06
U040009,4,1,25.7,studio,standard,False,AG01
U040010,4,2,26.5,studio,standard,True,AG05
U040011,4,5,24.4,studio,standard,True,AG04
U040012,4,8,33.0,1BR,standard,True,AG01
U040013,4,4,20.7,studio,city,False,AG05
U040014,4,6,25.5,studio,standard,True,AG04
U040015,4,8,27.1,1BR,standard,True,AG01
U040016,4,4,30.6,1BR,standard,False,AG04
U040017,4,1,23.3,studio,city,True,AG05
U040018,4,2,42.2,1BR Plus,standard,True,AG03
U040019,4,5,32.5,1BR,pool,True,AG03
U040020,4,4,24.4,studio,city,True,AG04
U040021,4,8,23.1,studio,city,True,AG06
U040022,4,1,22.1,studio,city,False,AG03
U040023,4,8,26.2,studio,standard,False,AG04
U040024,4,1,22.0,studio,standard,True,AG03
U040025,4,1,37.5,1BR Plus,city,True,AG01
U040026,4,1,25.9,studio,standard,True,AG05
U040027,4,8,25.9,studio,standard,True,AG04
U040028,4,2,31.1,1BR,standard,True,AG04
U040029,4,5,21.5,studio,standard,True,AG02
U040030,4,1,21.0,studio,standard,True,AG06
U040031,4,5,26.8,studio,standard,True,AG03
U040032,4,7,22.6,studio,standard,True,AG04
U040033,4,3,31.1,1BR,standard,True,AG03
U040034,4,3,39.7,1BR Plus,standard,False,AG06
U040035,4,3,31.3,1BR,standard,True,AG05
U040036,4,1,31.7,1BR,standard,True,AG05
U040037,4,5,29.1,1BR,standard,True,AG03
U040038,4,6,32.2,1BR,pool,True,AG06
U040039,4,5,21.3,studio,pool,False,AG03
U040040,4,2,21.5,studio,standard,True,AG02
U040041,4,6,20.9,studio,pool,False,AG03
U040042,4,8,27.4,1BR,standard,False,AG01
U040043,4,2,22.3,studio,standard,True,AG06
U040044,4,5,25.2,studio,standard,False,AG05
U040045,4,6,23.1,studio,standard,True,AG04
U040046,4,1,21.1,studio,city,True,AG06
U040047,4,5,23.3,studio,city,True,AG06
U040048,4,4,27.0,studio,pool,True,AG01
U040049,4,8,34.3,1BR,standard,True,AG05
U040050,4,3,35.2,1BR,standard,True,AG04
U040051,4,5,31.1,1BR,standard,True,AG02
U040052,4,7,23.3,studio,standard,True,AG01
U040053,4,1,27.7,1BR,city,False,AG05
U040054,4,7,21.4,studio,pool,True,AG05
U040055,4,1,24.1,studio,standard,True,AG03
U040056,4,7,23.8,studio,city,True,AG03
U040057,4,7,26.3,studio,pool,True,AG02
U040058,4,7,28.2,1BR,standard,True,AG03
U040059,4,1,24.8,studio,standard,True,AG03
U040060,4,8,34.7,1BR,standard,False,AG03
U040061,4,6,31.4,1BR,standard,True,AG01
U040062,4,8,30.0,1BR,standard,True,AG02
U040063,4,4,21.6,studio,standard,True,AG03
U040064,4,6,21.0,studio,standard,True,AG02
U040065,4,6,21.5,studio,standard,True,AG03
U040066,4,7,26.1,studio,city,True,AG04
U040067,4,4,34.8,1BR,city,True,AG03
U040068,4,6,35.1,1BR,standard,False,AG03
U040069,4,5,23.3,studio,city,False,AG02
U040070,4,2,34.9,1BR,standard,True,AG02
U040071,4,2,25.6,studio,city,True,AG04
U040072,4,6,21.6,studio,standard,True,AG05
U040073,4,4,26.6,studio,standard,True,AG04
U040074,4,1,31.3,1BR,city,False,AG05
U040075,4,1,46.7,1BR Plus,pool,True,AG04
U040076,4,5,45.7,1BR Plus,pool,True,AG03
U040077,4,1,24.1,studio,city,True,AG06
U040078,4,3,44.8,1BR Plus,city,True,AG05
U040079,4,8,23.9,studio,standard,True,AG02
U040080,4,2,31.2,1BR,standard,False,AG06
U040081,4,5,24.7,studio,standard,True,AG04
U040082,4,8,24.1,studio,city,False,AG03
U040083,4,1,26.9,studio,pool,False,AG01
U040084,4,4,23.7,studio,city,False,AG06
U040085,4,3,25.9,studio,standard,True,AG06
U040086,4,7,43.1,1BR Plus,city,True,AG06
U040087,4,5,30.4,1BR,pool,False,AG06
U040088,4,1,28.7,1BR,standard,True,AG02
U040089,4,8,20.8,studio,standard,True,AG02
U040090,4,7,25.5,studio,standard,True,AG06
U040091,4,1,21.2,studio,pool,True,AG01
U040092,4,5,29.1,1BR,city,True,AG04
U040093,4,8,24.6,studio,standard,True,AG01
U040094,4,7,22.8,studio,city,True,AG05
U040095,4,1,41.4,1BR Plus,standard,False,AG01
U040096,4,3,22.3,studio,city,True,AG05
U040097,4,4,32.5,1BR,standard,True,AG03
U040098,4,2,25.9,studio,standard,True,AG05
U040099,4,5,21.3,studio,city,False,AG02
U040100,4,6,30.0,1BR,standard,True,AG02
U040101,4,1,23.1,studio,standard,True,AG01
U040102,4,5,33.4,1BR,pool,True,AG04
U040103,4,3,21.7,studio,standard,False,AG02
U040104,4,5,24.1,studio,standard,False,AG02
U040105,4,7,30.9,1BR,standard,False,AG03
U040106,4,7,21.9,studio,city,True,AG06
U040107,4,1,33.4,1BR,standard,True,AG01
U040108,4,8,25.1,studio,standard,True,AG04
U040109,4,8,22.1,studio,standard,True,AG06
U040110,4,4,26.8,studio,standard,False,AG01
U040111,4,5,21.2,studio,pool,True,AG04
U040112,4,1,26.1,studio,standard,True,AG02
U040113,4,7,33.7,1BR,standard,True,AG03
U040114,4,7,21.6,studio,city,True,AG04
U040115,4,3,27.5,1BR,standard,False,AG04
U040116,4,4,45.3,1BR Plus,city,True,AG02
U040117,4,4,46.3,1BR Plus,standard,False,AG01
U040118,4,6,30.0,1BR,standard,True,AG06
U040119,4,4,26.7,studio,pool,True,AG03
U040120,4,7,43.7,1BR Plus,standard,True,AG03
U040121,4,2,31.1,1BR,standard,True,AG04
U040122,4,7,23.2,studio,standard,True,AG04
U040123,4,4,45.7,1BR Plus,standard,True,AG04
U040124,4,4,29.6,1BR,standard,False,AG05
U040125,4,1,32.0,1BR,city,False,AG02
U040126,4,1,35.3,1BR,standard,True,AG01
U040127,4,8,31.1,1BR,standard,False,AG04
U040128,4,1,24.7,studio,standard,True,AG05
U040129,4,8,21.9,studio,standard,True,AG03
U040130,4,2,26.7,studio,standard,True,AG06
U040131,4,6,44.5,1BR Plus,standard,True,AG05
U040132,4,1,20.6,studio,standard,False,AG01
U040133,4,3,33.2,1BR,standard,False,AG05
U040134,4,8,28.8,1BR,standard,True,AG04
U040135,4,2,24.5,studio,standard,True,AG05
U040136,4,6,21.5,studio,standard,True,AG04
U040137,4,1,37.7,1BR Plus,pool,True,AG06
U040138,4,2,37.9,1BR Plus,city,True,AG03
U040139,4,2,28.3,1BR,city,True,AG05
U040140,4,1,32.3,1BR,city,True,AG05
U040141,4,2,22.2,studio,standard,True,AG04
U040142,4,1,26.2,studio,standard,False,AG04
U040143,4,4,26.6,studio,standard,True,AG05
U040144,4,3,26.5,studio,standard,True,AG02
U040145,4,8,34.3,1BR,city,True,AG06
U040146,4,1,26.5,studio,city,True,AG06
U040147,4,1,23.5,studio,standard,True,AG03
U040148,4,1,40.0,1BR Plus,city,False,AG04
U040149,4,5,28.8,1BR,pool,True,AG01
U040150,4,8,26.3,studio,standard,True,AG05
U040151,4,1,21.6,studio,pool,True,AG05
U040152,4,4,22.4,studio,city,True,AG02
U040153,4,1,32.4,1BR,standard,True,AG06
U040154,4,3,21.6,studio,standard,True,AG03
U040155,4,7,21.4,studio,city,True,AG03
U040156,4,3,23.1,studio,standard,True,AG04
U040157,4,5,33.2,1BR,standard,True,AG01
U040158,4,6,22.3,studio,standard,False,AG02
U040159,4,6,34.3,1BR,standard,False,AG03
U040160,4,2,31.8,1BR,standard,True,AG03
U040161,4,1,22.4,studio,pool,True,AG02
U040162,4,7,22.0,studio,city,False,AG01
U040163,4,4,27.0,studio,pool,True,AG03
U040164,4,5,24.9,studio,standard,True,AG03
U040165,4,4,29.7,1BR,standard,True,AG01
U040166,4,4,29.2,1BR,pool,True,AG06
U040167,4,3,21.7,studio,city,True,AG01
U040168,4,5,26.2,studio,standard,True,AG03
U040169,4,7,22.6,studio,city,True,AG03
U040170,4,2,45.2,1BR Plus,city,True,AG01
U040171,4,7,38.9,1BR Plus,pool,True,AG04
U040172,4,5,20.8,studio,city,True,AG06
U040173,4,5,21.7,studio,standard,True,AG02
U040174,4,2,22.9,studio,standard,True,AG04
U040175,4,5,23.2,studio,standard,False,AG02
U040176,4,7,24.7,studio,city,True,AG05
U040177,4,8,34.6,1BR,standard,True,AG03
U040178,4,2,35.4,1BR,city,False,AG04
U040179,4,3,22.7,studio,city,False,AG04
U040180,4,2,26.1,studio,pool,True,AG01
U040181,4,4,27.1,1BR,city,False,AG03
U040182,4,4,44.0,1BR Plus,city,True,AG05
U040183,4,3,25.9,studio,standard,True,AG02
U040184,4,4,29.3,1BR,standard,True,AG02
U040185,4,3,21.4,studio,city,True,AG03
U040186,4,7,35.6,1BR Plus,standard,True,AG01
U040187,4,5,26.5,studio,standard,True,AG01
U040188,4,2,32.0,1BR,standard,True,AG06
U040189,4,5,32.4,1BR,standard,False,AG02
U040190,4,3,24.6,studio,standard,False,AG05
U040191,4,3,33.5,1BR,pool,True,AG04
U040192,4,5,40.8,1BR Plus,standard,True,AG01
U040193,4,1,21.3,studio,standard,True,AG06
U040194,4,6,24.8,studio,standard,False,AG02
U040195,4,8,35.0,1BR,city,True,AG04
U040196,4,1,21.0,studio,city,True,AG03
U040197,4,1,25.5,studio,standard,False,AG01
U040198,4,8,20.7,studio,standard,True,AG06
U040199,4,3,24.9,studio,city,True,AG01
U040200,4,6,26.1,studio,standard,True,AG06
U040201,4,8,26.5,studio,city,True,AG06
U040202,4,7,24.9,studio,standard,True,AG01
U040203,4,1,24.7,studio,standard,True,AG06
U040204,4,5,27.7,1BR,city,True,AG06
U040205,4,8,23.7,studio,standard,True,AG05
U040206,4,8,22.7,studio,standard,True,AG01
U040207,4,8,42.3,1BR Plus,city,True,AG03
U040208,4,4,22.5,studio,pool,True,AG02
U040209,4,4,26.7,studio,standard,True,AG06
U040210,4,1,35.1,1BR,standard,True,AG03
U040211,4,2,21.6,studio,standard,False,AG03
U040212,4,5,27.3,1BR,city,True,AG03
U040213,4,1,21.0,studio,standard,True,AG02
U040214,4,5,33.8,1BR,standard,False,AG06
U040215,4,6,24.4,studio,pool,True,AG01
U040216,4,7,21.6,studio,city,True,AG05
U040217,4,3,25.0,studio,standard,True,AG05
U040218,4,7,27.9,1BR,standard,True,AG04
U040219,4,3,25.2,studio,standard,False,AG02
U040220,4,8,34.0,1BR,standard,True,AG01
U040221,4,6,28.9,1BR,standard,True,AG03
U040222,4,3,26.7,studio,standard,True,AG06
U040223,4,4,43.1,1BR Plus,standard,True,AG05
U040224,4,2,34.9,1BR,standard,True,AG01
U040225,4,3,22.1,studio,pool,True,AG03
U040226,4,6,23.6,studio,standard,False,AG03
U040227,4,7,26.2,studio,standard,True,AG02
U040228,4,1,22.8,studio,city,True,AG02
U040229,4,2,24.4,studio,pool,False,AG01
U040230,4,7,21.8,studio,standard,True,AG04
U040231,4,6,22.3,studio,standard,True,AG04
U040232,4,4,21.6,studio,city,True,AG06
U040233,4,4,22.6,studio,standard,True,AG02
U040234,4,7,30.8,1BR,city,True,AG01
U040235,4,1,22.7,studio,standard,True,AG05
U040236,4,7,22.4,studio,pool,True,AG02
U040237,4,5,27.0,1BR,standard,True,AG03
U040238,4,3,29.1,1BR,city,False,AG05
U040239,4,5,22.4,studio,standard,False,AG05
U040240,4,2,34.9,1BR,city,False,AG04
U040241,4,6,39.7,1BR Plus,standard,False,AG06
U040242,4,1,24.8,studio,city,True,AG01
U040243,4,5,44.2,1BR Plus,standard,True,AG03
U040244,4,7,25.8,studio,pool,True,AG05
U040245,4,4,21.8,studio,standard,True,AG03
U040246,4,6,31.2,1BR,city,True,AG01
U040247,4,3,31.3,1BR,standard,True,AG04
U040248,4,5,26.0,studio,pool,True,AG02
U040249,4,5,30.0,1BR,standard,True,AG06
U040250,4,8,26.7,studio,standard,False,AG06
U040251,4,7,21.7,studio,standard,True,AG06
U040252,4,8,22.1,studio,city,True,AG06
U040253,4,1,23.2,studio,standard,True,AG03
U040254,4,1,37.8,1BR Plus,standard,True,AG03
U040255,4,6,30.0,1BR,city,True,AG06
U040256,4,2,24.6,studio,standard,False,AG01
U040257,4,7,44.4,1BR Plus,standard,True,AG02
U040258,4,8,23.1,studio,pool,True,AG01
U040259,4,2,23.2,studio,city,True,AG06
U040260,4,3,22.4,studio,pool,True,AG04
U040261,4,5,26.3,studio,pool,True,AG03
U040262,4,8,24.1,studio,standard,True,AG05
U040263,4,1,22.5,studio,pool,True,AG05
U040264,4,3,23.9,studio,pool,True,AG02
U040265,4,8,23.7,studio,standard,True,AG06
U040266,4,2,24.6,studio,standard,True,AG06
U040267,4,1,31.5,1BR,standard,True,AG01
U040268,4,5,34.6,1BR,standard,True,AG02
U040269,4,2,21.4,studio,standard,True,AG05
U040270,4,1,22.0,studio,city,True,AG05
U040271,4,3,24.5,studio,standard,True,AG05
U040272,4,6,33.0,1BR,standard,True,AG04
U040273,4,3,23.6,studio,standard,True,AG05
U040274,4,8,28.7,1BR,city,True,AG05
U040275,4,5,26.9,studio,standard,True,AG06
U040276,4,6,34.5,1BR,standard,True,AG05
U040277,4,4,32.7,1BR,pool,False,AG05
U040278,4,2,24.3,studio,standard,True,AG06
U040279,4,8,27.0,studio,pool,True,AG05
U040280,4,5,25.5,studio,city,True,AG02
U040281,4,8,29.2,1BR,city,True,AG01
U040282,4,2,34.6,1BR,city,True,AG02
U040283,4,8,26.7,studio,standard,True,AG05
U040284,4,7,21.6,studio,city,True,AG02
U040285,4,5,46.0,1BR Plus,pool,True,AG06
U040286,4,7,31.4,1BR,city,False,AG01
U040287,4,4,24.8,studio,standard,False,AG06
U040288,4,1,24.7,studio,standard,True,AG02
U040289,4,2,29.1,1BR,city,True,AG06
U040290,4,4,37.1,1BR Plus,pool,False,AG02
U040291,4,2,25.3,studio,standard,True,AG03
U040292,4,2,23.1,studio,standard,True,AG06
U040293,4,4,23.6,studio,standard,False,AG05
U040294,4,8,25.4,studio,standard,True,AG03
U040295,4,2,44.0,1BR Plus,standard,False,AG02
U040296,4,7,27.9,1BR,city,True,AG02
U040297,4,8,24.3,studio,standard,True,AG03
U040298,4,1,30.8,1BR,city,False,AG06
U040299,4,8,22.3,studio,pool,True,AG06
U040300,4,1,23.2,studio,standard,True,AG02
U040301,4,6,21.5,studio,standard,False,AG01
U040302,4,5,32.9,1BR,city,True,AG02
U040303,4,2,31.6,1BR,city,True,AG05
U040304,4,5,35.5,1BR,standard,True,AG05
U040305,4,2,33.8,1BR,standard,False,AG05
U040306,4,4,45.1,1BR Plus,standard,True,AG06
U040307,4,8,31.7,1BR,standard,True,AG04
U040308,4,6,26.3,studio,standard,True,AG04
U040309,4,8,34.3,1BR,city,True,AG03
U040310,4,1,25.9,studio,standard,True,AG02
U040311,4,8,24.0,studio,city,True,AG03
U040312,4,1,33.5,1BR,standard,False,AG04
U040313,4,5,26.2,studio,standard,True,AG01
U040314,4,3,23.3,studio,standard,True,AG05
U040315,4,7,41.9,1BR Plus,standard,False,AG05
U040316,4,2,22.0,studio,city,False,AG05
U040317,4,8,32.7,1BR,pool,False,AG06
U040318,4,5,23.5,studio,city,True,AG04
U040319,4,4,27.5,1BR,standard,True,AG01
U040320,4,4,24.7,studio,pool,False,AG05
U040321,4,4,25.7,studio,standard,True,AG02
U040322,4,4,21.5,studio,standard,False,AG02
U040323,4,6,24.5,studio,city,True,AG06
U040324,4,2,25.8,studio,standard,True,AG02
U040325,4,4,27.9,1BR,standard,True,AG04
U040326,4,4,26.9,studio,standard,False,AG04
U040327,4,4,25.0,studio,standard,True,AG04
U040328,4,4,26.9,studio,city,True,AG05
U040329,4,6,25.3,studio,standard,True,AG05
U040330,4,5,30.5,1BR,standard,True,AG06
U040331,4,8,36.0,1BR Plus,standard,True,AG06
U040332,4,1,28.3,1BR,standard,True,AG05
U040333,4,4,33.0,1BR,city,True,AG04
U040334,4,1,34.7,1BR,city,False,AG06
U040335,4,4,22.2,studio,standard,True,AG03
U040336,4,5,30.1,1BR,standard,True,AG01
U040337,4,8,24.8,studio,standard,True,AG02
U040338,4,1,25.9,studio,pool,True,AG02
U040339,4,1,20.7,studio,standard,True,AG03
U040340,4,5,31.7,1BR,standard,True,AG06
U040341,4,7,40.3,1BR Plus,pool,True,AG01
U040342,4,8,24.5,studio,standard,True,AG01
U040343,4,5,22.3,studio,standard,True,AG01
U040344,4,8,24.2,studio,standard,True,AG01
U040345,4,2,24.8,studio,pool,True,AG06
U040346,4,8,21.0,studio,city,False,AG04
U040347,4,8,26.9,studio,standard,True,AG06
U040348,4,8,39.2,1BR Plus,city,True,AG03
U040349,4,2,21.6,studio,city,True,AG04
U040350,4,2,34.9,1BR,city,False,AG06
U040351,4,3,23.3,studio,city,True,AG06
U040352,4,1,24.0,studio,standard,True,AG01
U040353,4,5,25.0,studio,standard,True,AG04
U040354,4,7,26.8,studio,city,True,AG04
U040355,4,8,20.7,studio,standard,True,AG06
U040356,4,6,30.9,1BR,standard,True,AG06
U040357,4,3,32.5,1BR,standard,True,AG05
U040358,4,5,33.5,1BR,standard,True,AG02
U040359,4,6,26.6,studio,city,True,AG02
U040360,4,6,26.6,studio,city,False,AG03
U040361,4,5,38.1,1BR Plus,city,True,AG02
U040362,4,5,25.4,studio,standard,True,AG04
U040363,4,1,32.3,1BR,city,True,AG05
U040364,4,6,20.7,studio,standard,False,AG02
U040365,4,4,24.9,studio,standard,True,AG02
U040366,4,7,21.0,studio,standard,False,AG03
U040367,4,6,23.6,studio,standard,True,AG06
U040368,4,5,27.7,1BR,standard,False,AG06
U040369,4,5,35.1,1BR,city,True,AG06
U040370,4,1,34.7,1BR,pool,False,AG02
U040371,4,4,22.5,studio,city,True,AG06
U040372,4,5,22.9,studio,city,True,AG02
U040373,4,4,24.3,studio,city,True,AG04
U040374,4,7,25.9,studio,standard,True,AG02
U040375,4,7,28.7,1BR,standard,False,AG04
U040376,4,5,33.3,1BR,standard,True,AG02
U040377,4,5,24.4,studio,standard,False,AG05
U040378,4,8,35.2,1BR,standard,False,AG05
U040379,4,3,31.7,1BR,city,False,AG06
U040380,4,1,34.5,1BR,standard,True,AG04
U040381,4,7,24.6,studio,city,True,AG02
U040382,4,8,21.2,studio,standard,True,AG02
U040383,4,4,32.6,1BR,standard,True,AG02
U040384,4,3,31.9,1BR,pool,True,AG05
U040385,4,5,24.3,studio,standard,True,AG04
U040386,4,2,22.2,studio,standard,True,AG03
U040387,4,1,35.1,1BR,pool,False,AG04
U040388,4,7,30.5,1BR,standard,True,AG01
U040389,4,6,27.7,1BR,city,True,AG03
U040390,4,6,23.8,studio,city,True,AG05
U040391,4,6,22.7,studio,standard,True,AG04
U040392,4,7,22.0,studio,standard,True,AG05
U040393,4,8,24.9,studio,standard,True,AG01
U040394,4,2,26.7,studio,standard,True,AG06
U040395,4,3,25.9,studio,pool,True,AG04
U040396,4,7,25.3,studio,standard,True,AG01
U040397,4,2,22.9,studio,city,False,AG02
U040398,4,3,25.6,studio,city,True,AG06
U040399,4,5,23.4,studio,standard,True,AG04
U040400,4,2,22.8,studio,standard,True,AG02
U040401,4,4,27.9,1BR,standard,True,AG02
U040402,4,7,30.3,1BR,standard,True,AG05
U040403,4,4,26.7,studio,standard,True,AG06
U040404,4,4,23.3,studio,standard,True,AG04
U040405,4,8,31.8,1BR,standard,True,AG03
U040406,4,8,42.8,1BR Plus,standard,True,AG01
U040407,4,4,27.4,1BR,standard,True,AG01
U040408,4,8,21.9,studio,standard,True,AG03
U040409,4,6,30.2,1BR,pool,False,AG04
U040410,4,8,27.9,1BR,city,True,AG05
U040411,4,1,25.7,studio,standard,True,AG02
U040412,4,1,39.1,1BR Plus,standard,True,AG06
U040413,4,8,33.3,1BR,pool,True,AG03
U040414,4,7,30.5,1BR,city,True,AG02
U040415,4,3,22.9,studio,city,True,AG06
U040416,4,7,45.4,1BR Plus,pool,True,AG05
U040417,4,5,24.0,studio,city,True,AG01
U040418,4,8,23.8,studio,standard,False,AG01
U040419,4,4,33.7,1BR,pool,True,AG03
U040420,4,8,21.8,studio,standard,True,AG02
U040421,4,8,30.8,1BR,pool,True,AG03
U040422,4,4,23.7,studio,standard,True,AG03
U040423,4,3,34.0,1BR,city,True,AG04
U040424,4,8,27.5,1BR,standard,True,AG03
U040425,4,5,20.7,studio,city,True,AG03
U040426,4,6,28.9,1BR,city,True,AG04
U040427,4,8,22.3,studio,standard,True,AG03
U040428,4,5,24.5,studio,city,True,AG04
U040429,4,7,32.9,1BR,city,True,AG01
U040430,4,1,23.3,studio,standard,False,AG04
U040431,4,4,22.5,studio,standard,False,AG03
U040432,4,6,34.5,1BR,city,True,AG02
U040433,4,3,23.6,studio,pool,True,AG03
U040434,4,2,26.5,studio,standard,True,AG02
U040435,4,4,24.9,studio,pool,False,AG05
U040436,4,2,25.6,studio,standard,False,AG02
U040437,4,8,36.5,1BR Plus,pool,True,AG06
U040438,4,6,26.6,studio,city,False,AG02
U040439,4,3,36.5,1BR Plus,pool,True,AG02
U040440,4,6,21.8,studio,standard,True,AG04
U040441,4,1,35.4,1BR,standard,True,AG04
U040442,4,7,32.0,1BR,city,True,AG06
U040443,4,7,46.0,1BR Plus,standard,True,AG03
U040444,4,7,33.0,1BR,standard,True,AG01
U040445,4,8,25.6,studio,standard,True,AG03
U040446,4,1,34.3,1BR,standard,True,AG06
U040447,4,4,28.4,1BR,city,True,AG06
U040448,4,1,23.7,studio,city,True,AG06
U040449,4,7,31.8,1BR,city,True,AG02
U040450,4,8,26.0,studio,standard,True,AG06
U040451,4,7,23.9,studio,standard,True,AG03
U040452,4,1,29.4,1BR,standard,True,AG06
U040453,4,2,29.7,1BR,standard,True,AG06
U040454,4,4,25.7,studio,standard,True,AG01
U040455,4,3,21.5,studio,standard,True,AG04
U040456,4,3,31.2,1BR,standard,True,AG05
U040457,4,3,31.7,1BR,city,True,AG03
U040458,4,1,22.2,studio,standard,False,AG05
U040459,4,5,27.8,1BR,pool,True,AG01
U040460,4,7,27.3,1BR,city,True,AG03
U040461,4,8,35.8,1BR Plus,standard,True,AG02
U040462,4,5,24.9,studio,pool,True,AG05
U040463,4,5,32.9,1BR,standard,True,AG06
U040464,4,1,24.1,studio,city,True,AG03
U040465,4,5,26.0,studio,pool,True,AG02
U040466,4,4,31.9,1BR,standard,True,AG02
U040467,4,7,36.5,1BR Plus,pool,True,AG03
U040468,4,3,30.1,1BR,standard,False,AG03
U040469,4,6,24.9,studio,city,True,AG05
U040470,4,8,23.7,studio,city,True,AG04
U040471,4,8,25.4,studio,standard,False,AG04
U040472,4,7,35.3,1BR,pool,True,AG04
U040473,4,1,23.7,studio,standard,True,AG02
U040474,4,5,26.3,studio,standard,True,AG06
U040475,4,5,22.1,studio,standard,False,AG06
U040476,4,7,35.8,1BR Plus,standard,True,AG02
U040477,4,5,28.6,1BR,standard,True,AG04
U040478,4,5,22.3,studio,standard,False,AG05
U040479,4,2,37.0,1BR Plus,standard,True,AG05
U040480,4,5,21.3,studio,standard,False,AG02
U040481,4,8,30.2,1BR,city,True,AG02
U040482,4,5,25.0,studio,standard,True,AG03
U040483,4,5,26.1,studio,standard,False,AG06
U040484,4,7,24.4,studio,standard,True,AG02
U040485,4,4,21.2,studio,standard,True,AG01
U040486,4,6,33.0,1BR,city,False,AG05
U040487,4,4,25.2,studio,standard,False,AG03
U040488,4,5,34.7,1BR,city,True,AG03
U040489,4,5,21.9,studio,standard,True,AG01
U040490,4,6,22.6,studio,city,True,AG06
U040491,4,7,32.0,1BR,standard,True,AG03
U040492,4,8,25.7,studio,city,True,AG01
U040493,4,3,26.7,studio,standard,True,AG01
U040494,4,3,44.9,1BR Plus,standard,True,AG05
U040495,4,2,31.6,1BR,pool,True,AG05
U040496,4,5,31.8,1BR,standard,True,AG04
U040497,4,1,42.5,1BR Plus,standard,True,AG01
U040498,4,1,24.0,studio,standard,True,AG04
U040499,4,2,25.2,studio,standard,True,AG03
U040500,4,2,44.4,1BR Plus,standard,True,AG02
U040501,4,7,25.3,studio,standard,True,AG06
U040502,4,8,24.1,studio,standard,True,AG02
U040503,4,7,39.0,1BR Plus,standard,True,AG01
U040504,4,3,21.2,studio,city,False,AG03
U040505,4,5,23.4,studio,pool,True,AG05
U040506,4,8,20.9,studio,city,True,AG06
U040507,4,5,25.0,studio,city,True,AG04
U040508,4,5,28.6,1BR,city,True,AG03
U040509,4,8,21.7,studio,standard,True,AG01
U040510,4,5,33.7,1BR,standard,True,AG04
U040511,4,5,24.6,studio,standard,True,AG03
U040512,4,3,29.7,1BR,city,True,AG05
U040513,4,6,21.6,studio,city,True,AG04
U040514,4,8,27.0,studio,standard,True,AG03
U040515,4,6,24.7,studio,standard,True,AG01
U040516,4,6,29.5,1BR,pool,True,AG03
U040517,4,3,24.8,studio,standard,True,AG03
U040518,4,5,24.5,studio,standard,False,AG04
U040519,4,4,43.6,1BR Plus,standard,False,AG03
U040520,4,8,25.2,studio,city,False,AG02
U040521,4,7,21.0,studio,standard,False,AG04
U040522,4,1,34.5,1BR,standard,True,AG05
U040523,4,8,23.8,studio,city,True,AG03
U040524,4,8,33.6,1BR,standard,True,AG02
U040525,4,6,27.4,1BR,city,False,AG03
U040526,4,7,26.2,studio,standard,True,AG01
U040527,4,4,21.0,studio,standard,True,AG03
U040528,4,6,34.0,1BR,standard,True,AG06
U040529,4,7,31.2,1BR,standard,False,AG01
U040530,4,8,46.3,1BR Plus,standard,False,AG02
U040531,4,3,21.8,studio,standard,True,AG06
U040532,4,4,31.9,1BR,standard,True,AG04
U040533,4,7,28.7,1BR,city,False,AG03
U040534,4,3,26.2,studio,city,False,AG05
U040535,4,6,29.1,1BR,city,True,AG06
U040536,4,6,31.0,1BR,standard,False,AG03
U040537,4,1,24.3,studio,standard,True,AG06
U040538,4,3,29.3,1BR,city,False,AG04
U040539,4,4,32.1,1BR,city,True,AG04
U040540,4,4,31.4,1BR,standard,False,AG04
U040541,4,6,25.3,studio,standard,True,AG01
U040542,4,6,24.2,studio,standard,False,AG06
U040543,4,8,27.7,1BR,standard,False,AG05
U040544,4,4,21.8,studio,standard,True,AG03
U040545,4,3,35.9,1BR Plus,standard,True,AG02
U040546,4,7,29.8,1BR,pool,True,AG06
U040547,4,7,24.2,studio,standard,True,AG05
U040548,4,8,21.5,studio,standard,False,AG02
U040549,4,4,35.2,1BR,standard,True,AG04
U040550,4,1,29.0,1BR,pool,True,AG02
U040551,4,8,28.9,1BR,standard,True,AG01
U040552,4,5,32.8,1BR,standard,False,AG04
U040553,4,6,35.0,1BR,standard,True,AG02
U040554,4,3,25.4,studio,city,True,AG04
U040555,4,8,31.5,1BR,standard,True,AG01
U040556,4,6,23.2,studio,standard,True,AG03
U040557,4,3,35.5,1BR,pool,True,AG05
U040558,4,8,25.9,studio,standard,True,AG03
U040559,4,7,25.3,studio,standard,True,AG04
U040560,4,7,28.4,1BR,standard,True,AG04
U040561,4,1,24.8,studio,standard,True,AG05
U040562,4,4,21.4,studio,city,True,AG01
U040563,4,1,22.6,studio,standard,True,AG02
U040564,4,6,36.2,1BR Plus,standard,False,AG02
U040565,4,1,29.3,1BR,standard,True,AG03
U040566,4,1,20.8,studio,standard,True,AG03
U040567,4,1,22.8,studio,standard,True,AG03
U040568,4,3,27.1,1BR,standard,True,AG03
U040569,4,7,20.8,studio,city,False,AG04
U040570,4,2,27.3,1BR,standard,True,AG04
U040571,4,3,25.4,studio,standard,True,AG02
U040572,4,6,28.8,1BR,pool,False,AG01
U040573,4,3,31.8,1BR,standard,True,AG04
U040574,4,1,39.5,1BR Plus,city,True,AG05
U040575,4,5,28.2,1BR,pool,False,AG01
U040576,4,8,38.0,1BR Plus,standard,True,AG02
U040577,4,8,22.0,studio,standard,False,AG04
U040578,4,6,38.5,1BR Plus,standard,False,AG01
U040579,4,5,22.2,studio,standard,True,AG02
U040580,4,3,35.4,1BR,standard,True,AG02
U040581,4,2,30.8,1BR,pool,True,AG01
U040582,4,6,33.7,1BR,standard,True,AG06
U040583,4,3,30.7,1BR,standard,True,AG02
U040584,4,1,23.5,studio,standard,True,AG04
U040585,4,4,23.5,studio,standard,True,AG05
U040586,4,2,26.5,studio,city,False,AG03
U040587,4,2,23.4,studio,standard,True,AG02
U040588,4,1,22.3,studio,city,True,AG05
U040589,4,6,24.3,studio,standard,True,AG06
U040590,4,2,43.1,1BR Plus,standard,True,AG03
U040591,4,4,29.9,1BR,city,True,AG04
U040592,4,3,26.1,studio,standard,True,AG04
U040593,4,7,22.6,studio,city,True,AG03
U040594,4,2,22.2,studio,standard,True,AG04
U040595,4,6,23.5,studio,standard,False,AG05
U040596,4,1,26.3,studio,pool,True,AG03
U040597,4,5,24.8,studio,standard,False,AG06
U040598,4,3,26.2,studio,standard,True,AG02
U040599,4,2,24.7,studio,standard,True,AG04
U040600,4,7,21.4,studio,city,True,AG04
U040601,4,6,35.5,1BR,pool,True,AG06
U040602,4,8,23.7,studio,city,True,AG06
U040603,4,4,21.2,studio,standard,True,AG05
U040604,4,4,26.5,studio,pool,True,AG03
U040605,4,3,25.1,studio,standard,False,AG06
U040606,4,8,21.4,studio,standard,True,AG05
U040607,4,1,31.0,1BR,city,True,AG02
U040608,4,5,22.7,studio,city,True,AG01
U040609,4,4,25.4,studio,standard,False,AG03
U040610,4,7,37.7,1BR Plus,standard,True,AG04
U040611,4,8,33.5,1BR,standard,True,AG04
U040612,4,8,26.7,studio,standard,False,AG05
U040613,4,8,23.1,studio,city,True,AG01
U040614,4,7,21.2,studio,pool,True,AG05
U040615,4,8,23.4,studio,standard,False,AG02
U040616,4,1,29.5,1BR,standard,True,AG01
U040617,4,1,26.9,studio,standard,True,AG04
U040618,4,4,21.7,studio,standard,True,AG03
U040619,4,1,32.5,1BR,city,False,AG01
U040620,4,8,34.0,1BR,city,True,AG02
U040621,4,6,32.1,1BR,standard,True,AG04
U040622,4,6,26.3,studio,pool,False,AG03
U040623,4,6,30.5,1BR,standard,True,AG05
U040624,4,6,34.8,1BR,standard,True,AG01
U040625,4,7,31.8,1BR,standard,False,AG01
U040626,4,3,27.0,studio,standard,False,AG03
U040627,4,1,22.8,studio,city,False,AG06
U040628,4,1,21.8,studio,standard,True,AG02
U040629,4,8,21.6,studio,standard,True,AG01
U040630,4,5,26.1,studio,standard,True,AG04
U040631,4,2,23.3,studio,standard,True,AG02
U040632,4,2,44.7,1BR Plus,city,True,AG05
U040633,4,7,32.7,1BR,pool,True,AG05
U040634,4,7,23.7,studio,standard,True,AG02
U040635,4,2,46.1,1BR Plus,city,False,AG02
U040636,4,5,22.5,studio,city,True,AG06
U040637,4,4,20.8,studio,standard,True,AG04
U040638,4,2,21.0,studio,standard,True,AG05
U040639,4,5,26.1,studio,city,True,AG02
U040640,4,5,22.7,studio,standard,True,AG05
U040641,4,6,26.2,studio,pool,True,AG03
U040642,4,5,26.4,studio,standard,True,AG05
U040643,4,2,29.4,1BR,standard,True,AG06
U040644,4,5,34.1,1BR,standard,True,AG04
U040645,4,5,23.9,studio,city,True,AG05
U040646,4,5,32.0,1BR,city,True,AG06
U040647,4,4,43.3,1BR Plus,city,True,AG01
U040648,4,8,28.6,1BR,city,True,AG01
U040649,4,1,23.4,studio,city,True,AG04
U040650,4,3,21.0,studio,pool,True,AG04
U040651,4,4,36.8,1BR Plus,standard,True,AG05
U040652,4,1,21.2,studio,city,True,AG04
U040653,4,1,21.8,studio,standard,True,AG03
U040654,4,8,27.2,1BR,city,True,AG04
U040655,4,4,22.1,studio,standard,False,AG01
U040656,4,1,41.6,1BR Plus,standard,False,AG04
U040657,4,3,34.9,1BR,standard,True,AG04
U040658,4,3,32.7,1BR,standard,True,AG02
U040659,4,5,21.1,studio,standard,True,AG01
U040660,4,4,22.1,studio,city,True,AG04
U040661,4,3,46.0,1BR Plus,standard,False,AG02
U040662,4,8,23.5,studio,city,True,AG02
U040663,4,2,26.2,studio,city,True,AG01
U040664,4,6,32.8,1BR,city,True,AG06
U040665,4,4,24.4,studio,city,True,AG02
U040666,4,7,24.3,studio,standard,True,AG02
U040667,4,6,34.4,1BR,standard,True,AG05
U040668,4,5,31.3,1BR,pool,True,AG02
U040669,4,1,22.0,studio,pool,False,AG06
U040670,4,4,24.2,studio,standard,True,AG06
U040671,4,6,25.0,studio,city,True,AG03
U040672,4,3,26.0,studio,standard,True,AG05
U040673,4,3,23.0,studio,standard,False,AG02
U040674,4,7,25.8,studio,standard,True,AG06
U040675,4,2,26.0,studio,city,True,AG04
U040676,4,5,24.8,studio,city,True,AG06
U040677,4,4,36.0,1BR Plus,standard,True,AG06
U040678,4,5,21.1,studio,standard,False,AG02
U040679,4,7,24.0,studio,standard,True,AG06
U040680,4,8,36.2,1BR Plus,standard,True,AG04
U040681,4,7,28.5,1BR,city,False,AG01
U040682,4,4,33.9,1BR,standard,False,AG04
U040683,4,8,34.4,1BR,city,False,AG05
U040684,4,7,25.7,studio,standard,True,AG03
U040685,4,1,25.4,studio,city,False,AG01
U040686,4,4,33.0,1BR,city,False,AG06
U040687,4,1,34.7,1BR,standard,True,AG03
U040688,4,4,27.6,1BR,pool,False,AG01
U040689,4,8,34.6,1BR,pool,True,AG05
U040690,4,4,44.6,1BR Plus,standard,False,AG05
U040691,4,7,26.4,studio,standard,True,AG04
U040692,4,5,21.7,studio,city,True,AG01
U040693,4,8,35.4,1BR,standard,False,AG02
U040694,4,3,27.0,studio,standard,False,AG02
U040695,4,5,28.2,1BR,standard,True,AG01
U040696,4,6,24.1,studio,pool,True,AG05
U040697,4,7,25.4,studio,pool,False,AG01
U040698,4,2,29.4,1BR,standard,True,AG06
U040699,4,6,22.8,studio,city,True,AG06
U040700,4,2,24.1,studio,standard,True,AG03
U040701,4,7,21.6,studio,standard,True,AG01
U040702,4,3,26.7,studio,standard,True,AG03
U040703,4,4,25.1,studio,standard,False,AG05
U040704,4,5,31.3,1BR,standard,True,AG04
U040705,4,7,23.6,studio,standard,True,AG04
U040706,4,8,26.9,studio,city,True,AG02
U040707,4,3,30.3,1BR,standard,True,AG03
U040708,4,1,27.7,1BR,city,True,AG02
U040709,4,1,20.7,studio,standard,False,AG01
U040710,4,8,20.7,studio,pool,True,AG02
U040711,4,6,20.8,studio,pool,False,AG04
U040712,4,5,22.6,studio,standard,True,AG03
U040713,4,7,23.5,studio,city,True,AG01
U040714,4,1,28.1,1BR,city,True,AG01
U040715,4,6,31.8,1BR,standard,True,AG06
U040716,4,4,25.5,studio,standard,False,AG03
U040717,4,5,44.7,1BR Plus,standard,True,AG02
U040718,4,6,26.5,studio,standard,True,AG03
U040719,4,6,28.1,1BR,standard,True,AG06
U040720,4,1,24.9,studio,standard,False,AG04
U040721,4,1,27.6,1BR,city,True,AG06
U040722,4,5,26.4,studio,standard,True,AG06
U040723,4,4,28.0,1BR,city,True,AG03
U040724,4,7,25.0,studio,standard,True,AG06
U040725,4,1,26.8,studio,standard,True,AG02
U040726,4,3,25.9,studio,standard,True,AG02
U040727,4,2,35.8,1BR Plus,pool,True,AG03
U040728,4,3,23.2,studio,city,False,AG04
U040729,4,6,22.4,studio,pool,True,AG01
U040730,4,1,38.5,1BR Plus,standard,False,AG05
U040731,4,3,24.0,studio,standard,False,AG03
U040732,4,6,21.9,studio,standard,True,AG04
U040733,4,2,42.6,1BR Plus,standard,False,AG05
U040734,4,7,31.7,1BR,standard,False,AG04
U040735,4,7,22.8,studio,standard,True,AG05
U040736,4,2,28.2,1BR,standard,True,AG03
U040737,4,7,37.0,1BR Plus,city,True,AG01
U040738,4,2,26.4,studio,standard,True,AG02
U040739,4,1,23.8,studio,city,True,AG01
U040740,4,4,32.0,1BR,city,True,AG01
U040741,4,2,23.8,studio,standard,False,AG01
U040742,4,3,24.7,studio,pool,True,AG01
U040743,4,5,23.5,studio,pool,True,AG05
U040744,4,2,37.9,1BR Plus,standard,True,AG01
U040745,4,6,32.5,1BR,pool,True,AG03
U040746,4,2,22.2,studio,city,True,AG06
U040747,4,2,33.5,1BR,pool,True,AG01
U040748,4,5,34.1,1BR,standard,False,AG01
U040749,4,7,24.8,studio,city,True,AG03
U040750,4,1,23.2,studio,standard,True,AG02
U040751,4,1,27.6,1BR,pool,True,AG05
U040752,4,3,26.6,studio,standard,False,AG05
U040753,4,1,33.9,1BR,city,False,AG06
U040754,4,3,23.1,studio,pool,True,AG06
U040755,4,6,31.2,1BR,standard,True,AG05
U040756,4,5,35.5,1BR,standard,False,AG04
U040757,4,3,25.4,studio,standard,False,AG03
U040758,4,7,45.5,1BR Plus,city,False,AG03
U040759,4,5,26.9,studio,standard,True,AG05
U040760,4,3,29.0,1BR,city,True,AG04
U040761,4,6,30.0,1BR,standard,True,AG06
U040762,4,7,30.7,1BR,standard,True,AG02
U040763,4,8,27.5,1BR,city,True,AG06
U040764,4,6,36.8,1BR Plus,standard,True,AG03
U040765,4,8,29.5,1BR,standard,True,AG06
U040766,4,4,24.3,studio,standard,True,AG05
U040767,4,7,24.9,studio,standard,True,AG02
U040768,4,5,26.8,studio,city,True,AG03
U040769,4,7,22.8,studio,standard,True,AG04
U040770,4,8,25.5,studio,city,True,AG04
U040771,4,6,34.1,1BR,standard,True,AG06
U040772,4,2,28.2,1BR,standard,True,AG03
U040773,4,3,20.8,studio,city,True,AG01
U040774,4,6,40.2,1BR Plus,standard,True,AG02
U040775,4,2,27.0,1BR,standard,True,AG02
U040776,4,6,24.6,studio,standard,False,AG02
U040777,4,3,21.2,studio,standard,True,AG04
U040778,4,4,22.8,studio,pool,True,AG04
U040779,4,1,25.9,studio,standard,True,AG02
U040780,4,3,26.8,studio,standard,False,AG02
U040781,4,8,41.3,1BR Plus,pool,True,AG03
U040782,4,6,24.7,studio,standard,True,AG06
U040783,4,8,22.2,studio,standard,True,AG04
U040784,4,8,22.1,studio,standard,True,AG02
U040785,4,4,31.3,1BR,standard,False,AG06
U040786,4,8,20.8,studio,standard,True,AG02
U040787,4,1,33.5,1BR,standard,True,AG06
U040788,4,2,34.0,1BR,pool,True,AG05
U040789,4,4,25.2,studio,city,True,AG05
U040790,4,8,38.8,1BR Plus,standard,True,AG04
U040791,4,5,33.1,1BR,city,True,AG05
U040792,4,2,23.4,studio,pool,False,AG05
U040793,4,3,25.3,studio,standard,True,AG06
U040794,4,1,20.9,studio,city,True,AG02
U040795,4,3,25.4,studio,standard,True,AG01
U040796,4,3,33.2,1BR,standard,False,AG05
U040797,4,1,21.2,studio,standard,True,AG01
U040798,4,8,38.5,1BR Plus,standard,True,AG01
U040799,4,5,25.9,studio,standard,True,AG04
U040800,4,6,24.1,studio,standard,True,AG04
U040801,4,8,23.4,studio,standard,True,AG02
U040802,4,5,34.7,1BR,city,True,AG03
U040803,4,2,35.0,1BR,standard,False,AG05
U040804,4,4,21.0,studio,standard,True,AG03
U040805,4,1,34.3,1BR,city,False,AG01
U040806,4,1,25.1,studio,standard,False,AG05
U040807,4,2,25.0,studio,standard,True,AG05
U040808,4,4,33.8,1BR,standard,True,AG01
U040809,4,2,28.7,1BR,pool,True,AG04
U040810,4,8,22.3,studio,standard,True,AG01
U040811,4,8,24.3,studio,pool,True,AG03
U040812,4,6,20.9,studio,standard,True,AG02
U040813,4,4,21.5,studio,standard,True,AG04
U040814,4,7,23.1,studio,city,True,AG05
U040815,4,1,22.0,studio,standard,True,AG03
U040816,4,5,29.4,1BR,standard,True,AG04
U040817,4,8,21.1,studio,standard,True,AG03
U040818,4,3,24.7,studio,standard,True,AG04
U040819,4,3,36.0,1BR Plus,standard,False,AG04
U040820,4,5,24.1,studio,standard,True,AG06
U040821,4,5,30.9,1BR,city,True,AG03
U040822,4,1,22.2,studio,standard,True,AG04
U040823,4,7,35.4,1BR,city,True,AG01
U040824,4,4,20.6,studio,standard,True,AG04
U040825,4,3,30.2,1BR,standard,True,AG04
U040826,4,1,25.5,studio,standard,False,AG06
U040827,4,7,25.2,studio,pool,True,AG02
U040828,4,6,21.7,studio,standard,True,AG02
U040829,4,1,25.5,studio,standard,True,AG03
U040830,4,7,30.7,1BR,pool,True,AG06
U040831,4,7,26.3,studio,city,True,AG06
U040832,4,3,32.7,1BR,city,True,AG05
U040833,4,6,20.7,studio,standard,False,AG01
U040834,4,3,25.3,studio,standard,True,AG06
U040835,4,5,23.9,studio,pool,True,AG05
U040836,4,7,23.8,studio,pool,True,AG01
U040837,4,5,28.5,1BR,pool,False,AG02
U040838,4,2,25.4,studio,pool,True,AG01
U040839,4,2,25.4,studio,city,True,AG02
U040840,4,1,24.7,studio,standard,True,AG03
U040841,4,3,32.7,1BR,pool,True,AG05
U040842,4,6,27.6,1BR,city,True,AG03
U040843,4,2,32.2,1BR,standard,True,AG03
U040844,4,5,22.5,studio,standard,False,AG06
U040845,4,7,33.9,1BR,standard,True,AG03
U040846,4,4,27.8,1BR,city,False,AG06
U040847,4,3,40.7,1BR Plus,standard,False,AG02
U040848,4,1,27.1,1BR,standard,True,AG03
U040849,4,6,23.6,studio,standard,True,AG04
U040850,4,4,31.2,1BR,city,True,AG06
U040851,4,2,29.6,1BR,city,True,AG04
U040852,4,5,45.4,1BR Plus,standard,True,AG01
U040853,4,6,29.3,1BR,pool,True,AG01
U040854,4,4,30.2,1BR,pool,True,AG05
U040855,4,7,27.2,1BR,standard,True,AG06
U040856,4,8,28.7,1BR,standard,False,AG01
U040857,4,6,46.2,1BR Plus,pool,True,AG03
U040858,4,4,34.1,1BR,standard,False,AG06
U040859,4,7,24.8,studio,standard,True,AG06
U040860,4,8,24.2,studio,standard,True,AG05
U040861,4,8,26.7,studio,standard,False,AG03
U040862,4,4,22.1,studio,standard,False,AG02
U040863,4,1,40.8,1BR Plus,standard,False,AG02
U040864,4,5,34.8,1BR,standard,True,AG01
U040865,4,8,21.1,studio,city,True,AG02
U040866,4,7,24.3,studio,standard,True,AG04
U040867,4,8,27.0,studio,standard,True,AG04
U040868,4,6,26.0,studio,standard,True,AG02
U040869,4,1,22.6,studio,city,False,AG05
U040870,4,4,34.2,1BR,standard,True,AG05
U040871,4,8,41.0,1BR Plus,standard,True,AG03
U040872,4,7,30.1,1BR,city,False,AG05
U040873,4,5,27.0,studio,standard,True,AG02
U040874,4,7,20.8,studio,city,False,AG02
U040875,4,2,33.6,1BR,standard,False,AG03
U040876,4,6,27.6,1BR,city,False,AG04
U040877,4,1,23.4,studio,city,True,AG03
U040878,4,3,25.7,studio,standard,False,AG05
U040879,4,4,27.1,1BR,standard,False,AG01
U040880,4,3,24.2,studio,standard,True,AG02
U040881,4,2,21.9,studio,standard,True,AG01
U040882,4,5,29.3,1BR,standard,False,AG06
U040883,4,4,25.7,studio,standard,True,AG04
U040884,4,3,23.6,studio,standard,True,AG02
U040885,4,7,32.4,1BR,city,True,AG03
U040886,4,7,20.8,studio,pool,True,AG03
U040887,4,7,31.3,1BR,standard,True,AG04
U040888,4,2,24.8,studio,standard,True,AG04
U040889,4,7,33.8,1BR,city,False,AG01
U040890,4,4,30.7,1BR,pool,True,AG02
U040891,4,8,22.5,studio,city,True,AG02
U040892,4,8,24.5,studio,city,True,AG06
U040893,4,7,24.3,studio,standard,True,AG06
U040894,4,4,24.3,studio,city,True,AG04
U040895,4,2,23.9,studio,standard,True,AG03
U040896,4,6,34.4,1BR,standard,True,AG05
U040897,4,4,34.0,1BR,standard,False,AG06
U040898,4,6,25.3,studio,standard,True,AG06
U040899,4,6,25.5,studio,standard,True,AG06
U040900,4,1,23.8,studio,pool,False,AG06
U040901,4,7,25.6,studio,standard,True,AG05
U040902,4,6,26.3,studio,standard,True,AG05
U040903,4,1,25.1,studio,pool,False,AG03
U040904,4,2,24.9,studio,standard,True,AG02
U040905,4,6,25.3,studio,city,False,AG02
U040906,4,7,22.1,studio,standard,True,AG06
U040907,4,7,25.9,studio,pool,False,AG02
U040908,4,7,26.8,studio,standard,True,AG05
U040909,4,4,25.4,studio,pool,True,AG03
U040910,4,5,26.6,studio,pool,True,AG06
U040911,4,2,21.9,studio,standard,True,AG01
U040912,4,5,26.6,studio,standard,True,AG03
U040913,4,2,45.9,1BR Plus,standard,False,AG03
U040914,4,8,23.3,studio,city,True,AG05
U040915,4,2,25.7,studio,standard,True,AG06
U040916,4,3,24.7,studio,city,True,AG04
U040917,4,1,24.0,studio,standard,False,AG03
U040918,4,5,33.9,1BR,standard,True,AG03
U040919,4,3,32.8,1BR,pool,True,AG01
U040920,4,3,38.1,1BR Plus,standard,True,AG05
U040921,4,6,25.5,studio,city,True,AG06
U040922,4,5,20.8,studio,standard,True,AG04
U040923,4,5,25.8,studio,city,False,AG01
U040924,4,7,31.8,1BR,standard,True,AG06
U040925,4,7,32.1,1BR,standard,True,AG06
U040926,4,7,25.4,studio,standard,False,AG04
U040927,4,3,30.5,1BR,standard,True,AG02
U040928,4,6,22.9,studio,pool,True,AG01
U040929,4,5,25.4,studio,standard,True,AG03
U040930,4,2,23.3,studio,city,True,AG06
U040931,4,2,30.2,1BR,city,True,AG05
U040932,4,4,43.8,1BR Plus,standard,True,AG01
U040933,4,3,42.2,1BR Plus,standard,True,AG06
U040934,4,2,21.6,studio,standard,False,AG06
U040935,4,8,41.6,1BR Plus,city,True,AG02
U040936,4,1,29.1,1BR,standard,True,AG02
U040937,4,6,27.8,1BR,standard,True,AG03
U040938,4,1,40.1,1BR Plus,standard,True,AG02
U040939,4,3,44.9,1BR Plus,pool,True,AG04
U040940,4,3,33.1,1BR,standard,True,AG02
U040941,4,2,20.9,studio,standard,False,AG06
U040942,4,1,23.3,studio,city,True,AG01
U040943,4,1,25.1,studio,city,True,AG03
U040944,4,7,27.3,1BR,standard,False,AG01
U040945,4,4,23.0,studio,standard,True,AG03
U040946,4,1,29.6,1BR,standard,True,AG03
U040947,4,7,23.2,studio,pool,False,AG06
U040948,4,8,24.5,studio,standard,True,AG02
U040949,4,6,40.6,1BR Plus,standard,True,AG06
U040950,4,6,43.8,1BR Plus,standard,True,AG03
U040951,4,5,44.4,1BR Plus,standard,True,AG01
U040952,4,3,29.8,1BR,city,False,AG06
U040953,4,7,32.2,1BR,standard,True,AG05
U040954,4,4,23.0,studio,standard,True,AG05
U040955,4,3,24.7,studio,pool,True,AG05
U040956,4,4,26.3,studio,city,True,AG04
U040957,4,4,26.7,studio,standard,True,AG06
U040958,4,8,21.7,studio,standard,False,AG02
U040959,4,1,29.5,1BR,standard,True,AG04
U040960,4,4,31.2,1BR,standard,True,AG02
U040961,4,4,26.2,studio,city,True,AG01
U040962,4,8,35.9,1BR Plus,city,True,AG01
U040963,4,6,25.3,studio,standard,True,AG05
U040964,4,3,21.2,studio,standard,True,AG01
U040965,4,3,21.8,studio,standard,True,AG04
U040966,4,2,31.4,1BR,city,True,AG01
U040967,4,4,27.2,1BR,standard,True,AG01
U040968,4,6,34.7,1BR,pool,True,AG06
U040969,4,8,34.5,1BR,standard,False,AG05
U040970,4,8,24.2,studio,standard,True,AG05
U040971,4,2,21.8,studio,standard,True,AG05
U040972,4,3,39.2,1BR Plus,standard,True,AG04
U040973,4,1,33.4,1BR,city,False,AG06
U040974,4,3,31.4,1BR,standard,False,AG06
U040975,4,1,45.0,1BR Plus,city,False,AG02
U040976,4,6,21.4,studio,standard,True,AG02
U040977,4,7,28.0,1BR,standard,False,AG05
U040978,4,5,21.5,studio,city,True,AG03
U040979,4,7,29.1,1BR,standard,True,AG02
U040980,4,5,39.4,1BR Plus,pool,False,AG03
U040981,4,7,21.4,studio,standard,True,AG03
U040982,4,1,40.9,1BR Plus,standard,True,AG04
U040983,4,4,21.1,studio,standard,False,AG04
U040984,4,6,31.2,1BR,standard,True,AG05
U040985,4,5,24.8,studio,city,False,AG04
U040986,4,6,21.7,studio,city,False,AG02
U040987,4,2,31.9,1BR,standard,True,AG02
U040988,4,8,20.8,studio,standard,True,AG04
U040989,4,8,28.9,1BR,city,True,AG02
U040990,4,7,23.3,studio,standard,True,AG01
U040991,4,6,35.1,1BR,city,True,AG06
U040992,4,4,25.0,studio,pool,True,AG04
U040993,4,6,24.6,studio,city,True,AG02
U040994,4,1,42.0,1BR Plus,standard,True,AG02
U040995,4,1,24.8,studio,city,False,AG05
U040996,4,2,26.5,studio,standard,True,AG01
U040997,4,2,26.2,studio,pool,True,AG04
U040998,4,6,28.9,1BR,standard,True,AG01
U040999,4,2,25.4,studio,standard,True,AG02
U041000,4,2,29.7,1BR,standard,True,AG04
U041001,4,3,30.4,1BR,pool,True,AG04
U041002,4,5,21.3,studio,city,True,AG03
U041003,4,4,21.7,studio,standard,True,AG05
U041004,4,8,30.4,1BR,city,True,AG02
U041005,4,3,23.2,studio,pool,True,AG05
U041006,4,8,27.1,1BR,pool,True,AG03
U041007,4,2,23.8,studio,city,False,AG04
U041008,4,1,24.9,studio,standard,False,AG05
U041009,4,4,23.9,studio,pool,True,AG02
U041010,4,5,23.6,studio,standard,False,AG06
U041011,4,3,29.2,1BR,pool,False,AG03
U041012,4,7,24.3,studio,standard,True,AG04
U041013,4,2,24.7,studio,standard,True,AG06
U041014,4,4,21.5,studio,pool,True,AG06
U041015,4,5,24.8,studio,standard,True,AG02
U041016,4,6,22.0,studio,city,False,AG01
U041017,4,3,20.7,studio,standard,True,AG01
U041018,4,6,22.5,studio,standard,True,AG04
U041019,4,5,23.3,studio,standard,True,AG01
U041020,4,5,23.6,studio,standard,True,AG05
U041021,4,7,21.4,studio,standard,True,AG01
U041022,4,8,23.6,studio,standard,True,AG06
U041023,4,2,21.1,studio,pool,True,AG01
U041024,4,2,24.8,studio,standard,True,AG06
U041025,4,6,23.0,studio,standard,False,AG02
U041026,4,5,35.3,1BR,standard,True,AG06
U041027,4,3,25.2,studio,standard,True,AG04
U041028,4,3,25.0,studio,pool,True,AG05
U041029,4,1,22.3,studio,pool,True,AG04
U041030,4,6,27.0,1BR,city,True,AG05
U041031,4,7,25.4,studio,city,True,AG02
U041032,4,5,41.6,1BR Plus,standard,True,AG02
U041033,4,3,29.1,1BR,city,False,AG02
U041034,4,7,35.3,1BR,pool,True,AG06
U041035,4,6,30.6,1BR,city,True,AG03
U041036,4,2,20.7,studio,standard,True,AG03
U041037,4,3,21.6,studio,city,True,AG02
U041038,4,2,32.3,1BR,pool,False,AG02
U041039,4,7,34.7,1BR,city,False,AG06
U041040,4,4,41.2,1BR Plus,pool,True,AG02
U041041,4,2,26.1,studio,city,False,AG05
U041042,4,8,27.6,1BR,pool,True,AG01
U041043,4,3,25.3,studio,standard,False,AG01
U041044,4,7,33.2,1BR,standard,False,AG04
U041045,4,8,25.0,studio,standard,True,AG05
U041046,4,6,24.4,studio,city,False,AG04
U041047,4,4,21.5,studio,standard,True,AG06
U041048,4,7,31.5,1BR,standard,False,AG05
U041049,4,1,25.9,studio,standard,True,AG01
U041050,4,8,24.1,studio,standard,True,AG03
U041051,4,3,21.3,studio,pool,True,AG06
U041052,4,1,29.6,1BR,standard,False,AG01
U041053,4,1,36.3,1BR Plus,standard,True,AG06
U041054,4,3,44.5,1BR Plus,standard,False,AG04
U041055,4,4,24.1,studio,city,True,AG06
U041056,4,8,40.6,1BR Plus,standard,True,AG03
U041057,4,8,30.5,1BR,standard,True,AG03
U041058,4,1,39.2,1BR Plus,city,True,AG05
U041059,4,5,31.1,1BR,standard,True,AG03
U041060,4,7,35.7,1BR Plus,standard,True,AG02
U041061,4,1,24.9,studio,standard,True,AG03
U041062,4,1,21.2,studio,city,True,AG03
U041063,4,2,22.3,studio,city,False,AG01
U041064,4,4,42.6,1BR Plus,pool,True,AG04
U041065,4,4,24.0,studio,city,False,AG03
U041066,4,3,35.4,1BR,pool,False,AG03
U041067,4,2,26.9,studio,standard,True,AG02
U041068,4,7,25.6,studio,standard,False,AG04
U041069,4,6,20.6,studio,pool,True,AG03
U041070,4,6,26.4,studio,standard,True,AG01
U041071,4,8,21.0,studio,standard,True,AG02
U041072,4,1,26.8,studio,standard,True,AG05
U041073,4,5,34.1,1BR,standard,False,AG01
U041074,4,3,24.5,studio,standard,True,AG06
U041075,4,5,22.8,studio,city,True,AG05
U041076,4,6,33.7,1BR,standard,True,AG03
U041077,4,5,25.8,studio,city,True,AG02
U041078,4,8,21.9,studio,standard,True,AG01
U041079,4,1,22.8,studio,standard,True,AG03
U041080,4,1,21.4,studio,standard,True,AG05
U041081,4,2,26.5,studio,city,False,AG03
U041082,4,2,31.6,1BR,standard,True,AG04
U050000,5,7,25.4,studio,city,True,AG04
U050001,5,1,24.0,studio,pool,False,AG03
U050002,5,7,21.9,studio,standard,False,AG06
U050003,5,4,31.5,1BR,city,True,AG05
U050004,5,3,21.9,studio,city,True,AG01
U050005,5,7,35.4,1BR,pool,True,AG03
U050006,5,7,25.6,studio,pool,True,AG04
U050007,5,1,30.6,1BR,city,True,AG03
U050008,5,5,27.2,1BR,standard,True,AG05
U050009,5,6,21.9,studio,standard,False,AG04
U050010,5,4,23.2,studio,standard,True,AG04
U050011,5,5,26.7,studio,standard,True,AG01
U050012,5,1,26.9,studio,standard,True,AG05
U050013,5,5,21.0,studio,standard,True,AG03
U050014,5,7,26.5,studio,standard,True,AG05
U050015,5,5,21.9,studio,standard,True,AG02
U050016,5,2,21.4,studio,pool,True,AG06
U050017,5,8,33.7,1BR,standard,True,AG02
U050018,5,3,25.7,studio,standard,True,AG01
U050019,5,6,23.7,studio,city,True,AG03
U050020,5,6,22.7,studio,standard,True,AG05
U050021,5,5,27.1,1BR,standard,True,AG06
U050022,5,5,29.8,1BR,standard,True,AG04
U050023,5,8,24.4,studio,city,True,AG03
U050024,5,7,24.2,studio,standard,True,AG01
U050025,5,7,26.7,studio,city,True,AG01
U050026,5,5,43.5,1BR Plus,standard,True,AG03
U050027,5,3,24.6,studio,standard,True,AG02
U050028,5,8,35.4,1BR,standard,True,AG03
U050029,5,1,27.8,1BR,standard,True,AG06
U050030,5,5,30.1,1BR,standard,True,AG06
U050031,5,5,28.5,1BR,standard,True,AG04
U050032,5,5,43.4,1BR Plus,standard,False,AG05
U050033,5,7,33.8,1BR,city,True,AG06
U050034,5,2,26.0,studio,standard,True,AG01
U050035,5,1,20.7,studio,city,True,AG03
U050036,5,2,21.5,studio,standard,True,AG01
U050037,5,5,26.5,studio,standard,True,AG05
U050038,5,5,25.0,studio,pool,True,AG01
U050039,5,2,26.9,studio,standard,True,AG06
U050040,5,8,29.6,1BR,city,True,AG03
U050041,5,3,20.7,studio,pool,True,AG06
U050042,5,1,30.7,1BR,pool,False,AG03
U050043,5,4,23.9,studio,standard,True,AG05
U050044,5,3,31.2,1BR,standard,True,AG02
U050045,5,1,26.7,studio,standard,False,AG02
U050046,5,5,25.7,studio,pool,True,AG03
U050047,5,1,34.0,1BR,city,True,AG01
U050048,5,5,33.8,1BR,standard,True,AG03
U050049,5,8,38.1,1BR Plus,standard,False,AG06
U050050,5,7,27.7,1BR,standard,True,AG06
U050051,5,1,34.6,1BR,city,True,AG06
U050052,5,2,24.4,studio,city,True,AG04
U050053,5,1,42.8,1BR Plus,standard,True,AG05
U050054,5,5,24.5,studio,standard,False,AG05
U050055,5,2,26.2,studio,standard,True,AG03
U050056,5,5,24.6,studio,city,True,AG03
U050057,5,6,24.4,studio,standard,True,AG02
U050058,5,7,24.5,studio,standard,False,AG05
U050059,5,5,23.0,studio,pool,True,AG04
U050060,5,2,20.8,studio,standard,True,AG06
U050061,5,5,26.5,studio,standard,True,AG04
U050062,5,4,20.6,studio,standard,True,AG06
U050063,5,2,31.4,1BR,city,True,AG02
U050064,5,4,33.2,1BR,standard,True,AG02
U050065,5,7,22.0,studio,standard,True,AG02
U050066,5,4,24.1,studio,standard,True,AG03
U050067,5,4,33.5,1BR,standard,True,AG04
U050068,5,4,25.3,studio,standard,False,AG06
U050069,5,5,31.7,1BR,standard,True,AG06
U050070,5,6,46.4,1BR Plus,pool,True,AG01
U050071,5,7,25.3,studio,standard,True,AG06
U050072,5,7,29.6,1BR,standard,True,AG04
U050073,5,2,34.4,1BR,city,True,AG03
U050074,5,5,20.9,studio,standard,True,AG04
U050075,5,3,21.0,studio,city,False,AG05
U050076,5,1,24.4,studio,pool,True,AG02
U050077,5,6,21.7,studio,standard,True,AG02
U050078,5,6,28.9,1BR,standard,True,AG06
U050079,5,6,23.8,studio,standard,False,AG03
U050080,5,2,22.8,studio,standard,True,AG04
U050081,5,7,33.2,1BR,standard,False,AG05
U050082,5,3,27.2,1BR,standard,True,AG05
U050083,5,4,39.9,1BR Plus,standard,False,AG04
U050084,5,8,25.2,studio,standard,True,AG03
U050085,5,4,21.7,studio,pool,True,AG02
U050086,5,5,34.0,1BR,pool,True,AG04
U050087,5,4,31.4,1BR,standard,True,AG06
U050088,5,8,22.1,studio,city,False,AG01
U050089,5,6,26.8,studio,standard,True,AG06
U050090,5,4,35.8,1BR Plus,standard,True,AG01
U050091,5,3,42.2,1BR Plus,city,True,AG01
U050092,5,6,26.1,studio,standard,False,AG05
U050093,5,4,28.4,1BR,standard,False,AG02
U050094,5,7,38.9,1BR Plus,standard,True,AG04
U050095,5,1,21.9,studio,city,True,AG03
U050096,5,8,26.4,studio,standard,True,AG05
U050097,5,7,24.8,studio,city,True,AG05
U050098,5,1,24.7,studio,pool,True,AG03
U050099,5,3,21.8,studio,pool,True,AG03
U050100,5,5,24.3,studio,standard,False,AG03
U050101,5,5,20.9,studio,standard,True,AG05
U050102,5,7,25.9,studio,standard,False,AG04
U050103,5,1,29.4,1BR,standard,True,AG04
U050104,5,6,28.1,1BR,pool,True,AG06
U050105,5,2,20.9,studio,standard,True,AG01
U050106,5,6,33.2,1BR,standard,True,AG05
U050107,5,7,23.4,studio,pool,True,AG05
U050108,5,4,22.6,studio,standard,True,AG04
U050109,5,2,33.8,1BR,standard,True,AG04
U050110,5,1,31.1,1BR,standard,False,AG05
U050111,5,7,26.5,studio,city,True,AG01
U050112,5,7,23.4,studio,city,True,AG02
U050113,5,7,34.6,1BR,standard,True,AG02
U050114,5,1,29.8,1BR,standard,False,AG05
U050115,5,8,41.0,1BR Plus,standard,False,AG01
U050116,5,2,41.7,1BR Plus,standard,True,AG05
U050117,5,1,27.9,1BR,standard,True,AG06
U050118,5,1,23.2,studio,standard,True,AG01
U050119,5,2,20.7,studio,standard,True,AG01
U050120,5,3,34.2,1BR,standard,False,AG01
U050121,5,4,28.7,1BR,standard,False,AG05
U050122,5,4,33.2,1BR,city,True,AG03
U050123,5,7,20.9,studio,standard,True,AG03
U050124,5,1,27.9,1BR,standard,True,AG03
U050125,5,1,22.3,studio,standard,True,AG05
U050126,5,7,24.7,studio,pool,True,AG02
U050127,5,2,36.1,1BR Plus,standard,True,AG05
U050128,5,5,31.9,1BR,standard,True,AG02
U050129,5,3,47.0,1BR Plus,standard,False,AG05
U050130,5,2,28.8,1BR,standard,True,AG01
U050131,5,4,21.8,studio,standard,True,AG05
U050132,5,8,28.4,1BR,pool,True,AG04
U050133,5,1,46.0,1BR Plus,pool,True,AG05
U050134,5,7,20.7,studio,standard,True,AG06
U050135,5,7,28.0,1BR,standard,True,AG03
U050136,5,7,32.6,1BR,standard,True,AG05
U050137,5,1,23.7,studio,city,True,AG02
U050138,5,2,36.4,1BR Plus,standard,True,AG01
U050139,5,6,24.7,studio,city,True,AG03
U050140,5,4,22.5,studio,standard,True,AG01
U050141,5,5,24.8,studio,city,True,AG05
U050142,5,7,29.2,1BR,standard,True,AG01
U050143,5,2,21.6,studio,pool,False,AG03
U050144,5,6,22.5,studio,standard,True,AG04
U050145,5,5,24.7,studio,standard,True,AG06
U050146,5,4,42.9,1BR Plus,standard,True,AG01
U050147,5,7,25.4,studio,standard,True,AG01
U050148,5,7,34.3,1BR,standard,False,AG03
U050149,5,4,28.2,1BR,standard,True,AG06
U050150,5,8,25.6,studio,pool,True,AG06
U050151,5,8,32.3,1BR,standard,True,AG05
U050152,5,1,24.1,studio,pool,True,AG06
U050153,5,3,26.4,studio,pool,True,AG01
U050154,5,1,28.6,1BR,standard,True,AG02
U050155,5,6,26.0,studio,standard,True,AG06
U050156,5,5,22.9,studio,standard,True,AG06
U050157,5,8,24.7,studio,standard,True,AG05
U050158,5,5,24.2,studio,city,True,AG03
U050159,5,3,45.4,1BR Plus,standard,True,AG02
U050160,5,6,26.0,studio,pool,True,AG03
U050161,5,5,24.5,studio,standard,True,AG01
U050162,5,3,46.4,1BR Plus,pool,True,AG04
U050163,5,2,27.5,1BR,standard,True,AG05
U050164,5,8,23.2,studio,city,True,AG02
U050165,5,5,43.0,1BR Plus,standard,False,AG05
U050166,5,3,25.8,studio,standard,True,AG01
U050167,5,7,28.7,1BR,standard,True,AG05
U050168,5,3,26.7,studio,standard,True,AG01
U050169,5,2,22.8,studio,standard,True,AG02
U050170,5,8,23.7,studio,pool,True,AG06
U050171,5,5,32.7,1BR,standard,True,AG06
U050172,5,2,31.4,1BR,standard,True,AG06
U050173,5,7,44.6,1BR Plus,standard,False,AG06
U050174,5,6,22.3,studio,standard,False,AG02
U050175,5,7,21.0,studio,standard,True,AG06
U050176,5,3,25.8,studio,standard,True,AG02
U050177,5,4,39.3,1BR Plus,standard,True,AG06
U050178,5,4,28.3,1BR,pool,True,AG02
U050179,5,8,25.9,studio,standard,False,AG04
U050180,5,4,27.0,studio,standard,True,AG06
U050181,5,5,23.6,studio,city,False,AG06
U050182,5,5,26.3,studio,standard,True,AG05
U050183,5,2,34.1,1BR,standard,True,AG05
U050184,5,8,22.8,studio,standard,True,AG01
U050185,5,4,26.9,studio,city,True,AG02
U050186,5,7,25.4,studio,standard,True,AG01
U050187,5,7,24.8,studio,pool,True,AG01
U050188,5,4,21.9,studio,standard,True,AG06
U050189,5,6,25.7,studio,city,False,AG05
U050190,5,5,40.3,1BR Plus,city,True,AG01
U050191,5,7,25.1,studio,standard,True,AG02
U050192,5,4,41.3,1BR Plus,standard,True,AG03
U050193,5,2,33.1,1BR,standard,False,AG04
U050194,5,2,36.9,1BR Plus,standard,False,AG06
U050195,5,7,23.8,studio,standard,False,AG03
U050196,5,4,32.6,1BR,city,True,AG04
U050197,5,1,25.8,studio,city,True,AG06
U050198,5,7,25.4,studio,standard,True,AG01
U050199,5,5,24.2,studio,city,True,AG05
U050200,5,5,26.8,studio,standard,True,AG03
U050201,5,8,20.7,studio,standard,True,AG03
U050202,5,1,24.6,studio,city,True,AG02
U050203,5,7,32.9,1BR,pool,True,AG03
U050204,5,6,20.6,studio,city,True,AG05
U050205,5,2,29.1,1BR,city,True,AG03
U050206,5,8,32.6,1BR,standard,True,AG01
U050207,5,3,23.4,studio,city,True,AG04
U050208,5,1,42.6,1BR Plus,standard,False,AG04
U050209,5,3,24.3,studio,pool,True,AG04
U050210,5,7,26.3,studio,standard,True,AG05
U050211,5,4,21.4,studio,standard,False,AG03
U050212,5,4,35.4,1BR,standard,True,AG01
U050213,5,4,29.8,1BR,standard,False,AG05
U050214,5,6,34.4,1BR,city,False,AG05
U050215,5,8,26.2,studio,pool,True,AG01
U050216,5,7,24.5,studio,city,True,AG03
U050217,5,1,27.8,1BR,city,True,AG02
U050218,5,2,23.5,studio,standard,True,AG02
U050219,5,2,23.1,studio,standard,True,AG03
U050220,5,8,21.2,studio,city,False,AG03
U050221,5,8,26.0,studio,pool,True,AG06
U050222,5,3,24.9,studio,standard,True,AG04
U050223,5,7,34.7,1BR,pool,True,AG05
U050224,5,7,22.0,studio,standard,False,AG04
U050225,5,6,27.0,1BR,standard,True,AG04
U050226,5,4,37.1,1BR Plus,standard,True,AG01
U050227,5,3,40.5,1BR Plus,standard,True,AG02
U050228,5,2,42.1,1BR Plus,city,True,AG05
U050229,5,5,24.0,studio,standard,True,AG06
U050230,5,7,21.5,studio,standard,True,AG03
U050231,5,6,44.1,1BR Plus,standard,True,AG03
U050232,5,4,24.7,studio,standard,True,AG05
U050233,5,7,43.4,1BR Plus,standard,True,AG01
U050234,5,7,29.1,1BR,standard,True,AG06
U050235,5,2,31.3,1BR,standard,True,AG05
U050236,5,4,20.8,studio,standard,False,AG01
U050237,5,3,32.0,1BR,city,True,AG01
U050238,5,5,36.2,1BR Plus,pool,True,AG02
U050239,5,7,33.6,1BR,pool,True,AG06
U050240,5,4,23.3,studio,city,False,AG05
U050241,5,4,29.2,1BR,standard,True,AG06
U050242,5,2,25.6,studio,standard,True,AG03
U050243,5,2,28.3,1BR,standard,True,AG02
U050244,5,5,26.0,studio,standard,False,AG02
U050245,5,6,30.4,1BR,city,True,AG05
U050246,5,7,31.9,1BR,city,True,AG04
U050247,5,5,23.2,studio,standard,False,AG05
U050248,5,2,29.8,1BR,pool,False,AG02
U050249,5,4,44.0,1BR Plus,standard,True,AG03
U050250,5,7,30.1,1BR,city,True,AG05
U050251,5,7,24.8,studio,city,True,AG04
U050252,5,1,24.0,studio,standard,True,AG02
U050253,5,6,26.8,studio,standard,True,AG05
U050254,5,2,30.2,1BR,standard,True,AG06
U050255,5,2,26.0,studio,standard,False,AG02
U050256,5,4,27.3,1BR,standard,True,AG03
U050257,5,1,28.4,1BR,standard,True,AG06
U050258,5,4,30.6,1BR,standard,True,AG05
U050259,5,6,34.8,1BR,city,True,AG01
U050260,5,1,26.7,studio,standard,True,AG04
U050261,5,3,28.1,1BR,standard,True,AG06
U050262,5,5,27.5,1BR,pool,True,AG04
U050263,5,5,26.1,studio,city,True,AG02
U050264,5,1,29.4,1BR,standard,True,AG02
U050265,5,3,29.7,1BR,pool,True,AG02
U050266,5,2,33.7,1BR,standard,True,AG03
U050267,5,8,23.4,studio,standard,False,AG01
U050268,5,5,22.8,studio,standard,True,AG06
U050269,5,1,22.8,studio,pool,True,AG06
U050270,5,8,23.6,studio,standard,True,AG03
U050271,5,7,21.6,studio,city,True,AG03
U050272,5,3,24.1,studio,standard,True,AG04
U050273,5,7,32.2,1BR,city,True,AG05
U050274,5,3,34.0,1BR,city,True,AG06
U050275,5,4,20.6,studio,city,False,AG01
U050276,5,6,30.5,1BR,pool,False,AG02
U050277,5,3,22.0,studio,standard,True,AG03
U050278,5,3,24.8,studio,city,False,AG04
U050279,5,8,24.1,studio,standard,True,AG02
U050280,5,6,33.9,1BR,city,True,AG01
U050281,5,2,23.7,studio,standard,True,AG01
U050282,5,5,31.6,1BR,pool,True,AG01
U050283,5,8,32.5,1BR,city,True,AG05
U050284,5,4,24.7,studio,standard,True,AG05
U050285,5,1,31.0,1BR,standard,True,AG03
U050286,5,7,26.8,studio,city,False,AG04
U050287,5,8,25.0,studio,standard,True,AG03
U050288,5,7,26.7,studio,standard,True,AG03
U050289,5,4,24.7,studio,standard,True,AG03
U050290,5,6,20.8,studio,pool,True,AG05
U050291,5,2,21.1,studio,standard,True,AG05
U050292,5,4,20.8,studio,standard,True,AG03
U050293,5,3,24.8,studio,standard,True,AG04
U050294,5,3,33.7,1BR,pool,True,AG04
U050295,5,5,32.1,1BR,standard,True,AG02
U050296,5,1,34.6,1BR,standard,False,AG01
U050297,5,7,21.7,studio,standard,True,AG05
U050298,5,1,30.5,1BR,standard,True,AG04
U050299,5,2,44.3,1BR Plus,city,True,AG06
U050300,5,7,23.0,studio,pool,True,AG02
U050301,5,3,22.8,studio,standard,True,AG01
U050302,5,3,21.1,studio,city,True,AG02
U050303,5,6,25.4,studio,city,True,AG05
U050304,5,2,27.9,1BR,standard,True,AG04
U050305,5,5,22.4,studio,pool,True,AG02
U050306,5,3,34.5,1BR,standard,False,AG03
U050307,5,5,26.4,studio,standard,True,AG03
U050308,5,5,41.6,1BR Plus,standard,False,AG03
U050309,5,6,29.1,1BR,standard,True,AG04
U050310,5,3,32.3,1BR,standard,True,AG05
U050311,5,6,25.6,studio,city,True,AG02
U050312,5,7,42.6,1BR Plus,standard,True,AG01
U050313,5,2,32.6,1BR,city,False,AG06
U050314,5,1,34.6,1BR,standard,True,AG05
U050315,5,8,25.7,studio,standard,False,AG02
U050316,5,7,28.4,1BR,standard,True,AG05
U050317,5,6,30.7,1BR,city,True,AG04
U050318,5,6,22.6,studio,standard,True,AG01
U050319,5,5,22.8,studio,standard,True,AG02
U050320,5,4,28.1,1BR,city,False,AG05
U050321,5,2,31.1,1BR,standard,True,AG04
U050322,5,7,28.2,1BR,standard,True,AG02
U050323,5,8,32.6,1BR,standard,False,AG01
U050324,5,4,28.8,1BR,city,True,AG06
U050325,5,3,34.8,1BR,standard,True,AG04
U050326,5,2,24.9,studio,standard,True,AG01
U050327,5,6,26.4,studio,standard,False,AG06
U050328,5,5,24.6,studio,standard,True,AG01
U050329,5,8,21.6,studio,city,True,AG02
U050330,5,3,20.9,studio,standard,True,AG05
U050331,5,7,37.3,1BR Plus,city,False,AG03
U050332,5,5,21.7,studio,pool,True,AG03
U050333,5,2,23.0,studio,standard,True,AG02
U050334,5,3,28.8,1BR,standard,True,AG02
U050335,5,7,20.9,studio,standard,True,AG05
U050336,5,1,28.0,1BR,city,True,AG04
U050337,5,2,24.0,studio,standard,True,AG05
U050338,5,7,27.9,1BR,pool,True,AG02
U050339,5,2,35.0,1BR,standard,True,AG06
U050340,5,7,27.6,1BR,city,True,AG03
U050341,5,1,21.1,studio,city,True,AG02
U050342,5,1,26.0,studio,city,True,AG03
U050343,5,2,22.3,studio,standard,True,AG05
U050344,5,1,33.8,1BR,city,True,AG05
U050345,5,2,42.6,1BR Plus,city,True,AG03
U050346,5,7,21.0,studio,standard,False,AG05
U050347,5,6,23.5,studio,city,True,AG04
U050348,5,6,30.5,1BR,city,True,AG01
U050349,5,1,31.8,1BR,standard,True,AG04
U050350,5,8,35.2,1BR,pool,True,AG06
U050351,5,5,27.3,1BR,pool,True,AG02
U050352,5,5,44.6,1BR Plus,standard,True,AG01
U050353,5,8,35.5,1BR,city,True,AG05
U050354,5,3,24.0,studio,city,True,AG02
U050355,5,4,45.2,1BR Plus,standard,True,AG01
U050356,5,8,27.2,1BR,standard,False,AG05
U050357,5,3,25.6,studio,standard,True,AG04
U050358,5,3,34.3,1BR,pool,True,AG03
U050359,5,1,32.5,1BR,city,True,AG03
U050360,5,4,29.6,1BR,pool,True,AG05
U050361,5,1,29.5,1BR,city,False,AG06
U050362,5,5,25.2,studio,standard,True,AG04
U050363,5,1,26.9,studio,standard,True,AG01
U050364,5,1,25.7,studio,pool,True,AG06
U050365,5,1,21.7,studio,standard,False,AG06
U050366,5,8,20.9,studio,standard,True,AG02
U050367,5,1,25.2,studio,standard,True,AG05
U050368,5,3,20.7,studio,pool,True,AG06
U050369,5,7,24.3,studio,pool,True,AG06
U050370,5,8,24.3,studio,city,True,AG01
U050371,5,3,26.4,studio,pool,True,AG03
U050372,5,8,25.9,studio,standard,True,AG01
U050373,5,2,39.5,1BR Plus,standard,True,AG06
U050374,5,6,21.3,studio,pool,False,AG02
U050375,5,5,22.0,studio,pool,False,AG06
U050376,5,1,38.9,1BR Plus,standard,False,AG01
U050377,5,1,25.3,studio,pool,True,AG04
U050378,5,3,39.0,1BR Plus,standard,False,AG02
U050379,5,8,46.6,1BR Plus,standard,True,AG02
U050380,5,8,25.3,studio,pool,True,AG02
U050381,5,1,25.9,studio,standard,True,AG04
U050382,5,4,23.9,studio,standard,True,AG01
U050383,5,6,25.5,studio,pool,False,AG04
U050384,5,6,25.4,studio,standard,True,AG05
U050385,5,4,33.5,1BR,standard,True,AG01
U050386,5,5,25.5,studio,city,True,AG02
U050387,5,8,29.9,1BR,city,True,AG04
U050388,5,6,43.1,1BR Plus,standard,True,AG06
U050389,5,1,43.5,1BR Plus,standard,True,AG03
U050390,5,8,33.8,1BR,standard,True,AG03
U050391,5,7,41.3,1BR Plus,pool,True,AG06
U050392,5,3,24.6,studio,standard,True,AG03
U050393,5,1,21.3,studio,standard,True,AG04
U050394,5,7,20.9,studio,city,True,AG01
U050395,5,4,25.8,studio,pool,True,AG01
U050396,5,8,25.2,studio,city,True,AG03
U050397,5,7,25.3,studio,standard,True,AG06
U050398,5,4,20.8,studio,pool,True,AG06
U050399,5,4,22.5,studio,pool,False,AG01
U050400,5,4,21.9,studio,standard,True,AG06
U050401,5,2,22.5,studio,city,True,AG01
U050402,5,6,24.0,studio,standard,True,AG02
U050403,5,6,23.8,studio,city,True,AG06
U050404,5,3,34.5,1BR,standard,True,AG05
U050405,5,8,28.3,1BR,standard,True,AG06
U050406,5,5,35.2,1BR,standard,True,AG05
U050407,5,3,31.8,1BR,standard,True,AG05
U050408,5,4,22.3,studio,standard,True,AG03
U050409,5,8,21.7,studio,standard,True,AG01
U050410,5,8,28.4,1BR,city,True,AG05
U050411,5,6,28.3,1BR,pool,False,AG03
U050412,5,3,26.2,studio,city,False,AG05
U050413,5,8,22.9,studio,standard,True,AG03
U050414,5,8,41.7,1BR Plus,standard,True,AG03
U050415,5,6,23.4,studio,pool,True,AG03
U050416,5,6,25.5,studio,pool,True,AG03
U050417,5,4,26.5,studio,standard,False,AG05
U050418,5,7,31.2,1BR,pool,True,AG03
U050419,5,4,32.6,1BR,standard,False,AG01
U050420,5,2,21.5,studio,standard,True,AG06
U050421,5,6,27.8,1BR,standard,True,AG02
U050422,5,2,25.7,studio,standard,False,AG04
U050423,5,3,34.2,1BR,standard,True,AG06
U050424,5,4,21.3,studio,standard,True,AG01
U050425,5,2,25.0,studio,standard,True,AG05
U050426,5,6,33.1,1BR,standard,False,AG02
U050427,5,6,24.5,studio,standard,True,AG05
U050428,5,4,34.6,1BR,city,True,AG02
U050429,5,7,26.3,studio,city,True,AG01
U050430,5,1,23.0,studio,city,True,AG06
U050431,5,1,43.3,1BR Plus,city,True,AG06
U050432,5,7,22.0,studio,city,True,AG05
U050433,5,2,33.8,1BR,standard,True,AG04
U050434,5,4,23.0,studio,standard,True,AG04
U050435,5,1,39.2,1BR Plus,standard,True,AG02
U050436,5,7,28.1,1BR,standard,True,AG06
U050437,5,7,23.1,studio,standard,True,AG03
U050438,5,8,29.4,1BR,standard,True,AG05
U050439,5,7,21.2,studio,pool,True,AG02
U050440,5,1,21.2,studio,standard,True,AG02
U050441,5,5,29.3,1BR,standard,True,AG03
U050442,5,4,35.4,1BR,standard,True,AG06
U050443,5,1,23.2,studio,city,True,AG03
U050444,5,8,34.9,1BR,standard,True,AG01
U050445,5,5,29.1,1BR,city,False,AG03
U050446,5,5,31.5,1BR,standard,True,AG05
U050447,5,1,25.3,studio,standard,True,AG06
U050448,5,3,21.8,studio,city,True,AG05
U050449,5,3,22.2,studio,standard,True,AG05
U050450,5,2,29.6,1BR,standard,True,AG02
U050451,5,7,30.6,1BR,pool,True,AG05
U050452,5,3,23.3,studio,standard,True,AG06
U050453,5,1,27.4,1BR,pool,True,AG06
U050454,5,3,25.6,studio,standard,False,AG04
U050455,5,1,35.3,1BR,standard,True,AG06
U050456,5,6,34.1,1BR,standard,True,AG06
U050457,5,3,24.9,studio,standard,False,AG01
U050458,5,3,23.6,studio,pool,True,AG05
U050459,5,7,24.5,studio,standard,True,AG05
U050460,5,5,24.5,studio,standard,True,AG04
U050461,5,5,22.0,studio,city,True,AG01
U050462,5,5,29.7,1BR,city,True,AG06
U050463,5,1,23.6,studio,standard,True,AG02
U050464,5,5,28.8,1BR,standard,False,AG05
U050465,5,3,21.1,studio,standard,False,AG01
U050466,5,1,31.6,1BR,standard,False,AG01
U050467,5,2,25.6,studio,city,False,AG06
U050468,5,3,25.2,studio,standard,True,AG02
U050469,5,6,21.5,studio,pool,False,AG03
U050470,5,5,30.7,1BR,standard,False,AG02
U050471,5,4,21.8,studio,standard,True,AG04
U050472,5,6,25.5,studio,standard,False,AG06
U050473,5,5,23.6,studio,standard,False,AG02
U050474,5,2,23.6,studio,city,True,AG04
U050475,5,6,24.2,studio,standard,False,AG02
U050476,5,8,31.7,1BR,standard,False,AG01
U050477,5,4,23.7,studio,city,False,AG04
U050478,5,6,23.9,studio,pool,True,AG04
U050479,5,4,36.4,1BR Plus,standard,True,AG06
U050480,5,6,24.8,studio,city,True,AG04
U050481,5,8,30.7,1BR,standard,True,AG01
U050482,5,8,22.8,studio,standard,False,AG05
U050483,5,3,26.8,studio,pool,False,AG03
U050484,5,4,31.1,1BR,standard,False,AG03
U050485,5,8,46.6,1BR Plus,standard,True,AG03
U050486,5,4,23.8,studio,standard,True,AG01
U050487,5,7,21.1,studio,pool,True,AG02
U050488,5,2,34.1,1BR,standard,True,AG04
U050489,5,6,31.3,1BR,standard,True,AG01
U050490,5,6,35.3,1BR,pool,True,AG05
U050491,5,3,35.3,1BR,standard,True,AG04
U050492,5,5,23.3,studio,standard,True,AG02
U050493,5,1,32.5,1BR,standard,True,AG03
U050494,5,6,38.0,1BR Plus,city,True,AG03
U050495,5,4,28.0,1BR,standard,True,AG05
U050496,5,5,23.6,studio,pool,True,AG02
U050497,5,1,23.7,studio,standard,True,AG04
U050498,5,6,23.6,studio,standard,True,AG03
U050499,5,5,37.4,1BR Plus,standard,False,AG05
U050500,5,5,41.2,1BR Plus,standard,True,AG04
U050501,5,1,34.2,1BR,standard,True,AG02
U050502,5,5,26.3,studio,city,True,AG04
U050503,5,6,20.8,studio,city,True,AG03
U050504,5,4,26.9,studio,standard,True,AG04
U050505,5,7,20.7,studio,city,True,AG04
U050506,5,8,25.1,studio,standard,False,AG01
U050507,5,8,29.1,1BR,city,True,AG04
U050508,5,4,22.4,studio,standard,True,AG04
U050509,5,4,25.0,studio,standard,True,AG06
U050510,5,2,26.7,studio,standard,False,AG05
U050511,5,2,25.3,studio,city,True,AG06
U050512,5,2,22.0,studio,city,True,AG02
U050513,5,6,35.3,1BR,standard,True,AG02
U050514,5,3,41.7,1BR Plus,standard,False,AG04
U050515,5,6,36.0,1BR Plus,standard,True,AG01
U050516,5,1,20.9,studio,standard,True,AG01
U050517,5,4,40.3,1BR Plus,standard,True,AG02
U050518,5,4,28.2,1BR,city,True,AG03
U050519,5,1,44.5,1BR Plus,pool,True,AG05
U050520,5,3,24.9,studio,city,True,AG04
U050521,5,5,25.2,studio,city,True,AG02
U050522,5,6,28.4,1BR,city,True,AG04
U050523,5,1,34.9,1BR,standard,False,AG02
U050524,5,1,21.1,studio,pool,True,AG02
U050525,5,8,21.1,studio,standard,True,AG01
U050526,5,8,25.5,studio,pool,True,AG02
U050527,5,8,34.5,1BR,standard,True,AG05
U050528,5,2,25.1,studio,standard,False,AG05
U050529,5,4,34.4,1BR,standard,True,AG02
U050530,5,8,30.7,1BR,standard,True,AG04
U050531,5,4,42.8,1BR Plus,pool,False,AG04
U050532,5,2,22.4,studio,standard,False,AG04
U050533,5,3,33.6,1BR,standard,True,AG05
U050534,5,7,30.1,1BR,standard,True,AG05
U050535,5,8,26.4,studio,city,True,AG06
U050536,5,6,20.9,studio,standard,False,AG04
U050537,5,8,28.9,1BR,standard,True,AG04
U050538,5,2,27.1,1BR,standard,False,AG06
U050539,5,7,34.9,1BR,standard,True,AG04
U050540,5,2,20.8,studio,standard,False,AG04
U050541,5,7,26.5,studio,pool,False,AG04
U050542,5,4,26.6,studio,standard,True,AG03
U050543,5,3,26.2,studio,standard,True,AG02
U050544,5,4,24.2,studio,standard,True,AG03
U050545,5,6,26.5,studio,standard,True,AG01
U050546,5,8,34.2,1BR,pool,True,AG05
U050547,5,2,31.2,1BR,standard,True,AG02
U050548,5,6,33.5,1BR,standard,True,AG06
U050549,5,2,37.6,1BR Plus,standard,True,AG03
U050550,5,3,23.6,studio,standard,True,AG01
U050551,5,8,22.3,studio,standard,True,AG03
U050552,5,7,24.9,studio,standard,False,AG02
U050553,5,8,20.8,studio,city,True,AG04
U050554,5,6,24.4,studio,standard,True,AG02
U050555,5,4,33.9,1BR,standard,True,AG01
U050556,5,4,25.4,studio,pool,True,AG02
U050557,5,5,20.6,studio,standard,False,AG02
U050558,5,6,26.2,studio,standard,True,AG02
U050559,5,5,21.9,studio,standard,True,AG01
U050560,5,7,24.9,studio,standard,True,AG06
U050561,5,3,33.6,1BR,standard,True,AG02
U050562,5,1,23.7,studio,pool,True,AG02
U050563,5,4,20.8,studio,pool,True,AG03
U050564,5,3,25.4,studio,standard,True,AG02
U050565,5,7,23.9,studio,city,True,AG02
U050566,5,4,29.6,1BR,city,True,AG06
U050567,5,1,24.7,studio,standard,False,AG02
U050568,5,5,21.9,studio,standard,True,AG05
U050569,5,5,21.2,studio,city,False,AG01
U050570,5,7,25.6,studio,standard,False,AG01
U050571,5,4,24.2,studio,standard,True,AG03
U050572,5,1,34.5,1BR,standard,True,AG01
U050573,5,5,34.5,1BR,city,True,AG05
U050574,5,7,45.5,1BR Plus,standard,True,AG05
U050575,5,1,20.8,studio,standard,True,AG04
U050576,5,3,22.4,studio,city,True,AG01
U050577,5,7,26.2,studio,city,False,AG03
U050578,5,6,32.3,1BR,city,True,AG01
U050579,5,2,29.9,1BR,city,True,AG05
U050580,5,4,24.2,studio,city,False,AG06
U050581,5,3,21.8,studio,standard,True,AG01
U050582,5,5,31.8,1BR,standard,True,AG01
U050583,5,4,26.0,studio,standard,True,AG04
U050584,5,7,29.4,1BR,standard,True,AG05
U050585,5,1,34.2,1BR,standard,False,AG02
U050586,5,5,26.8,studio,city,True,AG02
U050587,5,4,23.8,studio,standard,True,AG04
U050588,5,5,31.6,1BR,standard,True,AG03
U050589,5,6,20.8,studio,standard,True,AG03
U050590,5,7,20.6,studio,standard,True,AG03
U050591,5,7,22.9,studio,standard,True,AG05
U050592,5,3,25.0,studio,standard,True,AG05
U050593,5,6,21.7,studio,standard,False,AG04
U050594,5,3,22.2,studio,standard,False,AG01
U050595,5,2,22.9,studio,standard,True,AG06
U050596,5,8,22.8,studio,standard,True,AG02
U050597,5,6,22.6,studio,standard,False,AG06
U050598,5,1,26.0,studio,standard,True,AG02
U050599,5,1,27.0,studio,standard,False,AG02
U050600,5,8,40.2,1BR Plus,pool,True,AG02
U050601,5,8,25.2,studio,standard,False,AG03
U050602,5,6,20.6,studio,city,True,AG02
U050603,5,8,26.9,studio,standard,True,AG04
U050604,5,6,25.0,studio,standard,True,AG02
U050605,5,5,25.1,studio,standard,False,AG05
U050606,5,5,26.9,studio,standard,False,AG06
U050607,5,8,21.6,studio,standard,False,AG01
U050608,5,7,24.2,studio,standard,True,AG02
U050609,5,2,37.0,1BR Plus,city,True,AG03
U050610,5,5,26.7,studio,standard,True,AG04
U050611,5,1,23.7,studio,standard,True,AG06
U050612,5,3,39.6,1BR Plus,pool,True,AG05
U050613,5,4,26.5,studio,standard,True,AG01
U050614,5,1,22.0,studio,standard,False,AG04
U050615,5,2,32.7,1BR,standard,True,AG02
U050616,5,3,36.5,1BR Plus,city,True,AG03
U050617,5,8,23.6,studio,standard,True,AG06
U050618,5,7,33.6,1BR,standard,True,AG03
U050619,5,8,44.5,1BR Plus,standard,True,AG04
U050620,5,2,24.3,studio,standard,False,AG03
U050621,5,8,30.2,1BR,standard,True,AG06
U050622,5,7,23.2,studio,city,True,AG02
U050623,5,6,27.8,1BR,city,False,AG05
U050624,5,8,37.0,1BR Plus,city,False,AG01
U050625,5,2,45.8,1BR Plus,standard,False,AG02
U050626,5,6,24.0,studio,standard,True,AG05
U050627,5,7,45.4,1BR Plus,standard,False,AG03
U050628,5,4,23.2,studio,pool,True,AG05
U050629,5,2,25.8,studio,city,True,AG04
U050630,5,1,20.8,studio,standard,True,AG03
U050631,5,5,21.5,studio,standard,False,AG05
U050632,5,5,24.6,studio,city,True,AG01
U050633,5,1,44.8,1BR Plus,standard,True,AG01
U050634,5,1,27.6,1BR,standard,True,AG01
U050635,5,7,23.4,studio,city,True,AG06
U050636,5,8,33.5,1BR,standard,False,AG05
U050637,5,2,23.9,studio,standard,False,AG04
U050638,5,4,44.3,1BR Plus,standard,True,AG06
U050639,5,6,29.9,1BR,standard,False,AG03
U050640,5,6,45.0,1BR Plus,city,True,AG02
U050641,5,2,23.7,studio,standard,True,AG06
U050642,5,4,24.4,studio,standard,False,AG04
U050643,5,3,23.2,studio,pool,True,AG02
U050644,5,8,21.5,studio,standard,True,AG02
U050645,5,3,44.9,1BR Plus,standard,False,AG04
U050646,5,5,34.6,1BR,standard,False,AG03
U050647,5,7,24.3,studio,standard,False,AG03
U050648,5,4,25.5,studio,standard,True,AG01
U050649,5,1,44.8,1BR Plus,standard,False,AG02
U050650,5,1,28.5,1BR,standard,True,AG01
U050651,5,6,25.7,studio,standard,True,AG06
U050652,5,2,23.7,studio,city,False,AG03
U050653,5,6,30.4,1BR,standard,False,AG01
U050654,5,5,26.3,studio,pool,True,AG02
U050655,5,2,32.6,1BR,standard,False,AG01
U050656,5,6,23.2,studio,standard,True,AG06
U050657,5,2,23.5,studio,standard,False,AG06
U050658,5,2,29.7,1BR,standard,True,AG03
U050659,5,6,22.9,studio,city,True,AG04
U050660,5,7,22.0,studio,city,True,AG01
U050661,5,6,28.8,1BR,standard,True,AG04
U050662,5,8,34.4,1BR,city,True,AG01
U050663,5,3,22.4,studio,standard,True,AG03
U050664,5,1,21.7,studio,city,False,AG01
U050665,5,5,32.4,1BR,standard,True,AG04
U050666,5,1,21.6,studio,standard,False,AG02
U050667,5,3,30.3,1BR,standard,True,AG04
U050668,5,7,26.8,studio,standard,False,AG05
U050669,5,6,26.8,studio,standard,True,AG06
U050670,5,5,33.6,1BR,standard,True,AG01
U050671,5,2,21.5,studio,city,True,AG03
U050672,5,8,36.5,1BR Plus,standard,True,AG05
U050673,5,5,26.3,studio,city,True,AG04
U050674,5,6,23.1,studio,city,True,AG04
U050675,5,8,31.8,1BR,city,True,AG05
U050676,5,6,25.2,studio,standard,True,AG05
U050677,5,8,25.7,studio,city,True,AG02
U050678,5,2,29.7,1BR,standard,True,AG01
U050679,5,7,35.3,1BR,standard,True,AG04
U050680,5,3,20.7,studio,standard,True,AG05
U050681,5,4,38.4,1BR Plus,standard,True,AG03
U050682,5,8,35.9,1BR Plus,city,True,AG03
U050683,5,2,39.6,1BR Plus,city,True,AG04
U050684,5,5,22.8,studio,city,True,AG05
U050685,5,8,46.3,1BR Plus,city,False,AG01
U050686,5,2,22.2,studio,standard,True,AG04
U050687,5,7,22.0,studio,city,True,AG06
U050688,5,8,42.2,1BR Plus,standard,True,AG06
U050689,5,6,31.5,1BR,city,False,AG04
U050690,5,8,41.1,1BR Plus,standard,True,AG06
U050691,5,7,20.8,studio,standard,True,AG03
U050692,5,5,24.9,studio,standard,True,AG02
U050693,5,4,22.9,studio,standard,True,AG01
U050694,5,7,42.5,1BR Plus,standard,True,AG04
U050695,5,5,24.4,studio,standard,True,AG02
U050696,5,5,21.1,studio,pool,True,AG01
U050697,5,1,33.1,1BR,city,True,AG02
U050698,5,4,26.8,studio,standard,True,AG02
U050699,5,5,24.0,studio,standard,True,AG05
U050700,5,2,29.6,1BR,standard,True,AG02
U050701,5,6,24.6,studio,pool,True,AG02
U050702,5,4,32.3,1BR,standard,True,AG02
U050703,5,6,26.3,studio,city,True,AG02
U050704,5,3,23.8,studio,city,True,AG06
U050705,5,4,21.3,studio,standard,True,AG05
U050706,5,4,36.2,1BR Plus,city,True,AG03
U050707,5,7,27.9,1BR,standard,False,AG01
U050708,5,3,37.8,1BR Plus,standard,True,AG03
U050709,5,5,26.4,studio,standard,True,AG02
U050710,5,2,28.7,1BR,standard,True,AG03
U050711,5,8,41.0,1BR Plus,city,True,AG03
U050712,5,4,33.0,1BR,standard,True,AG03
U050713,5,4,24.0,studio,pool,True,AG04
U050714,5,1,32.5,1BR,standard,True,AG01
U050715,5,2,23.3,studio,city,False,AG02
U050716,5,6,22.2,studio,standard,True,AG02
U050717,5,5,25.4,studio,standard,False,AG03
U050718,5,5,24.5,studio,standard,False,AG02
U050719,5,7,24.5,studio,standard,True,AG03
U050720,5,2,20.8,studio,city,True,AG04
U050721,5,1,21.6,studio,standard,True,AG03
U050722,5,4,28.3,1BR,standard,True,AG03
U050723,5,5,24.2,studio,standard,True,AG03
U050724,5,8,44.8,1BR Plus,city,False,AG03
U050725,5,4,21.9,studio,standard,True,AG03
U050726,5,7,33.0,1BR,standard,True,AG03
U050727,5,4,21.6,studio,standard,False,AG05
U050728,5,4,24.9,studio,standard,True,AG06
U050729,5,8,29.8,1BR,city,True,AG02
U050730,5,2,22.5,studio,standard,True,AG05
U050731,5,1,24.5,studio,standard,True,AG06
U050732,5,1,32.9,1BR,city,True,AG06
U050733,5,1,32.3,1BR,standard,False,AG01
U050734,5,1,33.3,1BR,city,True,AG02
U050735,5,8,21.4,studio,pool,True,AG01
U050736,5,7,31.4,1BR,standard,True,AG01
U050737,5,6,22.1,studio,standard,False,AG06
U050738,5,6,44.0,1BR Plus,standard,True,AG05
U050739,5,5,28.5,1BR,standard,True,AG01
U050740,5,6,27.2,1BR,city,True,AG04
U050741,5,5,26.5,studio,standard,True,AG03
U050742,5,6,24.2,studio,standard,False,AG06
U050743,5,6,20.8,studio,standard,True,AG06
U050744,5,4,30.4,1BR,standard,True,AG05
U050745,5,6,26.6,studio,standard,True,AG04
U050746,5,6,33.4,1BR,pool,True,AG03
U050747,5,3,22.6,studio,city,True,AG02
U050748,5,5,29.2,1BR,standard,False,AG02
U050749,5,6,37.1,1BR Plus,pool,True,AG04
U050750,5,3,22.4,studio,standard,False,AG03
U050751,5,1,21.9,studio,city,True,AG03
U050752,5,8,39.9,1BR Plus,city,True,AG04
U050753,5,4,24.5,studio,standard,True,AG03
U050754,5,5,21.8,studio,standard,False,AG03
U050755,5,5,21.0,studio,standard,False,AG02
U050756,5,1,33.6,1BR,standard,True,AG01
U050757,5,1,20.8,studio,pool,False,AG05
U050758,5,7,33.1,1BR,standard,True,AG01
U050759,5,3,45.1,1BR Plus,standard,True,AG06
U050760,5,4,29.9,1BR,standard,True,AG02
U050761,5,8,30.2,1BR,city,False,AG03
U050762,5,3,29.0,1BR,standard,True,AG03
U050763,5,8,22.9,studio,city,True,AG04
U050764,5,7,23.0,studio,standard,False,AG01
U050765,5,2,25.4,studio,standard,True,AG06
U050766,5,8,23.4,studio,standard,True,AG02
U050767,5,8,34.1,1BR,standard,True,AG02
U050768,5,1,20.8,studio,standard,False,AG02
U050769,5,8,25.3,studio,pool,False,AG03
U050770,5,4,30.4,1BR,standard,True,AG01
U050771,5,7,26.9,studio,standard,True,AG01
U050772,5,1,24.5,studio,pool,False,AG02
U050773,5,8,25.6,studio,standard,True,AG03
U050774,5,7,23.0,studio,standard,True,AG01
U050775,5,4,28.0,1BR,city,True,AG05
U050776,5,8,31.1,1BR,standard,True,AG06
U050777,5,4,32.7,1BR,city,True,AG05
U050778,5,7,30.0,1BR,city,True,AG04
U050779,5,3,41.8,1BR Plus,standard,True,AG06
U050780,5,4,27.4,1BR,pool,True,AG02
U050781,5,1,37.5,1BR Plus,standard,True,AG03
U050782,5,6,30.7,1BR,standard,True,AG04
U050783,5,5,29.8,1BR,standard,True,AG02
U050784,5,2,25.8,studio,city,True,AG04
U050785,5,3,25.5,studio,standard,True,AG05
U050786,5,3,25.2,studio,standard,True,AG04
U050787,5,6,30.4,1BR,standard,True,AG01
U050788,5,8,25.7,studio,standard,True,AG01
U050789,5,7,22.5,studio,standard,True,AG04
U050790,5,3,22.3,studio,city,False,AG05
U050791,5,5,25.2,studio,standard,True,AG02
U050792,5,8,27.3,1BR,city,True,AG06
U050793,5,3,24.9,studio,standard,True,AG06
U050794,5,3,26.8,studio,standard,True,AG05
U050795,5,7,34.9,1BR,city,True,AG01
U050796,5,4,31.2,1BR,city,True,AG01
U050797,5,6,25.3,studio,standard,True,AG02
U050798,5,7,28.5,1BR,standard,True,AG05
U050799,5,5,25.2,studio,city,True,AG01
U050800,5,2,40.1,1BR Plus,standard,True,AG04
U050801,5,8,37.9,1BR Plus,standard,True,AG01
U050802,5,6,24.0,studio,standard,True,AG03
U050803,5,5,23.0,studio,standard,True,AG04
U050804,5,1,24.4,studio,pool,False,AG01
U050805,5,6,31.0,1BR,standard,True,AG04
U050806,5,2,24.9,studio,standard,True,AG02
U050807,5,6,21.2,studio,city,True,AG01
U050808,5,5,32.5,1BR,standard,True,AG06
U050809,5,4,30.5,1BR,city,True,AG02
U050810,5,6,23.6,studio,standard,True,AG06
U050811,5,6,24.5,studio,pool,True,AG02
U050812,5,6,23.2,studio,standard,True,AG01
U050813,5,2,26.3,studio,standard,False,AG05
U050814,5,6,21.4,studio,standard,False,AG05
U050815,5,1,29.1,1BR,standard,True,AG03
U050816,5,6,23.8,studio,standard,True,AG05
U050817,5,7,25.2,studio,standard,True,AG01
U050818,5,7,40.1,1BR Plus,city,True,AG03
U050819,5,6,22.1,studio,standard,True,AG02
U050820,5,8,24.0,studio,standard,True,AG04
U050821,5,7,26.2,studio,city,True,AG02
U050822,5,4,23.5,studio,city,True,AG02
U050823,5,2,25.6,studio,standard,True,AG04
U050824,5,3,22.2,studio,city,True,AG04
U050825,5,3,32.6,1BR,standard,True,AG01
U050826,5,1,23.9,studio,standard,True,AG03
U050827,5,7,26.6,studio,standard,True,AG04
U050828,5,3,32.2,1BR,pool,False,AG02
U050829,5,6,30.5,1BR,city,True,AG05
U050830,5,6,27.9,1BR,standard,True,AG03
U050831,5,6,34.8,1BR,standard,False,AG01
U050832,5,3,29.5,1BR,standard,True,AG04
U050833,5,1,35.0,1BR,standard,True,AG04
U050834,5,4,21.9,studio,standard,True,AG06
U050835,5,5,27.5,1BR,pool,True,AG03
U050836,5,1,21.8,studio,city,True,AG01
U050837,5,8,33.5,1BR,standard,True,AG05
U050838,5,1,33.4,1BR,pool,True,AG05
U050839,5,2,26.9,studio,standard,True,AG04
U050840,5,2,31.6,1BR,standard,True,AG06
U050841,5,5,24.7,studio,pool,True,AG01
U050842,5,4,34.2,1BR,city,True,AG05
U050843,5,8,22.2,studio,standard,True,AG01
U050844,5,2,27.4,1BR,city,False,AG03
U050845,5,4,23.1,studio,standard,True,AG05
U050846,5,6,21.1,studio,standard,True,AG02
U050847,5,8,24.8,studio,standard,True,AG05
U050848,5,1,24.3,studio,standard,True,AG06
U050849,5,8,22.2,studio,standard,True,AG03
U050850,5,1,42.4,1BR Plus,standard,True,AG02
U050851,5,3,22.6,studio,city,True,AG04
U050852,5,7,26.7,studio,city,True,AG01
U050853,5,4,28.7,1BR,standard,True,AG05
U050854,5,8,23.4,studio,standard,False,AG06
U050855,5,6,25.1,studio,standard,True,AG03
U050856,5,4,30.3,1BR,standard,False,AG01
U050857,5,3,23.5,studio,pool,True,AG02
U050858,5,1,23.9,studio,pool,True,AG03
U050859,5,5,31.3,1BR,standard,True,AG06
U050860,5,6,25.2,studio,pool,True,AG03
U050861,5,2,23.6,studio,standard,True,AG06
U050862,5,2,23.3,studio,standard,True,AG03
U050863,5,7,25.3,studio,pool,True,AG04
U050864,5,4,21.0,studio,city,True,AG01
U050865,5,7,20.9,studio,standard,True,AG03
U050866,5,8,25.0,studio,standard,True,AG05
U050867,5,5,26.0,studio,pool,True,AG02
U050868,5,3,25.6,studio,standard,True,AG06
U050869,5,5,25.0,studio,standard,True,AG06
U050870,5,1,21.1,studio,standard,True,AG05
U050871,5,2,23.3,studio,standard,False,AG03
U050872,5,5,29.1,1BR,city,True,AG02
U050873,5,4,26.8,studio,standard,False,AG01
U050874,5,2,28.1,1BR,standard,True,AG06
U050875,5,8,25.5,studio,pool,True,AG03
U050876,5,8,25.4,studio,standard,True,AG05
U050877,5,3,27.2,1BR,city,True,AG02
U050878,5,7,46.0,1BR Plus,standard,False,AG06
U050879,5,3,38.4,1BR Plus,standard,True,AG06
U050880,5,3,24.7,studio,city,False,AG02
U050881,5,7,22.8,studio,city,True,AG03
U050882,5,5,29.1,1BR,standard,True,AG01
U050883,5,7,21.5,studio,standard,True,AG02
U050884,5,1,25.2,studio,standard,False,AG02
U050885,5,7,22.3,studio,city,True,AG01
U050886,5,4,21.5,studio,standard,True,AG03
U050887,5,1,25.2,studio,pool,True,AG01
U050888,5,1,21.9,studio,standard,True,AG05
U050889,5,1,44.0,1BR Plus,standard,True,AG06
U050890,5,4,24.7,studio,standard,False,AG06
U050891,5,2,28.6,1BR,city,True,AG05
U050892,5,1,24.2,studio,city,True,AG03
U050893,5,8,21.7,studio,standard,False,AG02
U050894,5,1,30.3,1BR,standard,False,AG04
U050895,5,2,28.5,1BR,standard,True,AG01
U050896,5,8,28.3,1BR,standard,True,AG01
U050897,5,3,26.0,studio,city,True,AG04
U050898,5,4,32.1,1BR,standard,True,AG05
U050899,5,3,29.5,1BR,standard,True,AG01
U050900,5,6,28.3,1BR,standard,True,AG01
U050901,5,1,28.9,1BR,standard,True,AG06
U050902,5,4,25.7,studio,standard,False,AG02
U050903,5,3,23.2,studio,standard,False,AG01
U050904,5,1,34.1,1BR,pool,True,AG04
U050905,5,8,33.5,1BR,city,True,AG03
U050906,5,4,22.3,studio,city,True,AG01
U050907,5,8,29.0,1BR,standard,True,AG04
U050908,5,8,33.7,1BR,standard,True,AG02
U050909,5,8,20.9,studio,standard,True,AG01
U050910,5,1,24.8,studio,standard,True,AG01
U050911,5,8,26.4,studio,standard,True,AG03
U050912,5,1,24.8,studio,standard,False,AG03
U050913,5,3,28.8,1BR,standard,True,AG05
U050914,5,1,21.9,studio,city,False,AG06
U050915,5,6,27.3,1BR,pool,True,AG04
U050916,5,1,23.6,studio,standard,True,AG01
U050917,5,2,20.9,studio,standard,True,AG05
U050918,5,7,25.6,studio,city,False,AG06
U050919,5,1,30.2,1BR,standard,True,AG05
U050920,5,4,32.4,1BR,city,False,AG02
U050921,5,3,22.2,studio,city,True,AG01
U050922,5,6,22.1,studio,standard,True,AG06
U050923,5,8,27.4,1BR,standard,False,AG06
U050924,5,6,24.5,studio,pool,True,AG04
U050925,5,5,28.3,1BR,standard,True,AG06
U050926,5,8,21.6,studio,standard,True,AG02
U050927,5,3,21.7,studio,standard,False,AG03
U050928,5,6,41.3,1BR Plus,standard,True,AG06
U050929,5,1,31.0,1BR,standard,True,AG05
U050930,5,3,46.5,1BR Plus,city,False,AG03
U050931,5,4,22.0,studio,city,False,AG03
U050932,5,7,26.0,studio,standard,True,AG04
U050933,5,2,25.0,studio,standard,True,AG03
U050934,5,7,28.6,1BR,city,True,AG04
U050935,5,4,20.8,studio,standard,False,AG06
U050936,5,7,25.6,studio,city,False,AG02
U050937,5,4,25.9,studio,standard,True,AG06
U050938,5,4,25.8,studio,city,True,AG01
U050939,5,3,33.2,1BR,standard,True,AG01
U050940,5,5,24.4,studio,city,False,AG06
U050941,5,4,24.2,studio,city,False,AG06
U050942,5,5,29.6,1BR,standard,True,AG01
U050943,5,1,31.1,1BR,standard,True,AG06
U050944,5,1,34.5,1BR,pool,True,AG01
U050945,5,3,22.7,studio,standard,True,AG06
U050946,5,4,22.2,studio,standard,True,AG01
U050947,5,4,24.0,studio,standard,True,AG02
U050948,5,5,26.6,studio,city,True,AG02
U050949,5,4,24.0,studio,city,True,AG05
U050950,5,5,20.7,studio,pool,False,AG06
U050951,5,2,40.8,1BR Plus,city,False,AG06
U050952,5,3,33.3,1BR,standard,False,AG02
U050953,5,5,25.2,studio,standard,False,AG05
U050954,5,5,26.2,studio,standard,True,AG02
U050955,5,1,24.3,studio,pool,True,AG05
U050956,5,6,24.0,studio,standard,True,AG01
U050957,5,5,26.1,studio,city,False,AG01
U050958,5,2,34.5,1BR,pool,False,AG05
U050959,5,8,31.6,1BR,standard,True,AG01
U050960,5,6,28.5,1BR,standard,True,AG04
U050961,5,7,26.0,studio,standard,False,AG02
U050962,5,1,20.9,studio,city,True,AG02
U050963,5,4,21.5,studio,pool,False,AG02
U050964,5,7,28.1,1BR,city,True,AG04
U050965,5,7,24.7,studio,city,True,AG01
U050966,5,3,24.0,studio,standard,True,AG03
U050967,5,2,24.4,studio,standard,True,AG01
U050968,5,7,24.9,studio,pool,False,AG02
U050969,5,2,42.9,1BR Plus,city,True,AG01
U050970,5,6,40.6,1BR Plus,standard,True,AG02
U050971,5,8,28.5,1BR,city,True,AG02
U050972,5,8,21.2,studio,standard,True,AG05
U050973,5,4,30.1,1BR,city,False,AG04
U050974,5,6,28.9,1BR,standard,True,AG01
U050975,5,4,21.0,studio,pool,True,AG02
U050976,5,4,21.1,studio,standard,True,AG05
U050977,5,2,28.4,1BR,standard,True,AG04
U050978,5,1,23.2,studio,city,False,AG03
U050979,5,3,23.1,studio,standard,True,AG06
U050980,5,5,35.0,1BR,standard,False,AG06
U050981,5,1,25.3,studio,city,False,AG03
U050982,5,7,39.3,1BR Plus,city,True,AG06
U050983,5,5,24.8,studio,city,True,AG06
U050984,5,3,26.9,studio,pool,True,AG03
U050985,5,2,30.2,1BR,pool,True,AG02
U050986,5,5,26.0,studio,standard,True,AG03
U050987,5,4,27.8,1BR,standard,True,AG02
U050988,5,3,31.7,1BR,standard,True,AG06
U050989,5,2,25.2,studio,standard,True,AG05
U050990,5,2,36.1,1BR Plus,standard,False,AG05
U050991,5,1,26.7,studio,city,True,AG03
U050992,5,6,35.0,1BR,city,True,AG04
U050993,5,6,23.2,studio,standard,True,AG03
U050994,5,4,23.2,studio,standard,True,AG06
U050995,5,2,39.2,1BR Plus,standard,True,AG03
U050996,5,3,24.4,studio,standard,True,AG04
U050997,5,8,25.4,studio,standard,True,AG03
U050998,5,5,30.1,1BR,standard,True,AG04
U050999,5,5,35.2,1BR,standard,True,AG05
U051000,5,3,30.8,1BR,city,True,AG03
U051001,5,3,25.2,studio,standard,True,AG06
U051002,5,5,22.7,studio,standard,True,AG03
U051003,5,7,25.8,studio,standard,True,AG01
U051004,5,3,21.3,studio,standard,True,AG04
U051005,5,1,22.7,studio,standard,False,AG01
U051006,5,5,34.3,1BR,standard,True,AG02
U051007,5,5,28.0,1BR,city,True,AG02
U051008,5,2,27.8,1BR,standard,True,AG03
U051009,5,6,37.5,1BR Plus,pool,True,AG04
U051010,5,2,34.8,1BR,standard,True,AG05
U051011,5,5,24.8,studio,standard,True,AG06
U051012,5,3,25.5,studio,standard,True,AG02
U051013,5,8,26.7,studio,standard,True,AG04
U051014,5,6,22.4,studio,city,False,AG05
U051015,5,5,21.8,studio,city,True,AG06
U060000,6,3,21.0,studio,pool,True,AG03
U060001,6,6,32.1,1BR,city,False,AG01
U060002,6,4,26.6,studio,standard,True,AG02
U060003,6,6,26.9,studio,pool,True,AG06
U060004,6,5,28.0,1BR,city,True,AG05
U060005,6,2,25.1,studio,city,True,AG03
U060006,6,6,28.0,1BR,city,True,AG06
U060007,6,7,21.2,studio,standard,True,AG05
U060008,6,5,46.2,1BR Plus,pool,False,AG05
U060009,6,4,29.5,1BR,city,True,AG03
U060010,6,8,21.5,studio,standard,True,AG03
U060011,6,4,26.1,studio,pool,True,AG03
U060012,6,4,21.8,studio,city,True,AG06
U060013,6,2,25.8,studio,standard,True,AG03
U060014,6,8,23.4,studio,city,True,AG01
U060015,6,7,20.7,studio,standard,True,AG04
U060016,6,6,26.7,studio,standard,False,AG05
U060017,6,1,35.4,1BR,standard,True,AG06
U060018,6,2,27.9,1BR,city,True,AG01
U060019,6,1,47.0,1BR Plus,pool,True,AG03
U060020,6,6,39.2,1BR Plus,pool,True,AG05
U060021,6,7,22.7,studio,standard,True,AG01
U060022,6,8,27.1,1BR,standard,True,AG06
U060023,6,8,20.6,studio,city,True,AG03
U060024,6,2,25.7,studio,standard,False,AG04
U060025,6,6,26.2,studio,pool,True,AG02
U060026,6,1,37.9,1BR Plus,standard,True,AG03
U060027,6,3,24.7,studio,standard,True,AG01
U060028,6,4,23.0,studio,pool,True,AG04
U060029,6,4,21.5,studio,pool,True,AG02
U060030,6,6,20.8,studio,standard,True,AG04
U060031,6,5,33.8,1BR,standard,True,AG04
U060032,6,6,22.1,studio,pool,True,AG04
U060033,6,4,23.3,studio,standard,True,AG01
U060034,6,1,26.7,studio,city,True,AG01
U060035,6,8,20.8,studio,city,True,AG04
U060036,6,5,29.8,1BR,standard,True,AG02
U060037,6,4,22.6,studio,standard,True,AG02
U060038,6,4,23.7,studio,standard,False,AG03
U060039,6,4,27.7,1BR,pool,True,AG04
U060040,6,1,31.5,1BR,pool,True,AG01
U060041,6,6,24.8,studio,standard,True,AG01
U060042,6,7,22.8,studio,standard,False,AG01
U060043,6,1,22.5,studio,standard,False,AG03
U060044,6,6,23.0,studio,standard,True,AG03
U060045,6,1,22.4,studio,standard,True,AG06
U060046,6,3,27.7,1BR,standard,True,AG04
U060047,6,3,21.1,studio,standard,False,AG02
U060048,6,3,37.0,1BR Plus,pool,True,AG01
U060049,6,1,30.5,1BR,standard,True,AG03
U060050,6,2,31.2,1BR,standard,True,AG03
U060051,6,3,41.2,1BR Plus,standard,True,AG06
U060052,6,3,35.3,1BR,pool,True,AG01
U060053,6,1,23.2,studio,standard,True,AG02
U060054,6,6,26.0,studio,city,True,AG02
U060055,6,7,36.3,1BR Plus,city,False,AG02
U060056,6,6,23.5,studio,standard,True,AG06
U060057,6,4,30.8,1BR,standard,True,AG03
U060058,6,1,25.3,studio,pool,False,AG02
U060059,6,1,32.5,1BR,standard,True,AG04
U060060,6,2,20.7,studio,standard,True,AG06
U060061,6,2,23.3,studio,standard,True,AG01
U060062,6,7,21.4,studio,standard,True,AG05
U060063,6,1,24.7,studio,standard,True,AG05
U060064,6,3,28.4,1BR,standard,False,AG02
U060065,6,3,43.7,1BR Plus,standard,True,AG04
U060066,6,8,27.7,1BR,standard,True,AG05
U060067,6,3,30.8,1BR,standard,True,AG02
U060068,6,7,28.4,1BR,standard,True,AG01
U060069,6,1,23.9,studio,standard,False,AG03
U060070,6,2,22.2,studio,standard,True,AG06
U060071,6,8,24.8,studio,standard,True,AG03
U060072,6,3,22.9,studio,city,True,AG01
U060073,6,4,35.3,1BR,city,True,AG01
U060074,6,5,33.7,1BR,standard,False,AG06
U060075,6,6,45.3,1BR Plus,city,True,AG01
U060076,6,5,22.3,studio,standard,True,AG01
U060077,6,6,24.4,studio,standard,True,AG02
U060078,6,6,20.9,studio,standard,True,AG04
U060079,6,1,34.3,1BR,standard,True,AG04
U060080,6,6,24.8,studio,standard,True,AG01
U060081,6,5,27.9,1BR,standard,False,AG03
U060082,6,7,27.0,studio,standard,True,AG01
U060083,6,1,28.5,1BR,standard,True,AG06
U060084,6,8,25.0,studio,standard,True,AG02
U060085,6,4,36.5,1BR Plus,standard,True,AG05
U060086,6,2,25.8,studio,standard,True,AG04
U060087,6,6,20.8,studio,standard,True,AG06
U060088,6,6,22.8,studio,standard,False,AG02
U060089,6,5,33.8,1BR,standard,True,AG05
U060090,6,8,28.1,1BR,city,False,AG01
U060091,6,3,32.2,1BR,city,True,AG04
U060092,6,1,45.2,1BR Plus,standard,True,AG03
U060093,6,2,20.7,studio,city,True,AG03
U060094,6,6,23.9,studio,standard,True,AG03
U060095,6,6,24.4,studio,standard,True,AG02
U060096,6,6,23.9,studio,standard,True,AG01
U060097,6,3,44.8,1BR Plus,standard,True,AG05
U060098,6,8,43.6,1BR Plus,city,False,AG05
U060099,6,4,25.1,studio,city,True,AG05
U060100,6,2,25.3,studio,pool,True,AG05
U060101,6,1,21.1,studio,standard,True,AG05
U060102,6,5,25.3,studio,standard,True,AG03
U060103,6,8,21.1,studio,standard,False,AG05
U060104,6,5,22.5,studio,pool,True,AG01
U060105,6,2,21.1,studio,standard,True,AG03
U060106,6,5,25.0,studio,city,False,AG02
U060107,6,3,21.6,studio,standard,True,AG01
U060108,6,1,21.4,studio,pool,True,AG06
U060109,6,2,42.7,1BR Plus,standard,True,AG01
U060110,6,8,33.5,1BR,standard,False,AG02
U060111,6,4,22.5,studio,city,False,AG03
U060112,6,1,22.7,studio,city,True,AG01
U060113,6,3,39.0,1BR Plus,standard,True,AG03
U060114,6,1,25.9,studio,standard,True,AG01
U060115,6,4,27.1,1BR,city,False,AG02
U060116,6,7,21.6,studio,city,True,AG04
U060117,6,3,26.1,studio,pool,True,AG05
U060118,6,5,28.1,1BR,standard,True,AG04
U060119,6,2,23.8,studio,city,False,AG05
U060120,6,5,24.3,studio,city,True,AG05
U060121,6,1,32.1,1BR,standard,True,AG06
U060122,6,5,21.1,studio,city,True,AG01
U060123,6,1,23.5,studio,standard,True,AG05
U060124,6,6,20.9,studio,city,True,AG03
U060125,6,8,30.2,1BR,standard,True,AG03
U060126,6,8,36.0,1BR Plus,pool,True,AG01
U060127,6,5,21.0,studio,pool,True,AG05
U060128,6,3,22.8,studio,standard,True,AG01
U060129,6,1,30.5,1BR,standard,True,AG06
U060130,6,5,22.9,studio,standard,False,AG01
U060131,6,5,27.0,studio,standard,True,AG01
U060132,6,3,23.9,studio,standard,True,AG04
U060133,6,8,24.0,studio,standard,True,AG04
U060134,6,5,35.3,1BR,city,True,AG01
U060135,6,6,40.0,1BR Plus,city,True,AG05
U060136,6,3,25.9,studio,standard,True,AG06
U060137,6,3,24.1,studio,standard,True,AG01
U060138,6,3,24.1,studio,standard,True,AG04
U060139,6,7,33.3,1BR,city,True,AG01
U060140,6,7,34.7,1BR,city,True,AG06
U060141,6,3,25.2,studio,standard,True,AG04
U060142,6,5,21.4,studio,city,False,AG02
U060143,6,2,33.8,1BR,city,False,AG05
U060144,6,4,22.3,studio,city,False,AG06
U060145,6,6,27.6,1BR,standard,True,AG03
U060146,6,4,23.3,studio,standard,True,AG02
U060147,6,7,21.4,studio,standard,True,AG02
U060148,6,8,25.9,studio,city,True,AG03
U060149,6,5,27.3,1BR,standard,True,AG05
U060150,6,8,41.6,1BR Plus,pool,False,AG01
U060151,6,5,20.9,studio,standard,True,AG01
U060152,6,5,24.7,studio,city,True,AG02
U060153,6,6,20.7,studio,pool,True,AG01
U060154,6,8,31.6,1BR,standard,True,AG01
U060155,6,1,29.8,1BR,standard,True,AG05
U060156,6,8,20.7,studio,city,True,AG05
U060157,6,8,33.2,1BR,standard,True,AG02
U060158,6,2,33.9,1BR,standard,True,AG01
U060159,6,5,26.3,studio,standard,True,AG06
U060160,6,6,31.3,1BR,standard,True,AG06
U060161,6,1,25.2,studio,standard,False,AG03
U060162,6,2,24.3,studio,city,False,AG06
U060163,6,6,29.5,1BR,city,True,AG05
U060164,6,6,22.6,studio,pool,True,AG06
U060165,6,5,44.7,1BR Plus,standard,False,AG02
U060166,6,1,22.8,studio,standard,True,AG01
U060167,6,6,30.8,1BR,pool,True,AG02
U060168,6,4,25.8,studio,pool,False,AG01
U060169,6,8,23.7,studio,standard,True,AG05
U060170,6,3,27.6,1BR,city,True,AG03
U060171,6,7,23.1,studio,standard,True,AG04
U060172,6,3,38.2,1BR Plus,pool,False,AG05
U060173,6,2,31.7,1BR,standard,False,AG06
U060174,6,6,26.0,studio,standard,False,AG02
U060175,6,2,23.1,studio,pool,True,AG03
U060176,6,8,29.0,1BR,city,True,AG03
U060177,6,5,29.4,1BR,city,True,AG04
U060178,6,7,23.8,studio,standard,True,AG03
U060179,6,4,24.7,studio,pool,True,AG02
U060180,6,8,23.8,studio,standard,True,AG01
U060181,6,8,26.3,studio,standard,True,AG06
U060182,6,6,33.7,1BR,standard,False,AG05
U060183,6,3,31.0,1BR,standard,True,AG03
U060184,6,3,23.5,studio,city,True,AG02
U060185,6,2,26.5,studio,city,True,AG01
U060186,6,8,28.5,1BR,standard,False,AG06
U060187,6,1,25.6,studio,standard,True,AG04
U060188,6,3,24.5,studio,city,True,AG02
U060189,6,8,26.2,studio,standard,False,AG06
U060190,6,8,45.3,1BR Plus,pool,True,AG06
U060191,6,5,28.8,1BR,standard,True,AG04
U060192,6,7,26.6,studio,city,True,AG04
U060193,6,4,33.7,1BR,standard,True,AG04
U060194,6,3,21.1,studio,standard,False,AG03
U060195,6,3,31.4,1BR,standard,False,AG02
U060196,6,2,23.1,studio,standard,True,AG01
U060197,6,6,21.4,studio,pool,False,AG05
U060198,6,5,23.8,studio,standard,True,AG02
U060199,6,8,24.0,studio,standard,True,AG04
U060200,6,8,23.2,studio,city,True,AG02
U060201,6,1,34.7,1BR,city,True,AG06
U060202,6,2,29.2,1BR,standard,True,AG02
U060203,6,1,23.2,studio,standard,True,AG02
U060204,6,6,22.6,studio,standard,True,AG01
U060205,6,2,26.7,studio,city,False,AG06
U060206,6,2,37.6,1BR Plus,standard,True,AG04
U060207,6,3,20.9,studio,standard,True,AG03
U060208,6,2,34.9,1BR,pool,True,AG02
U060209,6,1,21.4,studio,standard,False,AG01
U060210,6,2,23.4,studio,city,True,AG03
U060211,6,4,27.4,1BR,standard,True,AG03
U060212,6,1,32.8,1BR,city,False,AG03
U060213,6,6,35.1,1BR,standard,True,AG04
U060214,6,4,20.9,studio,city,True,AG01
U060215,6,6,29.7,1BR,standard,False,AG05
U060216,6,8,31.0,1BR,pool,True,AG01
U060217,6,2,23.2,studio,city,False,AG05
U060218,6,5,26.8,studio,standard,True,AG02
U060219,6,4,28.3,1BR,standard,False,AG06
U060220,6,8,22.2,studio,standard,True,AG03
U060221,6,6,27.2,1BR,pool,False,AG04
U060222,6,2,24.3,studio,standard,True,AG04
U060223,6,7,24.4,studio,city,True,AG03
U060224,6,2,21.3,studio,pool,True,AG01
U060225,6,1,28.7,1BR,city,False,AG06
U060226,6,3,24.8,studio,standard,True,AG06
U060227,6,2,29.4,1BR,standard,True,AG06
U060228,6,5,22.0,studio,city,True,AG01
U060229,6,5,38.0,1BR Plus,city,True,AG04
U060230,6,4,21.5,studio,pool,True,AG02
U060231,6,5,21.9,studio,standard,True,AG05
U060232,6,3,21.1,studio,pool,True,AG06
U060233,6,4,30.2,1BR,standard,True,AG06
U060234,6,4,29.9,1BR,standard,True,AG02
U060235,6,6,32.5,1BR,standard,True,AG01
U060236,6,4,24.1,studio,standard,True,AG04
U060237,6,6,34.6,1BR,standard,True,AG01
U060238,6,6,40.8,1BR Plus,standard,True,AG05
U060239,6,4,23.8,studio,standard,True,AG06
U060240,6,2,25.9,studio,standard,False,AG06
U060241,6,3,27.1,1BR,standard,True,AG04
U060242,6,8,27.6,1BR,standard,True,AG03
U060243,6,8,27.6,1BR,city,True,AG03
U060244,6,4,22.3,studio,city,True,AG01
U060245,6,7,33.4,1BR,standard,True,AG01
U060246,6,2,21.6,studio,standard,True,AG04
U060247,6,3,35.6,1BR Plus,standard,True,AG03
U060248,6,5,45.2,1BR Plus,standard,False,AG02
U060249,6,3,21.0,studio,standard,True,AG05
U060250,6,1,31.0,1BR,standard,False,AG02
U060251,6,1,22.3,studio,standard,True,AG04
U060252,6,3,25.3,studio,city,True,AG04
U060253,6,8,35.1,1BR,standard,True,AG03
U060254,6,2,27.0,1BR,standard,True,AG02
U060255,6,5,27.7,1BR,standard,True,AG05
U060256,6,6,41.5,1BR Plus,pool,True,AG03
U060257,6,3,32.5,1BR,standard,True,AG01
U060258,6,1,22.2,studio,standard,True,AG03
U060259,6,6,35.4,1BR,standard,True,AG03
U060260,6,5,21.0,studio,standard,True,AG01
U060261,6,1,41.8,1BR Plus,pool,True,AG05
U060262,6,6,24.9,studio,standard,True,AG05
U060263,6,2,24.3,studio,city,False,AG01
U060264,6,4,21.0,studio,city,True,AG05
U060265,6,8,25.4,studio,standard,True,AG04
U060266,6,1,28.8,1BR,city,True,AG03
U060267,6,4,33.8,1BR,standard,True,AG06
U060268,6,5,27.0,1BR,standard,True,AG03
U060269,6,5,41.3,1BR Plus,standard,False,AG03
U060270,6,6,32.4,1BR,city,True,AG01
U060271,6,1,23.9,studio,standard,True,AG05
U060272,6,5,21.0,studio,standard,False,AG04
U060273,6,3,25.6,studio,city,True,AG06
U060274,6,8,21.0,studio,standard,True,AG03
U060275,6,8,25.2,studio,pool,False,AG01
U060276,6,2,34.0,1BR,standard,True,AG03
U060277,6,1,26.6,studio,standard,True,AG01
U060278,6,8,38.0,1BR Plus,standard,True,AG06
U060279,6,3,26.4,studio,pool,False,AG06
U060280,6,5,28.2,1BR,standard,True,AG06
U060281,6,4,28.7,1BR,city,True,AG04
U060282,6,6,29.2,1BR,standard,True,AG02
U060283,6,6,21.5,studio,standard,False,AG05
U060284,6,5,26.4,studio,standard,True,AG02
U060285,6,5,31.3,1BR,standard,True,AG03
U060286,6,4,40.0,1BR Plus,city,True,AG06
U060287,6,3,32.4,1BR,standard,True,AG03
U060288,6,6,24.5,studio,city,True,AG05
U060289,6,7,21.9,studio,standard,False,AG02
U060290,6,2,31.0,1BR,standard,True,AG04
U060291,6,7,23.1,studio,standard,True,AG02
U060292,6,8,27.3,1BR,standard,True,AG06
U060293,6,4,25.9,studio,standard,False,AG05
U060294,6,4,25.2,studio,standard,True,AG03
U060295,6,7,22.7,studio,standard,True,AG05
U060296,6,7,29.5,1BR,standard,True,AG06
U060297,6,5,22.5,studio,city,True,AG04
U060298,6,8,28.7,1BR,city,True,AG05
U060299,6,5,29.9,1BR,standard,True,AG01
U060300,6,3,23.4,studio,city,True,AG02
U060301,6,1,26.5,studio,standard,False,AG04
U060302,6,3,22.3,studio,standard,True,AG01
U060303,6,6,32.1,1BR,standard,True,AG04
U060304,6,6,31.0,1BR,standard,True,AG02
U060305,6,1,29.0,1BR,city,True,AG06
U060306,6,5,26.0,studio,city,True,AG04
U060307,6,1,21.3,studio,pool,True,AG01
U060308,6,4,21.9,studio,city,True,AG01
U060309,6,4,29.6,1BR,standard,True,AG01
U060310,6,4,26.7,studio,standard,True,AG03
U060311,6,1,45.8,1BR Plus,standard,True,AG05
U060312,6,6,22.8,studio,city,True,AG02
U060313,6,3,27.1,1BR,city,False,AG04
U060314,6,1,35.6,1BR Plus,standard,True,AG01
U060315,6,2,25.2,studio,pool,True,AG03
U060316,6,5,23.4,studio,city,True,AG02
U060317,6,4,25.3,studio,standard,True,AG05
U060318,6,1,25.9,studio,standard,True,AG02
U060319,6,1,23.0,studio,standard,True,AG06
U060320,6,5,20.8,studio,standard,True,AG01
U060321,6,4,23.6,studio,standard,True,AG03
U060322,6,7,29.9,1BR,standard,True,AG01
U060323,6,8,23.8,studio,city,True,AG01
U060324,6,7,29.1,1BR,standard,False,AG03
U060325,6,8,26.0,studio,standard,True,AG06
U060326,6,2,23.9,studio,standard,False,AG06
U060327,6,8,21.1,studio,standard,True,AG03
U060328,6,2,22.9,studio,standard,True,AG04
U060329,6,7,20.8,studio,standard,True,AG05
U060330,6,6,21.7,studio,standard,False,AG02
U060331,6,4,28.0,1BR,standard,True,AG02
U060332,6,4,20.9,studio,standard,True,AG04
U060333,6,2,27.0,studio,pool,False,AG02
U060334,6,2,23.7,studio,standard,True,AG06
U060335,6,7,21.6,studio,city,True,AG04
U060336,6,5,21.5,studio,city,True,AG03
U060337,6,6,26.5,studio,standard,True,AG02
U060338,6,7,32.3,1BR,standard,True,AG02
U060339,6,2,34.7,1BR,standard,True,AG02
U060340,6,7,41.2,1BR Plus,standard,True,AG04
U060341,6,2,24.9,studio,standard,True,AG03
U060342,6,3,26.6,studio,standard,True,AG04
U060343,6,3,26.3,studio,city,True,AG02
U060344,6,2,23.8,studio,standard,False,AG04
U060345,6,7,35.2,1BR,city,True,AG02
U060346,6,6,23.4,studio,standard,True,AG01
U060347,6,5,27.7,1BR,standard,True,AG04
U060348,6,1,25.5,studio,city,True,AG03
U060349,6,3,23.8,studio,city,False,AG03
U060350,6,5,26.6,studio,pool,True,AG04
U060351,6,6,22.9,studio,standard,True,AG01
U060352,6,5,25.1,studio,standard,True,AG05
U060353,6,3,26.1,studio,city,True,AG05
U060354,6,8,23.6,studio,standard,True,AG06
U060355,6,8,21.4,studio,standard,True,AG06
U060356,6,2,32.6,1BR,city,True,AG06
U060357,6,5,28.1,1BR,standard,True,AG03
U060358,6,3,20.9,studio,city,True,AG04
U060359,6,3,27.2,1BR,standard,True,AG04
U060360,6,4,30.6,1BR,standard,True,AG05
U060361,6,3,33.9,1BR,city,True,AG06
U060362,6,1,32.5,1BR,standard,True,AG01
U060363,6,6,21.4,studio,standard,True,AG01
U060364,6,8,22.0,studio,standard,True,AG02
U060365,6,1,25.3,studio,standard,True,AG02
U060366,6,5,26.7,studio,standard,True,AG02
U060367,6,1,24.4,studio,standard,True,AG04
U060368,6,1,23.6,studio,standard,True,AG03
U060369,6,4,23.5,studio,pool,True,AG01
U060370,6,8,22.0,studio,standard,True,AG02
U060371,6,6,32.5,1BR,pool,True,AG02
U060372,6,6,25.9,studio,standard,True,AG02
U060373,6,7,24.0,studio,standard,False,AG06
U060374,6,4,30.9,1BR,standard,True,AG02
U060375,6,2,31.3,1BR,city,True,AG01
U060376,6,3,20.8,studio,standard,True,AG04
U060377,6,6,24.6,studio,standard,True,AG05
U060378,6,7,20.7,studio,standard,True,AG05
U060379,6,1,21.0,studio,standard,False,AG04
U060380,6,5,22.7,studio,city,False,AG06
U060381,6,8,26.2,studio,standard,True,AG03
U060382,6,8,25.6,studio,city,True,AG04
U060383,6,1,22.3,studio,city,True,AG05
U060384,6,2,23.4,studio,pool,True,AG01
U060385,6,3,26.6,studio,standard,False,AG03
U060386,6,8,25.2,studio,pool,True,AG04
U060387,6,8,23.0,studio,pool,False,AG01
U060388,6,8,25.0,studio,standard,True,AG03
U060389,6,8,26.4,studio,city,False,AG04
U060390,6,2,22.0,studio,standard,True,AG01
U060391,6,5,22.2,studio,standard,True,AG03
U060392,6,8,25.4,studio,standard,False,AG01
U060393,6,6,32.5,1BR,standard,True,AG01
U060394,6,4,31.2,1BR,standard,True,AG06
U060395,6,7,23.0,studio,standard,False,AG05
U060396,6,8,24.1,studio,standard,False,AG03
U060397,6,6,43.8,1BR Plus,city,True,AG02
U060398,6,8,23.3,studio,pool,False,AG03
U060399,6,5,43.4,1BR Plus,standard,True,AG01
U060400,6,3,24.4,studio,city,True,AG05
U060401,6,2,32.7,1BR,standard,True,AG01
U060402,6,1,35.5,1BR,city,True,AG01
U060403,6,8,33.5,1BR,city,True,AG02
U060404,6,8,23.1,studio,standard,True,AG06
U060405,6,4,23.8,studio,pool,True,AG06
U060406,6,1,24.9,studio,standard,True,AG06
U060407,6,5,40.4,1BR Plus,standard,True,AG06
U060408,6,5,42.0,1BR Plus,standard,True,AG02
U060409,6,6,25.4,studio,standard,True,AG06
U060410,6,8,21.9,studio,standard,True,AG05
U060411,6,6,31.4,1BR,city,True,AG02
U060412,6,2,23.3,studio,city,True,AG02
U060413,6,6,26.7,studio,pool,True,AG01
U060414,6,2,32.1,1BR,standard,True,AG03
U060415,6,4,30.7,1BR,standard,True,AG03
U060416,6,4,21.6,studio,standard,False,AG05
U060417,6,4,28.8,1BR,pool,True,AG04
U060418,6,3,38.0,1BR Plus,standard,True,AG04
U060419,6,8,29.8,1BR,standard,False,AG01
U060420,6,3,21.8,studio,standard,True,AG04
U060421,6,4,29.0,1BR,standard,True,AG02
U060422,6,7,24.4,studio,city,True,AG01
U060423,6,4,32.8,1BR,pool,True,AG05
U060424,6,3,29.2,1BR,pool,False,AG04
U060425,6,2,33.7,1BR,standard,True,AG04
U060426,6,7,23.7,studio,standard,False,AG04
U060427,6,3,26.9,studio,standard,True,AG06
U060428,6,8,45.9,1BR Plus,standard,True,AG06
U060429,6,4,44.0,1BR Plus,city,True,AG06
U060430,6,8,23.9,studio,standard,True,AG04
U060431,6,3,35.2,1BR,standard,True,AG04
U060432,6,1,21.8,studio,standard,True,AG02
U060433,6,3,22.8,studio,standard,True,AG04
U060434,6,3,26.2,studio,standard,True,AG02
U060435,6,3,24.2,studio,standard,True,AG04
U060436,6,6,22.9,studio,standard,False,AG02
U060437,6,5,34.3,1BR,standard,True,AG06
U060438,6,5,22.8,studio,pool,True,AG02
U060439,6,4,24.1,studio,standard,True,AG03
U060440,6,3,35.2,1BR,city,True,AG04
U060441,6,8,22.6,studio,standard,True,AG06
U060442,6,1,21.4,studio,standard,True,AG06
U060443,6,8,22.5,studio,standard,True,AG02
U060444,6,4,35.2,1BR,standard,False,AG01
U060445,6,5,30.5,1BR,standard,True,AG02
U060446,6,4,25.9,studio,standard,True,AG06
U060447,6,5,21.4,studio,standard,True,AG02
U060448,6,1,26.5,studio,standard,True,AG05
U060449,6,8,20.7,studio,city,True,AG03
U060450,6,5,28.6,1BR,standard,True,AG04
U060451,6,8,21.2,studio,city,False,AG06
U060452,6,7,27.7,1BR,standard,True,AG04
U060453,6,6,35.3,1BR,city,True,AG03
U060454,6,6,25.5,studio,standard,True,AG05
U060455,6,1,25.5,studio,standard,True,AG06
U060456,6,5,27.1,1BR,standard,True,AG01
U060457,6,3,23.8,studio,standard,True,AG06
U060458,6,2,23.5,studio,standard,True,AG03
U060459,6,5,35.5,1BR,pool,True,AG02
U060460,6,2,29.6,1BR,standard,False,AG01
U060461,6,3,28.5,1BR,city,True,AG01
U060462,6,7,23.0,studio,standard,True,AG03
U060463,6,5,22.0,studio,city,True,AG03
U060464,6,1,26.4,studio,city,True,AG04
U060465,6,4,20.7,studio,standard,True,AG05
U060466,6,7,24.0,studio,standard,False,AG06
U060467,6,6,27.4,1BR,standard,True,AG06
U060468,6,5,31.0,1BR,pool,True,AG06
U060469,6,8,25.3,studio,standard,True,AG01
U060470,6,8,34.5,1BR,standard,False,AG06
U060471,6,3,33.8,1BR,city,False,AG06
U060472,6,5,31.9,1BR,city,True,AG01
U060473,6,1,30.3,1BR,city,True,AG01
U060474,6,6,27.0,studio,city,False,AG02
U060475,6,4,21.0,studio,city,False,AG04
U060476,6,7,37.5,1BR Plus,standard,True,AG03
U060477,6,3,22.1,studio,standard,True,AG04
U060478,6,2,25.7,studio,standard,True,AG01
U060479,6,7,25.9,studio,standard,True,AG01
U060480,6,4,23.0,studio,standard,True,AG03
U060481,6,2,29.8,1BR,standard,True,AG02
U060482,6,5,22.0,studio,pool,True,AG01
U060483,6,4,24.7,studio,standard,False,AG06
U060484,6,7,24.9,studio,standard,False,AG01
U060485,6,2,41.3,1BR Plus,city,True,AG03
U060486,6,4,43.0,1BR Plus,city,True,AG05
U060487,6,2,43.5,1BR Plus,standard,True,AG04
U060488,6,4,22.8,studio,city,True,AG04
U060489,6,3,29.3,1BR,city,True,AG02
U060490,6,3,21.4,studio,pool,True,AG01
U060491,6,4,24.2,studio,standard,True,AG06
U060492,6,3,44.2,1BR Plus,standard,True,AG04
U060493,6,6,26.2,studio,standard,True,AG03
U060494,6,3,23.3,studio,city,True,AG01
U060495,6,4,38.7,1BR Plus,city,True,AG05
U060496,6,3,23.6,studio,standard,True,AG04
U060497,6,7,25.8,studio,city,True,AG05
U060498,6,7,24.0,studio,standard,True,AG05
U060499,6,3,26.2,studio,standard,False,AG04
U060500,6,4,45.9,1BR Plus,city,True,AG01
U060501,6,6,31.7,1BR,city,True,AG06
U060502,6,4,42.5,1BR Plus,standard,True,AG06
U060503,6,7,41.8,1BR Plus,pool,True,AG03
U060504,6,5,22.8,studio,city,False,AG01
U060505,6,8,26.8,studio,standard,False,AG03
U060506,6,8,22.0,studio,standard,True,AG03
U060507,6,4,21.0,studio,standard,True,AG02
U060508,6,2,26.0,studio,standard,True,AG02
U060509,6,7,20.6,studio,city,True,AG05
U060510,6,5,43.4,1BR Plus,pool,True,AG03
U060511,6,8,38.8,1BR Plus,standard,True,AG06
U060512,6,5,23.2,studio,standard,True,AG02
U060513,6,5,25.4,studio,standard,True,AG03
U060514,6,2,25.7,studio,city,True,AG01
U060515,6,7,28.7,1BR,pool,True,AG04
U060516,6,1,21.9,studio,city,True,AG05
U060517,6,8,24.9,studio,standard,True,AG01
U060518,6,8,21.8,studio,pool,True,AG03
U060519,6,3,23.5,studio,standard,False,AG03
U060520,6,1,22.4,studio,standard,True,AG01
U060521,6,8,22.0,studio,city,False,AG03
U060522,6,3,26.7,studio,standard,True,AG05
U060523,6,1,25.7,studio,standard,True,AG05
U060524,6,2,26.3,studio,city,True,AG04
U060525,6,5,32.6,1BR,standard,True,AG04
U060526,6,7,40.1,1BR Plus,standard,True,AG02
U060527,6,7,36.7,1BR Plus,standard,True,AG03
U060528,6,2,21.0,studio,standard,True,AG01
U060529,6,2,34.5,1BR,pool,True,AG01
U060530,6,6,25.9,studio,standard,True,AG06
U060531,6,7,23.9,studio,city,True,AG02
U060532,6,2,22.8,studio,standard,True,AG03
U060533,6,8,33.0,1BR,standard,True,AG01
U060534,6,8,26.4,studio,standard,True,AG03
U060535,6,3,22.0,studio,standard,False,AG02
U060536,6,4,35.0,1BR,pool,False,AG01
U060537,6,7,26.1,studio,standard,True,AG03
U060538,6,2,33.6,1BR,city,True,AG06
U060539,6,2,32.5,1BR,standard,False,AG04
U060540,6,7,34.7,1BR,city,False,AG04
U060541,6,8,26.2,studio,city,True,AG02
U060542,6,4,26.7,studio,standard,True,AG01
U060543,6,2,21.6,studio,standard,True,AG05
U060544,6,6,23.3,studio,pool,True,AG03
U060545,6,2,26.2,studio,pool,True,AG02
U060546,6,1,33.9,1BR,standard,False,AG02
U060547,6,6,23.7,studio,pool,True,AG01
U060548,6,1,46.4,1BR Plus,city,True,AG03
U060549,6,2,22.1,studio,standard,True,AG06
U060550,6,6,22.8,studio,pool,False,AG05
U060551,6,1,30.7,1BR,standard,True,AG06
U060552,6,3,44.4,1BR Plus,standard,True,AG03
U060553,6,2,28.0,1BR,standard,False,AG05
U060554,6,2,38.7,1BR Plus,city,True,AG05
U060555,6,7,22.2,studio,standard,False,AG01
U060556,6,7,24.1,studio,city,True,AG04
U060557,6,8,26.8,studio,city,True,AG01
U060558,6,7,22.3,studio,city,True,AG04
U060559,6,8,23.4,studio,city,False,AG02
U060560,6,4,26.4,studio,standard,True,AG04
U060561,6,5,24.3,studio,standard,True,AG02
U060562,6,2,24.0,studio,standard,True,AG04
U060563,6,2,29.4,1BR,standard,True,AG01
U060564,6,1,22.7,studio,standard,True,AG03
U060565,6,1,31.5,1BR,standard,True,AG06
U060566,6,3,22.1,studio,standard,True,AG04
U060567,6,4,24.6,studio,pool,False,AG02
U060568,6,5,28.5,1BR,city,True,AG05
U060569,6,4,31.9,1BR,standard,True,AG01
U060570,6,6,41.1,1BR Plus,standard,True,AG02
U060571,6,7,23.8,studio,standard,True,AG01
U060572,6,8,24.1,studio,standard,True,AG04
U060573,6,6,32.2,1BR,city,True,AG05
U060574,6,8,29.4,1BR,city,True,AG05
U060575,6,4,22.4,studio,pool,True,AG06
U060576,6,4,29.7,1BR,standard,True,AG05
U060577,6,2,23.5,studio,standard,True,AG01
U060578,6,3,26.1,studio,standard,False,AG01
U060579,6,3,24.5,studio,city,False,AG06
U060580,6,4,24.9,studio,pool,True,AG03
U060581,6,3,33.1,1BR,pool,True,AG06
U060582,6,6,25.2,studio,city,True,AG06
U060583,6,5,33.9,1BR,standard,True,AG05
U060584,6,4,47.1,1BR Plus,standard,True,AG06
U060585,6,3,22.8,studio,city,True,AG04
U060586,6,4,26.1,studio,standard,True,AG01
U060587,6,8,24.6,studio,standard,True,AG02
U060588,6,3,22.8,studio,pool,True,AG06
U060589,6,4,21.5,studio,standard,True,AG02
U060590,6,7,21.5,studio,standard,True,AG04
U060591,6,8,22.8,studio,standard,True,AG06
U060592,6,1,36.8,1BR Plus,pool,True,AG06
U060593,6,5,21.1,studio,city,False,AG02
U060594,6,1,45.0,1BR Plus,pool,True,AG04
U060595,6,5,35.2,1BR,standard,True,AG02
U060596,6,5,22.7,studio,standard,True,AG03
U060597,6,8,33.8,1BR,pool,True,AG02
U060598,6,4,25.2,studio,standard,True,AG06
U060599,6,1,23.8,studio,city,True,AG05
U060600,6,3,37.8,1BR Plus,pool,True,AG03
U060601,6,3,30.9,1BR,standard,True,AG02
U060602,6,5,24.9,studio,standard,True,AG03
U060603,6,8,21.1,studio,pool,False,AG03
U060604,6,3,26.4,studio,standard,True,AG02
U060605,6,8,30.5,1BR,standard,True,AG06
U060606,6,6,34.6,1BR,pool,True,AG06
U060607,6,5,24.4,studio,pool,False,AG03
U060608,6,2,26.5,studio,pool,True,AG04
U060609,6,2,24.2,studio,standard,True,AG01
U060610,6,5,27.6,1BR,standard,False,AG01
U060611,6,6,28.9,1BR,city,True,AG01
U060612,6,8,22.4,studio,standard,True,AG05
U060613,6,6,33.0,1BR,city,True,AG05
U060614,6,2,25.2,studio,pool,True,AG03
U060615,6,1,34.1,1BR,standard,True,AG06
U060616,6,8,23.2,studio,pool,False,AG05
U060617,6,2,21.3,studio,city,True,AG02
U060618,6,8,29.0,1BR,standard,True,AG05
U060619,6,6,38.0,1BR Plus,city,True,AG05
U060620,6,5,23.5,studio,standard,True,AG02
U060621,6,3,28.1,1BR,standard,True,AG01
U060622,6,2,22.7,studio,pool,True,AG02
U060623,6,7,22.2,studio,standard,False,AG03
U060624,6,3,21.0,studio,standard,False,AG05
U060625,6,7,35.0,1BR,pool,True,AG01
U060626,6,7,26.2,studio,standard,True,AG04
U060627,6,6,30.8,1BR,standard,False,AG04
U060628,6,6,34.7,1BR,pool,True,AG03
U060629,6,8,33.3,1BR,standard,True,AG01
U060630,6,3,33.3,1BR,standard,False,AG03
U060631,6,7,23.1,studio,standard,True,AG06
U060632,6,1,27.1,1BR,city,True,AG03
U060633,6,5,23.4,studio,standard,True,AG03
U060634,6,7,25.1,studio,standard,True,AG05
U060635,6,5,21.7,studio,standard,False,AG06
U060636,6,7,26.5,studio,standard,True,AG06
U060637,6,5,21.5,studio,standard,True,AG01
U060638,6,7,21.6,studio,standard,False,AG02
U060639,6,2,30.3,1BR,standard,True,AG06
U060640,6,8,32.3,1BR,pool,True,AG03
U060641,6,1,34.0,1BR,standard,True,AG03
U060642,6,2,20.8,studio,city,True,AG05
U060643,6,5,27.9,1BR,standard,False,AG02
U060644,6,8,22.4,studio,city,True,AG01
U060645,6,4,33.8,1BR,city,True,AG06
U060646,6,4,22.9,studio,standard,False,AG04
U060647,6,7,29.9,1BR,standard,True,AG05
U060648,6,6,25.1,studio,city,False,AG05
U060649,6,2,44.5,1BR Plus,standard,True,AG03
U060650,6,8,33.6,1BR,pool,True,AG05
U060651,6,5,32.4,1BR,pool,False,AG02
U060652,6,5,23.6,studio,standard,False,AG05
U060653,6,7,22.3,studio,city,True,AG01
U060654,6,2,28.2,1BR,standard,True,AG03
U060655,6,5,26.9,studio,standard,False,AG01
U060656,6,1,25.9,studio,standard,True,AG01
U060657,6,7,25.2,studio,pool,True,AG01
U060658,6,3,25.8,studio,standard,True,AG04
U060659,6,2,25.2,studio,standard,False,AG03
U060660,6,7,45.2,1BR Plus,standard,False,AG04
U060661,6,3,26.9,studio,pool,True,AG06
U060662,6,3,31.3,1BR,city,True,AG02
U060663,6,3,34.2,1BR,city,False,AG06
U060664,6,7,32.6,1BR,standard,True,AG02
U060665,6,2,21.3,studio,standard,False,AG06
U060666,6,1,23.9,studio,standard,False,AG02
U060667,6,3,45.0,1BR Plus,standard,True,AG02
U060668,6,2,41.8,1BR Plus,pool,True,AG06
U060669,6,1,23.5,studio,city,True,AG01
U060670,6,5,22.5,studio,standard,True,AG01
U060671,6,6,27.1,1BR,city,True,AG05
U060672,6,8,25.2,studio,standard,True,AG05
U060673,6,7,24.8,studio,standard,True,AG06
U060674,6,2,23.7,studio,standard,True,AG04
U060675,6,2,29.7,1BR,standard,True,AG02
U060676,6,2,32.8,1BR,city,True,AG04
U060677,6,1,27.6,1BR,pool,False,AG01
U060678,6,7,31.6,1BR,standard,False,AG01
U060679,6,1,33.2,1BR,city,True,AG06
U060680,6,7,35.2,1BR,standard,False,AG03
U060681,6,4,25.4,studio,city,True,AG03
U060682,6,4,23.4,studio,standard,False,AG03
U060683,6,5,38.6,1BR Plus,pool,True,AG04
U060684,6,4,24.4,studio,pool,True,AG04
U060685,6,3,27.2,1BR,standard,True,AG01
U060686,6,2,25.7,studio,standard,True,AG06
U060687,6,5,34.8,1BR,city,True,AG04
U060688,6,5,42.8,1BR Plus,standard,True,AG02
U060689,6,7,29.6,1BR,standard,True,AG06
U060690,6,3,32.3,1BR,city,False,AG04
U060691,6,8,20.6,studio,city,True,AG04
U060692,6,7,43.2,1BR Plus,city,True,AG02
U060693,6,1,24.4,studio,city,True,AG03
U060694,6,2,33.4,1BR,city,True,AG06
U060695,6,2,23.8,studio,city,False,AG03
U060696,6,5,33.3,1BR,standard,True,AG02
U060697,6,2,21.2,studio,city,False,AG02
U060698,6,8,30.1,1BR,standard,True,AG03
U060699,6,2,34.5,1BR,pool,True,AG05
U060700,6,8,25.3,studio,standard,True,AG04
U060701,6,3,29.7,1BR,standard,True,AG06
U060702,6,4,26.0,studio,city,True,AG06
U060703,6,1,26.2,studio,standard,True,AG01
U060704,6,8,29.7,1BR,city,True,AG04
U060705,6,7,43.4,1BR Plus,pool,True,AG02
U060706,6,2,26.9,studio,city,True,AG04
U060707,6,3,34.1,1BR,standard,True,AG05
U060708,6,6,26.2,studio,standard,True,AG02
U060709,6,8,22.2,studio,standard,True,AG04
U060710,6,3,23.6,studio,standard,True,AG06
U060711,6,3,35.7,1BR Plus,city,True,AG03
U060712,6,4,33.8,1BR,standard,True,AG06
U060713,6,2,39.9,1BR Plus,standard,True,AG04
U060714,6,6,26.7,studio,standard,True,AG03
U060715,6,3,20.7,studio,standard,True,AG03
U060716,6,4,23.4,studio,city,False,AG06
U060717,6,6,21.3,studio,city,False,AG04
U060718,6,7,32.8,1BR,pool,True,AG04
U060719,6,2,24.5,studio,city,True,AG01
U060720,6,2,23.0,studio,pool,True,AG01
U060721,6,1,22.3,studio,city,True,AG04
U060722,6,1,25.2,studio,standard,True,AG05
U060723,6,5,24.7,studio,standard,False,AG01
U060724,6,3,23.0,studio,city,True,AG02
U060725,6,1,23.0,studio,standard,False,AG03
U060726,6,8,27.1,1BR,standard,True,AG04
U060727,6,5,35.3,1BR,standard,True,AG05
U060728,6,8,25.2,studio,standard,True,AG03
U060729,6,8,24.6,studio,pool,True,AG01
U060730,6,4,33.2,1BR,standard,True,AG06
U060731,6,7,29.3,1BR,standard,True,AG02
U060732,6,4,33.7,1BR,standard,False,AG04
U060733,6,4,34.9,1BR,standard,True,AG05
U060734,6,7,23.9,studio,standard,True,AG04
U060735,6,2,39.3,1BR Plus,standard,True,AG01
U060736,6,8,28.7,1BR,city,True,AG01
U060737,6,1,33.0,1BR,pool,True,AG04
U060738,6,6,23.6,studio,standard,True,AG02
U060739,6,1,33.4,1BR,standard,False,AG02
U060740,6,8,20.8,studio,standard,True,AG06
U060741,6,1,20.9,studio,city,True,AG05
U060742,6,1,31.2,1BR,standard,True,AG02
U060743,6,1,29.2,1BR,standard,True,AG03
U060744,6,4,23.3,studio,standard,True,AG04
U060745,6,8,26.4,studio,standard,True,AG03
U060746,6,2,28.7,1BR,standard,True,AG06
U060747,6,5,23.3,studio,city,False,AG02
U060748,6,3,21.1,studio,standard,True,AG03
U060749,6,4,21.7,studio,standard,False,AG02
U060750,6,7,39.7,1BR Plus,city,True,AG02
U060751,6,4,25.5,studio,city,True,AG04
U060752,6,4,30.7,1BR,standard,True,AG01
U060753,6,3,22.2,studio,pool,True,AG06
U060754,6,8,39.2,1BR Plus,standard,True,AG03
U060755,6,1,32.5,1BR,standard,False,AG02
U060756,6,3,33.6,1BR,city,False,AG02
U060757,6,5,25.0,studio,standard,True,AG01
U060758,6,2,41.3,1BR Plus,pool,False,AG05
U060759,6,4,24.2,studio,standard,True,AG01
U060760,6,7,22.9,studio,city,False,AG03
U060761,6,3,21.3,studio,standard,True,AG06
U060762,6,7,33.4,1BR,standard,True,AG05
U060763,6,6,20.7,studio,standard,True,AG02
U060764,6,7,33.1,1BR,city,False,AG05
U060765,6,1,26.8,studio,pool,False,AG06
U060766,6,8,24.2,studio,standard,True,AG02
U060767,6,7,33.1,1BR,standard,True,AG02
U060768,6,3,32.9,1BR,standard,True,AG06
U060769,6,1,26.5,studio,city,False,AG05
U060770,6,3,21.7,studio,standard,True,AG04
U060771,6,5,33.3,1BR,city,True,AG05
U060772,6,5,33.7,1BR,pool,True,AG02
U060773,6,6,32.2,1BR,standard,True,AG06
U060774,6,3,25.4,studio,standard,False,AG01
U060775,6,1,20.8,studio,standard,True,AG03
U060776,6,6,23.9,studio,pool,True,AG06
U060777,6,3,36.8,1BR Plus,pool,False,AG03
U060778,6,4,35.1,1BR,city,True,AG02
U060779,6,3,24.1,studio,standard,True,AG06
U060780,6,2,46.8,1BR Plus,standard,True,AG05
U060781,6,7,25.6,studio,city,True,AG04
U060782,6,1,34.0,1BR,standard,True,AG06
U060783,6,2,21.9,studio,city,True,AG05
U060784,6,5,23.8,studio,standard,True,AG01
U060785,6,6,31.1,1BR,standard,False,AG01
U060786,6,1,22.9,studio,standard,True,AG01
U060787,6,8,23.0,studio,standard,False,AG05
U060788,6,7,26.3,studio,city,True,AG02
U060789,6,4,25.0,studio,standard,True,AG05
U060790,6,2,23.6,studio,pool,True,AG05
U060791,6,7,20.6,studio,standard,True,AG06
U060792,6,3,21.8,studio,standard,True,AG04
U060793,6,6,33.1,1BR,standard,False,AG05
U060794,6,3,27.2,1BR,standard,False,AG02
U060795,6,1,33.1,1BR,standard,True,AG03
U060796,6,6,32.9,1BR,pool,False,AG04
U060797,6,5,24.6,studio,pool,True,AG04
U060798,6,4,21.5,studio,standard,False,AG04
U060799,6,7,25.1,studio,pool,True,AG05
U060800,6,1,25.4,studio,standard,True,AG03
U060801,6,2,22.0,studio,standard,True,AG01
U060802,6,8,21.0,studio,standard,False,AG05
U060803,6,6,27.6,1BR,standard,True,AG02
U060804,6,1,27.0,studio,standard,True,AG03
U060805,6,1,25.3,studio,standard,False,AG02
U060806,6,1,26.4,studio,standard,True,AG02
U060807,6,2,20.9,studio,pool,False,AG05
U060808,6,5,27.9,1BR,standard,False,AG06
U060809,6,3,26.6,studio,standard,True,AG02
U060810,6,8,20.8,studio,standard,True,AG02
U060811,6,5,25.1,studio,standard,True,AG03
U060812,6,2,24.9,studio,pool,True,AG03
U060813,6,6,20.8,studio,standard,True,AG05
U060814,6,4,34.4,1BR,standard,True,AG02
U060815,6,4,34.0,1BR,standard,True,AG04
U060816,6,8,29.5,1BR,standard,True,AG05
U060817,6,6,37.1,1BR Plus,standard,True,AG02
U060818,6,2,27.0,studio,standard,True,AG05
U060819,6,5,25.3,studio,standard,True,AG01
U060820,6,4,26.6,studio,standard,True,AG04
U060821,6,6,21.3,studio,city,True,AG01
U060822,6,5,24.2,studio,standard,True,AG02
U060823,6,3,21.6,studio,city,True,AG03
U060824,6,1,24.5,studio,city,True,AG06
U060825,6,7,23.8,studio,standard,True,AG04
U060826,6,5,23.0,studio,standard,True,AG02
U060827,6,5,34.6,1BR,standard,False,AG06
U060828,6,2,30.3,1BR,standard,True,AG01
U060829,6,7,23.0,studio,standard,True,AG04
U060830,6,6,27.5,1BR,pool,True,AG04
U060831,6,4,31.7,1BR,city,True,AG01
U060832,6,8,23.7,studio,pool,False,AG03
U060833,6,1,22.9,studio,standard,True,AG06
U060834,6,7,39.7,1BR Plus,city,True,AG05
U060835,6,3,38.6,1BR Plus,standard,True,AG05
U060836,6,8,33.2,1BR,standard,False,AG05
U060837,6,6,24.0,studio,standard,True,AG04
U060838,6,2,24.9,studio,city,True,AG05
U060839,6,8,22.2,studio,standard,True,AG06
U060840,6,2,23.6,studio,standard,True,AG01
U060841,6,2,24.0,studio,city,True,AG04
U060842,6,3,26.3,studio,standard,True,AG02
U060843,6,6,33.0,1BR,standard,True,AG04
U060844,6,7,35.2,1BR,standard,False,AG05
U060845,6,2,26.3,studio,city,True,AG04
U060846,6,8,24.4,studio,standard,False,AG06
U060847,6,4,25.6,studio,city,False,AG06
U060848,6,1,21.3,studio,standard,True,AG06
U060849,6,7,44.3,1BR Plus,city,False,AG01
U060850,6,3,24.1,studio,pool,True,AG01
U060851,6,4,33.2,1BR,city,True,AG03
U060852,6,2,33.1,1BR,city,False,AG01
U060853,6,2,31.9,1BR,standard,True,AG03
U060854,6,3,26.2,studio,standard,True,AG01
U060855,6,5,22.1,studio,standard,True,AG05
U060856,6,2,24.8,studio,standard,True,AG02
U060857,6,4,26.7,studio,pool,True,AG05
U060858,6,6,25.0,studio,pool,False,AG01
U060859,6,3,24.8,studio,standard,True,AG06
U060860,6,2,31.4,1BR,city,True,AG01
U060861,6,6,22.8,studio,standard,True,AG03
U060862,6,3,26.5,studio,standard,False,AG03
U060863,6,3,21.6,studio,pool,True,AG06
U060864,6,8,24.4,studio,standard,True,AG02
U060865,6,1,28.5,1BR,standard,False,AG01
U060866,6,7,33.5,1BR,pool,True,AG01
U060867,6,6,23.1,studio,pool,True,AG06
U060868,6,2,25.8,studio,standard,True,AG06
U060869,6,5,25.5,studio,standard,True,AG04
U060870,6,5,31.7,1BR,standard,True,AG01
U060871,6,7,21.0,studio,standard,False,AG04
U060872,6,7,23.5,studio,pool,False,AG04
U060873,6,5,21.7,studio,pool,True,AG01
U060874,6,7,33.9,1BR,city,True,AG01
U060875,6,4,22.2,studio,standard,True,AG01
U060876,6,5,32.4,1BR,city,True,AG06
U060877,6,3,24.6,studio,standard,True,AG05
U060878,6,4,20.7,studio,standard,True,AG03
U060879,6,2,22.8,studio,standard,True,AG06
U060880,6,8,26.0,studio,pool,True,AG03
U060881,6,1,21.8,studio,city,True,AG03
U060882,6,6,26.1,studio,standard,True,AG05
U060883,6,7,30.0,1BR,pool,True,AG01
U060884,6,2,33.6,1BR,pool,True,AG04
U060885,6,8,39.1,1BR Plus,standard,True,AG03
U060886,6,2,25.3,studio,standard,True,AG05
U060887,6,1,25.5,studio,standard,False,AG01
U060888,6,1,34.7,1BR,standard,True,AG05
U060889,6,6,21.2,studio,standard,True,AG06
U060890,6,5,24.8,studio,city,True,AG01
U060891,6,8,31.9,1BR,city,False,AG06
U060892,6,1,32.0,1BR,standard,True,AG06
U060893,6,3,33.6,1BR,standard,False,AG01
U060894,6,1,27.4,1BR,pool,False,AG06
U060895,6,3,23.4,studio,standard,True,AG06
U060896,6,8,23.1,studio,standard,True,AG05
U060897,6,7,32.6,1BR,standard,True,AG05
U060898,6,6,21.0,studio,city,True,AG01
U060899,6,5,21.0,studio,city,True,AG01
U060900,6,2,29.0,1BR,standard,True,AG04
U060901,6,6,21.1,studio,standard,True,AG05
U060902,6,1,28.2,1BR,city,True,AG04
U060903,6,5,22.3,studio,standard,True,AG05
U060904,6,6,24.5,studio,standard,True,AG04
U060905,6,3,21.8,studio,pool,True,AG01
U060906,6,2,35.4,1BR,pool,True,AG06
U060907,6,7,25.7,studio,standard,False,AG02
U060908,6,3,31.1,1BR,standard,True,AG03
U060909,6,6,22.7,studio,standard,True,AG03
U060910,6,6,25.2,studio,standard,True,AG06
U060911,6,8,25.6,studio,standard,True,AG05
U060912,6,3,34.5,1BR,standard,True,AG02
U060913,6,8,37.5,1BR Plus,pool,True,AG04
U060914,6,5,25.2,studio,standard,True,AG03
U060915,6,4,33.1,1BR,city,True,AG06
U060916,6,5,20.6,studio,standard,True,AG04
U060917,6,3,29.3,1BR,standard,True,AG05
U060918,6,6,24.4,studio,standard,True,AG06
U060919,6,5,24.1,studio,standard,False,AG06
U060920,6,3,25.0,studio,pool,True,AG01
U060921,6,2,26.0,studio,standard,True,AG01
U060922,6,5,23.1,studio,pool,True,AG01
U060923,6,8,23.2,studio,pool,True,AG03
U060924,6,4,20.9,studio,standard,True,AG06
U060925,6,7,21.6,studio,standard,True,AG01
U060926,6,2,23.5,studio,standard,True,AG04
U060927,6,5,27.5,1BR,standard,False,AG03
U060928,6,4,26.4,studio,standard,False,AG01
U060929,6,1,20.8,studio,standard,True,AG05
U060930,6,3,26.7,studio,standard,True,AG05
U060931,6,5,29.4,1BR,standard,True,AG02
U060932,6,7,25.3,studio,standard,True,AG02
U060933,6,6,26.3,studio,standard,True,AG05
U060934,6,7,34.7,1BR,standard,True,AG05
U060935,6,6,27.4,1BR,city,True,AG02
U060936,6,2,23.5,studio,city,True,AG06
U060937,6,4,26.7,studio,standard,True,AG04
U060938,6,5,28.2,1BR,pool,True,AG04
U060939,6,7,38.8,1BR Plus,city,True,AG06
U060940,6,7,24.8,studio,standard,False,AG05
U060941,6,7,27.4,1BR,standard,True,AG05
U060942,6,1,26.5,studio,city,False,AG02
U060943,6,5,21.0,studio,standard,False,AG04
U060944,6,7,23.9,studio,city,True,AG05
U060945,6,2,33.5,1BR,standard,True,AG01
U060946,6,8,44.9,1BR Plus,standard,True,AG05
U060947,6,7,21.1,studio,city,True,AG05
U060948,6,1,28.6,1BR,standard,False,AG03
U060949,6,3,22.3,studio,city,True,AG05
U060950,6,2,25.1,studio,standard,True,AG03
U060951,6,2,24.7,studio,standard,True,AG05
U060952,6,1,30.1,1BR,city,True,AG02
U060953,6,4,26.4,studio,standard,True,AG06
U060954,6,8,22.4,studio,standard,True,AG02
U060955,6,7,23.9,studio,pool,True,AG06
U060956,6,8,29.1,1BR,pool,True,AG01
U060957,6,2,20.9,studio,standard,True,AG01
U060958,6,7,30.8,1BR,standard,True,AG04
U060959,6,7,33.9,1BR,pool,True,AG01
U060960,6,6,40.6,1BR Plus,city,True,AG01
U060961,6,4,26.9,studio,standard,False,AG01
U060962,6,3,26.3,studio,standard,True,AG01
U060963,6,2,26.6,studio,city,False,AG01
U060964,6,8,27.8,1BR,city,True,AG02
U060965,6,8,25.9,studio,standard,True,AG03
U060966,6,8,30.2,1BR,standard,True,AG01
U060967,6,5,35.1,1BR,city,False,AG05
U060968,6,4,23.3,studio,standard,True,AG03
U060969,6,4,34.1,1BR,city,True,AG01
U060970,6,2,22.2,studio,standard,True,AG01
U060971,6,5,23.6,studio,standard,True,AG04
U060972,6,7,24.6,studio,pool,True,AG01
U060973,6,7,21.7,studio,standard,False,AG04
U060974,6,2,23.2,studio,standard,True,AG02
U060975,6,6,31.3,1BR,standard,True,AG06
U060976,6,2,21.8,studio,standard,True,AG01
U060977,6,1,23.7,studio,city,True,AG01
U060978,6,1,23.4,studio,city,True,AG04
U060979,6,4,20.8,studio,pool,True,AG04
U060980,6,7,24.2,studio,city,False,AG03
U060981,6,1,23.5,studio,pool,True,AG04
U060982,6,6,21.0,studio,city,True,AG02
U060983,6,4,34.0,1BR,standard,True,AG01
U060984,6,7,39.4,1BR Plus,standard,True,AG03
U060985,6,4,22.6,studio,pool,True,AG03
U060986,6,3,21.3,studio,standard,True,AG06
U060987,6,6,30.0,1BR,standard,True,AG06
U060988,6,3,27.2,1BR,standard,False,AG03
U060989,6,1,24.8,studio,standard,False,AG02
U060990,6,6,41.5,1BR Plus,city,True,AG02
U060991,6,4,43.1,1BR Plus,pool,True,AG02
U060992,6,5,22.1,studio,standard,True,AG03
U060993,6,8,25.8,studio,standard,True,AG06
U060994,6,5,22.7,studio,city,True,AG02
U060995,6,5,24.9,studio,standard,True,AG05
U060996,6,5,24.3,studio,city,True,AG06
U060997,6,1,23.0,studio,city,True,AG03
U060998,6,4,28.8,1BR,city,True,AG02
U060999,6,6,33.2,1BR,pool,False,AG01
U061000,6,5,26.8,studio,pool,False,AG05
U061001,6,8,26.7,studio,standard,True,AG06
U061002,6,1,27.8,1BR,city,True,AG01
U061003,6,1,27.5,1BR,standard,False,AG04
U061004,6,4,34.1,1BR,city,True,AG03
U061005,6,1,21.9,studio,standard,True,AG01
U061006,6,1,21.2,studio,pool,True,AG05
U061007,6,4,25.5,studio,standard,False,AG04
U061008,6,7,30.4,1BR,standard,True,AG06
U061009,6,2,22.7,studio,city,True,AG03
U061010,6,1,23.6,studio,standard,True,AG05
U061011,6,5,21.9,studio,city,True,AG02
U061012,6,1,24.4,studio,standard,True,AG02
U061013,6,4,26.9,studio,standard,True,AG06
U061014,6,1,21.7,studio,standard,True,AG02
U061015,6,4,21.9,studio,city,False,AG03
U061016,6,7,22.3,studio,city,True,AG01
U061017,6,8,21.7,studio,standard,True,AG03
U061018,6,7,43.9,1BR Plus,city,True,AG06
U061019,6,6,30.5,1BR,city,True,AG05
U061020,6,8,33.8,1BR,standard,True,AG06
U061021,6,6,40.0,1BR Plus,standard,False,AG03
U061022,6,4,25.7,studio,standard,True,AG04
U061023,6,4,23.0,studio,standard,True,AG04
U061024,6,8,32.2,1BR,standard,False,AG03
U061025,6,2,24.2,studio,pool,True,AG04
U061026,6,2,24.3,studio,pool,True,AG06
U061027,6,6,25.1,studio,standard,True,AG06
U061028,6,4,32.1,1BR,pool,False,AG06
U061029,6,6,32.6,1BR,standard,True,AG01
U061030,6,2,28.5,1BR,city,True,AG04
U061031,6,4,21.6,studio,pool,True,AG06
U061032,6,2,23.9,studio,city,True,AG03
U061033,6,8,26.4,studio,pool,True,AG05
U061034,6,1,26.6,studio,city,True,AG01
U061035,6,2,31.3,1BR,city,True,AG01
U061036,6,3,24.9,studio,standard,False,AG03
U061037,6,5,22.1,studio,standard,True,AG01
U061038,6,4,30.9,1BR,standard,False,AG05
U061039,6,8,22.0,studio,city,True,AG03
U061040,6,5,35.3,1BR,city,True,AG04
U061041,6,7,26.7,studio,city,True,AG03
U061042,6,6,34.9,1BR,city,True,AG05
U061043,6,3,22.8,studio,standard,False,AG02
U061044,6,3,25.6,studio,pool,False,AG03
U061045,6,4,29.7,1BR,city,True,AG03
U061046,6,1,44.6,1BR Plus,standard,True,AG06
U061047,6,8,23.9,studio,city,True,AG03
U061048,6,5,24.0,studio,standard,True,AG01
U061049,6,1,29.9,1BR,city,False,AG04
U061050,6,7,20.9,studio,pool,True,AG06
U061051,6,1,25.1,studio,city,True,AG06
U061052,6,4,26.0,studio,standard,True,AG03
U061053,6,4,20.8,studio,city,True,AG06
U061054,6,4,32.9,1BR,city,True,AG01
U061055,6,4,25.2,studio,standard,True,AG01
U061056,6,7,24.6,studio,standard,False,AG05
U061057,6,3,27.4,1BR,standard,True,AG03
U061058,6,8,24.7,studio,standard,True,AG04
U061059,6,7,30.1,1BR,pool,True,AG03
U061060,6,1,24.2,studio,city,True,AG02
U061061,6,1,24.7,studio,standard,False,AG04
U061062,6,1,30.4,1BR,city,True,AG01
U061063,6,2,24.3,studio,pool,True,AG01
U061064,6,4,26.2,studio,city,True,AG06
U061065,6,5,45.0,1BR Plus,pool,True,AG01
U061066,6,6,28.3,1BR,standard,True,AG03
U061067,6,8,21.4,studio,standard,False,AG05
U061068,6,6,22.2,studio,pool,True,AG02
U061069,6,8,23.5,studio,standard,True,AG06
U061070,6,6,31.4,1BR,standard,True,AG04
U061071,6,7,28.0,1BR,standard,True,AG05
U061072,6,1,25.9,studio,standard,False,AG02
U061073,6,4,20.6,studio,city,True,AG06
U061074,6,8,35.4,1BR,city,True,AG03
U061075,6,7,40.0,1BR Plus,city,True,AG04
U061076,6,4,39.5,1BR Plus,city,True,AG02
U061077,6,6,22.1,studio,standard,True,AG03
U061078,6,1,20.9,studio,standard,True,AG04
U061079,6,7,22.0,studio,standard,True,AG01
U061080,6,6,35.3,1BR,city,False,AG02
U061081,6,4,25.9,studio,standard,True,AG02
U061082,6,3,33.5,1BR,standard,True,AG04
U061083,6,8,25.7,studio,city,True,AG06
U061084,6,7,27.1,1BR,standard,True,AG01
U061085,6,5,32.2,1BR,standard,True,AG03
U061086,6,2,30.5,1BR,city,False,AG01
U061087,6,4,26.1,studio,standard,False,AG04
U061088,6,2,40.1,1BR Plus,standard,False,AG06
U061089,6,7,46.9,1BR Plus,pool,True,AG03
U061090,6,1,23.8,studio,standard,False,AG06
U061091,6,2,32.8,1BR,standard,True,AG01
U061092,6,1,21.7,studio,pool,True,AG05
U061093,6,5,23.7,studio,city,True,AG05
U061094,6,6,40.3,1BR Plus,standard,False,AG04
U061095,6,6,26.2,studio,city,False,AG02
U061096,6,6,26.7,studio,pool,True,AG05
U061097,6,3,26.7,studio,pool,True,AG02
U061098,6,2,23.8,studio,standard,True,AG04
U061099,6,2,24.8,studio,city,False,AG02
U061100,6,1,27.3,1BR,standard,True,AG02
U061101,6,3,32.7,1BR,standard,True,AG03
U061102,6,8,26.1,studio,standard,True,AG04
U061103,6,4,21.5,studio,standard,True,AG06
U061104,6,2,32.6,1BR,pool,True,AG03
U061105,6,8,24.4,studio,standard,True,AG06
U061106,6,1,26.8,studio,pool,True,AG02
U061107,6,7,23.9,studio,city,True,AG05
U061108,6,6,44.8,1BR Plus,standard,True,AG01
U061109,6,6,23.3,studio,standard,True,AG03
U061110,6,3,25.9,studio,city,True,AG01
U061111,6,7,21.4,studio,pool,True,AG03
U061112,6,7,33.2,1BR,city,False,AG01
U061113,6,5,24.5,studio,standard,True,AG01
U061114,6,5,26.9,studio,city,False,AG04
U061115,6,2,25.3,studio,city,True,AG05
U061116,6,3,35.0,1BR,standard,True,AG01
U061117,6,1,29.2,1BR,city,True,AG02
U061118,6,4,25.4,studio,city,True,AG03
U061119,6,4,21.2,studio,standard,False,AG01
U061120,6,4,36.9,1BR Plus,city,True,AG01
U061121,6,5,21.9,studio,standard,False,AG05
U061122,6,5,24.9,studio,standard,True,AG06
U061123,6,3,24.6,studio,city,True,AG02
U061124,6,3,29.5,1BR,standard,True,AG04
U061125,6,3,40.7,1BR Plus,city,True,AG06
U061126,6,1,21.6,studio,standard,False,AG01
U061127,6,3,34.2,1BR,standard,False,AG06
U061128,6,7,34.2,1BR,city,True,AG01
U061129,6,8,25.5,studio,city,False,AG04
U061130,6,4,42.4,1BR Plus,standard,True,AG06
U061131,6,7,22.6,studio,standard,True,AG04
U061132,6,2,23.0,studio,standard,False,AG05
U061133,6,5,30.7,1BR,standard,False,AG06
U061134,6,8,36.7,1BR Plus,pool,False,AG01
U061135,6,5,23.7,studio,standard,True,AG03
U061136,6,2,21.7,studio,standard,False,AG02
U061137,6,7,23.9,studio,standard,True,AG06
U061138,6,1,25.9,studio,standard,True,AG04
U061139,6,6,25.4,studio,standard,True,AG06
U061140,6,8,25.0,studio,city,True,AG04
U061141,6,4,26.1,studio,city,False,AG01
U061142,6,4,25.6,studio,standard,True,AG06
U061143,6,1,34.0,1BR,city,True,AG06
U061144,6,3,31.1,1BR,pool,True,AG04
U061145,6,6,22.8,studio,city,True,AG01
U061146,6,4,45.8,1BR Plus,standard,True,AG01
U061147,6,2,35.7,1BR Plus,standard,True,AG02
U061148,6,4,24.6,studio,standard,True,AG05
U061149,6,2,33.7,1BR,city,True,AG01
U061150,6,5,26.1,studio,standard,True,AG02
U061151,6,8,26.3,studio,standard,False,AG06
U061152,6,5,45.5,1BR Plus,pool,True,AG06
U061153,6,2,23.1,studio,standard,True,AG02
U061154,6,1,33.2,1BR,standard,True,AG03
U061155,6,6,26.4,studio,standard,True,AG06
U061156,6,1,29.9,1BR,pool,True,AG05
U061157,6,3,34.6,1BR,standard,True,AG04
U061158,6,4,38.6,1BR Plus,standard,True,AG06
U061159,6,5,22.2,studio,pool,True,AG05
U061160,6,5,23.1,studio,city,True,AG02
U061161,6,4,34.4,1BR,pool,True,AG04
U061162,6,1,21.7,studio,standard,True,AG04
U061163,6,3,34.3,1BR,standard,False,AG06
U061164,6,3,31.5,1BR,city,True,AG01
U061165,6,1,24.6,studio,standard,True,AG06
U061166,6,7,25.3,studio,standard,True,AG03
U061167,6,1,29.9,1BR,standard,True,AG04
U061168,6,4,20.7,studio,standard,True,AG01
U061169,6,6,25.5,studio,standard,True,AG01
U061170,6,3,24.2,studio,standard,True,AG03
U061171,6,6,24.8,studio,standard,False,AG06
U061172,6,4,32.1,1BR,standard,True,AG06
U061173,6,6,22.6,studio,standard,True,AG01
U061174,6,5,23.8,studio,standard,True,AG02
U061175,6,3,34.5,1BR,standard,False,AG06
U061176,6,6,24.0,studio,standard,False,AG04
U061177,6,6,31.5,1BR,pool,False,AG05
U061178,6,5,21.1,studio,city,True,AG04
U061179,6,8,41.1,1BR Plus,city,True,AG01
U061180,6,6,41.5,1BR Plus,standard,True,AG03
U061181,6,7,29.2,1BR,standard,True,AG06
U061182,6,1,21.9,studio,city,True,AG01
U061183,6,3,44.5,1BR Plus,pool,True,AG01
U061184,6,5,25.8,studio,standard,True,AG06
U061185,6,8,34.8,1BR,pool,True,AG03
U061186,6,2,26.0,studio,city,False,AG02
U061187,6,8,45.2,1BR Plus,standard,False,AG06
U061188,6,4,27.0,studio,city,False,AG06
U061189,6,5,25.5,studio,standard,True,AG04
U061190,6,7,24.0,studio,pool,True,AG02
U061191,6,6,26.6,studio,pool,True,AG03
U061192,6,8,32.9,1BR,standard,True,AG04
U061193,6,7,39.6,1BR Plus,standard,True,AG05
U061194,6,5,26.7,studio,standard,True,AG03
U061195,6,2,23.1,studio,standard,True,AG05
U061196,6,6,27.8,1BR,standard,True,AG06
U061197,6,4,29.2,1BR,standard,True,AG04
U061198,6,2,27.7,1BR,standard,True,AG05
U061199,6,5,29.5,1BR,standard,True,AG04
U061200,6,8,25.3,studio,standard,True,AG05
U061201,6,2,21.2,studio,standard,True,AG03
U061202,6,7,30.8,1BR,standard,False,AG02
U061203,6,8,32.3,1BR,standard,True,AG05
U061204,6,2,21.0,studio,standard,True,AG04
U061205,6,1,33.4,1BR,standard,True,AG06
U061206,6,2,24.6,studio,pool,True,AG02
U061207,6,7,24.1,studio,city,False,AG05
U061208,6,3,33.9,1BR,standard,True,AG05
U061209,6,3,30.9,1BR,pool,True,AG05
U061210,6,1,30.8,1BR,standard,True,AG02
U061211,6,1,31.9,1BR,standard,True,AG05
U061212,6,7,34.4,1BR,standard,True,AG06
U061213,6,5,22.4,studio,standard,True,AG06
U061214,6,4,23.7,studio,pool,True,AG05
U061215,6,1,23.5,studio,city,True,AG05
U061216,6,3,46.4,1BR Plus,city,True,AG05
U061217,6,4,21.6,studio,standard,True,AG01
U061218,6,3,33.6,1BR,standard,True,AG06
U061219,6,2,30.2,1BR,standard,True,AG01
U061220,6,2,38.5,1BR Plus,standard,True,AG02
U061221,6,5,20.8,studio,standard,True,AG06
U061222,6,2,24.6,studio,standard,True,AG06
U061223,6,7,26.5,studio,city,False,AG03
U061224,6,5,28.5,1BR,standard,True,AG04
U061225,6,5,26.6,studio,standard,True,AG06
U061226,6,3,26.3,studio,city,False,AG01
U061227,6,4,27.1,1BR,standard,False,AG04
U061228,6,3,34.0,1BR,standard,True,AG03
U061229,6,4,31.3,1BR,city,True,AG06
U061230,6,3,23.5,studio,city,True,AG02
U061231,6,6,25.4,studio,standard,True,AG01
U061232,6,6,35.6,1BR Plus,city,True,AG01
U061233,6,7,21.2,studio,standard,False,AG06
U061234,6,1,33.1,1BR,standard,True,AG04
U061235,6,3,23.4,studio,standard,True,AG03
U061236,6,1,28.7,1BR,standard,True,AG05
U061237,6,4,35.0,1BR,standard,True,AG03
U061238,6,3,33.8,1BR,standard,False,AG01
U061239,6,6,33.9,1BR,city,True,AG05
U061240,6,8,28.3,1BR,standard,True,AG05
U061241,6,7,24.8,studio,city,True,AG05
U061242,6,4,22.1,studio,city,True,AG03
U061243,6,5,21.9,studio,city,True,AG01
U061244,6,8,33.3,1BR,standard,True,AG03
U061245,6,7,22.0,studio,pool,False,AG01
U061246,6,3,23.5,studio,standard,True,AG02
U061247,6,4,29.0,1BR,standard,True,AG01
U061248,6,6,30.4,1BR,standard,True,AG02
U061249,6,2,21.0,studio,city,True,AG03
U061250,6,2,29.3,1BR,standard,True,AG03
U061251,6,4,39.1,1BR Plus,pool,False,AG05
U061252,6,3,24.4,studio,standard,True,AG04
U061253,6,3,27.0,studio,city,False,AG06
U061254,6,7,26.7,studio,standard,True,AG03
U061255,6,3,21.0,studio,pool,False,AG02
U061256,6,4,28.1,1BR,standard,False,AG05
U061257,6,1,24.3,studio,standard,False,AG02
U061258,6,7,25.9,studio,city,False,AG06
U061259,6,7,25.4,studio,standard,True,AG06
U061260,6,7,22.1,studio,standard,True,AG03
U061261,6,1,26.9,studio,city,True,AG03
U061262,6,8,21.0,studio,standard,True,AG01
U061263,6,5,29.4,1BR,pool,True,AG02
U061264,6,1,34.4,1BR,standard,False,AG04
U061265,6,2,33.9,1BR,standard,True,AG06
U061266,6,5,31.6,1BR,standard,True,AG05
U061267,6,3,28.4,1BR,standard,True,AG01
U061268,6,2,24.2,studio,city,True,AG05
U061269,6,3,27.0,1BR,pool,True,AG03
U061270,6,6,25.5,studio,standard,True,AG06
U061271,6,2,26.4,studio,city,True,AG01
U061272,6,1,33.9,1BR,standard,False,AG01
U061273,6,4,37.2,1BR Plus,pool,True,AG04
U061274,6,7,22.2,studio,standard,False,AG03
U061275,6,1,27.4,1BR,pool,True,AG05
U061276,6,1,43.2,1BR Plus,city,False,AG01
U061277,6,8,23.1,studio,city,True,AG01
U070000,7,4,44.0,1BR Plus,standard,False,AG06
U070001,7,5,32.8,1BR,standard,True,AG05
U070002,7,8,21.9,studio,standard,True,AG05
U070003,7,4,25.7,studio,standard,False,AG04
U070004,7,7,27.4,1BR,pool,True,AG05
U070005,7,5,32.0,1BR,standard,True,AG01
U070006,7,8,29.7,1BR,city,True,AG05
U070007,7,5,24.9,studio,city,True,AG04
U070008,7,2,30.6,1BR,standard,True,AG01
U070009,7,5,22.8,studio,standard,False,AG03
U070010,7,8,34.5,1BR,standard,True,AG04
U070011,7,1,22.1,studio,standard,True,AG06
U070012,7,8,34.5,1BR,standard,True,AG02
U070013,7,7,22.6,studio,pool,True,AG01
U070014,7,5,31.9,1BR,city,True,AG01
U070015,7,5,38.2,1BR Plus,city,True,AG06
U070016,7,6,25.4,studio,pool,False,AG03
U070017,7,5,43.0,1BR Plus,standard,True,AG04
U070018,7,6,20.8,studio,standard,False,AG02
U070019,7,2,25.0,studio,standard,True,AG05
U070020,7,1,23.1,studio,city,True,AG03
U070021,7,5,20.9,studio,standard,False,AG02
U070022,7,8,24.4,studio,standard,True,AG05
U070023,7,2,25.0,studio,standard,True,AG02
U070024,7,6,23.8,studio,standard,True,AG01
U070025,7,4,21.4,studio,standard,True,AG04
U070026,7,5,32.7,1BR,city,True,AG05
U070027,7,6,25.9,studio,standard,True,AG01
U070028,7,3,26.5,studio,standard,True,AG01
U070029,7,1,31.5,1BR,standard,True,AG04
U070030,7,4,26.4,studio,city,True,AG03
U070031,7,4,28.1,1BR,standard,True,AG04
U070032,7,7,21.0,studio,standard,True,AG02
U070033,7,5,46.3,1BR Plus,standard,True,AG01
U070034,7,3,33.3,1BR,standard,True,AG03
U070035,7,8,24.3,studio,standard,False,AG04
U070036,7,1,30.9,1BR,city,True,AG01
U070037,7,2,26.6,studio,standard,True,AG03
U070038,7,5,29.4,1BR,standard,True,AG06
U070039,7,1,26.8,studio,standard,False,AG06
U070040,7,8,26.7,studio,pool,True,AG03
U070041,7,7,27.5,1BR,city,True,AG02
U070042,7,1,31.4,1BR,pool,True,AG01
U070043,7,5,27.0,studio,city,True,AG04
U070044,7,6,25.4,studio,pool,True,AG03
U070045,7,5,21.4,studio,standard,True,AG01
U070046,7,7,30.3,1BR,standard,True,AG06
U070047,7,7,25.9,studio,standard,True,AG05
U070048,7,2,30.7,1BR,city,False,AG01
U070049,7,6,22.1,studio,standard,True,AG02
U070050,7,4,23.3,studio,city,True,AG04
U070051,7,8,22.1,studio,standard,True,AG05
U070052,7,8,20.6,studio,standard,True,AG02
U070053,7,1,25.7,studio,standard,False,AG06
U070054,7,5,24.9,studio,standard,True,AG06
U070055,7,8,28.6,1BR,standard,True,AG04
U070056,7,6,32.9,1BR,standard,True,AG06
U070057,7,1,25.4,studio,city,True,AG06
U070058,7,4,33.6,1BR,city,True,AG02
U070059,7,6,28.3,1BR,city,True,AG04
U070060,7,6,43.0,1BR Plus,standard,True,AG02
U070061,7,3,22.3,studio,pool,True,AG01
U070062,7,2,26.2,studio,pool,False,AG06
U070063,7,6,26.9,studio,standard,True,AG06
U070064,7,5,21.9,studio,standard,True,AG02
U070065,7,6,31.5,1BR,city,True,AG06
U070066,7,8,25.6,studio,pool,True,AG01
U070067,7,2,26.7,studio,city,False,AG01
U070068,7,8,32.3,1BR,standard,True,AG04
U070069,7,3,32.7,1BR,standard,True,AG03
U070070,7,1,25.8,studio,standard,True,AG03
U070071,7,7,31.7,1BR,pool,False,AG02
U070072,7,8,21.3,studio,standard,True,AG02
U070073,7,1,20.7,studio,pool,True,AG02
U070074,7,4,25.0,studio,standard,False,AG03
U070075,7,8,20.8,studio,pool,True,AG06
U070076,7,3,26.7,studio,standard,True,AG04
U070077,7,4,25.2,studio,city,True,AG03
U070078,7,4,35.3,1BR,standard,False,AG01
U070079,7,3,44.9,1BR Plus,standard,True,AG02
U070080,7,5,23.4,studio,pool,True,AG03
U070081,7,2,37.5,1BR Plus,standard,True,AG01
U070082,7,4,34.1,1BR,standard,True,AG01
U070083,7,4,22.8,studio,standard,True,AG02
U070084,7,7,31.2,1BR,pool,True,AG05
U070085,7,3,30.8,1BR,standard,True,AG05
U070086,7,2,26.8,studio,standard,True,AG05
U070087,7,3,20.8,studio,pool,True,AG01
U070088,7,8,35.1,1BR,standard,True,AG02
U070089,7,8,29.3,1BR,standard,True,AG05
U070090,7,6,26.2,studio,city,True,AG02
U070091,7,3,26.0,studio,standard,True,AG01
U070092,7,2,37.8,1BR Plus,standard,False,AG04
U070093,7,1,24.9,studio,standard,True,AG04
U070094,7,4,25.5,studio,standard,True,AG04
U070095,7,1,21.9,studio,standard,True,AG02
U070096,7,4,22.3,studio,pool,False,AG05
U070097,7,7,36.1,1BR Plus,pool,True,AG01
U070098,7,2,23.7,studio,standard,True,AG06
U070099,7,5,22.9,studio,city,True,AG05
U070100,7,2,21.5,studio,city,True,AG03
U070101,7,2,44.2,1BR Plus,city,True,AG04
U070102,7,2,26.6,studio,standard,True,AG01
U070103,7,3,21.9,studio,standard,True,AG01
U070104,7,4,33.1,1BR,city,True,AG01
U070105,7,5,27.9,1BR,standard,True,AG05
U070106,7,5,22.6,studio,standard,True,AG06
U070107,7,8,22.8,studio,city,True,AG06
U070108,7,7,25.3,studio,pool,True,AG06
U070109,7,7,30.7,1BR,standard,False,AG02
U070110,7,8,26.8,studio,standard,True,AG02
U070111,7,4,22.0,studio,standard,True,AG04
U070112,7,8,23.6,studio,standard,True,AG01
U070113,7,3,25.9,studio,standard,True,AG01
U070114,7,7,25.9,studio,pool,True,AG05
U070115,7,1,26.2,studio,standard,False,AG02
U070116,7,3,23.3,studio,standard,False,AG05
U070117,7,5,23.3,studio,pool,True,AG01
U070118,7,4,27.3,1BR,pool,True,AG01
U070119,7,3,32.6,1BR,standard,False,AG06
U070120,7,2,30.0,1BR,standard,True,AG02
U070121,7,4,23.1,studio,pool,True,AG01
U070122,7,5,26.7,studio,pool,True,AG02
U070123,7,4,44.2,1BR Plus,city,False,AG06
U070124,7,4,26.8,studio,standard,True,AG01
U070125,7,7,25.4,studio,city,False,AG05
U070126,7,4,30.7,1BR,city,True,AG02
U070127,7,6,29.7,1BR,standard,False,AG02
U070128,7,3,21.7,studio,city,False,AG04
U070129,7,1,25.2,studio,standard,True,AG06
U070130,7,3,21.1,studio,city,True,AG03
U070131,7,3,21.8,studio,standard,True,AG05
U070132,7,2,20.9,studio,standard,True,AG06
U070133,7,5,34.6,1BR,standard,True,AG06
U070134,7,6,27.5,1BR,standard,True,AG02
U070135,7,5,24.1,studio,standard,True,AG02
U070136,7,2,21.9,studio,standard,True,AG05
U070137,7,1,21.6,studio,pool,True,AG01
U070138,7,2,21.3,studio,standard,False,AG03
U070139,7,7,23.7,studio,pool,True,AG06
U070140,7,3,24.0,studio,city,True,AG04
U070141,7,1,22.8,studio,city,False,AG02
U070142,7,1,26.1,studio,standard,False,AG05
U070143,7,7,29.2,1BR,standard,False,AG01
U070144,7,4,23.5,studio,pool,True,AG05
U070145,7,8,25.6,studio,pool,True,AG05
U070146,7,4,28.6,1BR,standard,False,AG05
U070147,7,5,29.7,1BR,standard,True,AG01
U070148,7,5,24.2,studio,standard,True,AG02
U070149,7,8,22.8,studio,city,True,AG04
U070150,7,5,26.9,studio,standard,True,AG05
U070151,7,5,23.4,studio,standard,False,AG02
U070152,7,1,22.0,studio,standard,False,AG06
U070153,7,1,24.0,studio,pool,False,AG03
U070154,7,8,26.1,studio,standard,True,AG03
U070155,7,7,20.9,studio,pool,True,AG06
U070156,7,4,24.2,studio,city,True,AG06
U070157,7,5,20.8,studio,standard,True,AG04
U070158,7,1,23.4,studio,standard,True,AG02
U070159,7,8,22.2,studio,pool,True,AG04
U070160,7,3,24.2,studio,standard,True,AG02
U070161,7,2,25.8,studio,standard,True,AG01
U070162,7,3,34.8,1BR,standard,True,AG05
U070163,7,2,45.5,1BR Plus,standard,True,AG02
U070164,7,2,23.3,studio,city,False,AG05
U070165,7,4,31.5,1BR,city,True,AG04
U070166,7,8,23.0,studio,standard,False,AG01
U070167,7,6,45.1,1BR Plus,city,True,AG04
U070168,7,2,23.4,studio,standard,True,AG04
U070169,7,5,26.1,studio,standard,True,AG04
U070170,7,6,24.7,studio,standard,True,AG01
U070171,7,3,24.3,studio,standard,True,AG06
U070172,7,3,41.7,1BR Plus,standard,True,AG04
U070173,7,5,26.3,studio,city,False,AG01
U070174,7,5,24.3,studio,standard,True,AG06
U070175,7,5,42.3,1BR Plus,standard,True,AG06
U070176,7,3,34.0,1BR,standard,False,AG02
U070177,7,1,23.6,studio,pool,True,AG05
U070178,7,6,34.2,1BR,standard,True,AG01
U070179,7,5,23.6,studio,city,True,AG03
U070180,7,4,30.8,1BR,pool,True,AG06
U070181,7,6,41.7,1BR Plus,standard,True,AG03
U070182,7,8,30.8,1BR,city,False,AG06
U070183,7,3,24.0,studio,standard,False,AG02
U070184,7,2,28.7,1BR,standard,True,AG02
U070185,7,4,22.6,studio,standard,True,AG06
U070186,7,6,24.6,studio,standard,False,AG03
U070187,7,1,21.5,studio,standard,False,AG01
U070188,7,8,30.3,1BR,city,True,AG04
U070189,7,4,34.1,1BR,city,True,AG06
U070190,7,4,28.2,1BR,pool,True,AG02
U070191,7,6,30.3,1BR,city,True,AG01
U070192,7,3,45.1,1BR Plus,standard,True,AG06
U070193,7,7,25.4,studio,pool,True,AG02
U070194,7,6,28.4,1BR,city,True,AG02
U070195,7,6,21.0,studio,city,True,AG05
U070196,7,1,22.0,studio,city,True,AG04
U070197,7,3,30.4,1BR,standard,False,AG06
U070198,7,6,27.3,1BR,standard,True,AG03
U070199,7,1,21.1,studio,standard,True,AG04
U070200,7,7,40.6,1BR Plus,city,False,AG01
U070201,7,7,20.9,studio,standard,True,AG06
U070202,7,3,24.5,studio,city,True,AG05
U070203,7,5,22.1,studio,pool,True,AG05
U070204,7,8,32.7,1BR,city,True,AG03
U070205,7,1,30.6,1BR,standard,True,AG06
U070206,7,5,30.1,1BR,city,False,AG03
U070207,7,6,33.0,1BR,standard,True,AG02
U070208,7,2,26.0,studio,pool,True,AG04
U070209,7,7,34.5,1BR,standard,False,AG05
U070210,7,2,25.6,studio,standard,True,AG02
U070211,7,8,22.3,studio,standard,True,AG04
U070212,7,7,35.5,1BR,city,True,AG01
U070213,7,3,26.4,studio,standard,True,AG03
U070214,7,1,23.8,studio,standard,True,AG04
U070215,7,7,23.3,studio,pool,True,AG05
U070216,7,6,33.6,1BR,standard,True,AG02
U070217,7,6,26.3,studio,standard,True,AG05
U070218,7,1,20.7,studio,standard,True,AG06
U070219,7,7,22.5,studio,standard,True,AG01
U070220,7,6,41.9,1BR Plus,standard,False,AG01
U070221,7,4,25.1,studio,standard,True,AG05
U070222,7,3,33.5,1BR,standard,True,AG02
U070223,7,7,24.3,studio,pool,True,AG06
U070224,7,8,28.5,1BR,pool,True,AG06
U070225,7,3,36.2,1BR Plus,pool,True,AG06
U070226,7,6,42.5,1BR Plus,city,True,AG01
U070227,7,7,21.3,studio,standard,True,AG03
U070228,7,2,24.2,studio,city,True,AG04
U070229,7,2,31.7,1BR,standard,True,AG06
U070230,7,8,32.9,1BR,standard,True,AG03
U070231,7,3,35.2,1BR,standard,True,AG03
U070232,7,4,21.7,studio,standard,True,AG01
U070233,7,5,38.7,1BR Plus,standard,True,AG01
U070234,7,7,21.3,studio,city,False,AG01
U070235,7,2,23.8,studio,standard,True,AG03
U070236,7,8,23.0,studio,standard,True,AG05
U070237,7,5,34.6,1BR,pool,True,AG06
U070238,7,7,24.4,studio,standard,True,AG03
U070239,7,8,27.9,1BR,standard,False,AG04
U070240,7,1,29.1,1BR,city,True,AG01
U070241,7,6,22.7,studio,city,False,AG03
U070242,7,6,24.5,studio,pool,True,AG01
U070243,7,8,26.2,studio,pool,False,AG05
U070244,7,4,29.7,1BR,standard,True,AG03
U070245,7,4,25.4,studio,city,True,AG01
U070246,7,7,31.7,1BR,city,True,AG05
U070247,7,1,26.3,studio,standard,False,AG02
U070248,7,5,27.7,1BR,standard,True,AG05
U070249,7,5,42.7,1BR Plus,standard,True,AG05
U070250,7,6,25.0,studio,standard,True,AG06
U070251,7,8,23.8,studio,standard,False,AG04
U070252,7,8,32.3,1BR,standard,True,AG01
U070253,7,1,25.2,studio,pool,True,AG02
U070254,7,1,22.4,studio,standard,True,AG03
U070255,7,7,30.0,1BR,city,True,AG02
U070256,7,1,25.0,studio,pool,True,AG01
U070257,7,7,20.7,studio,standard,False,AG06
U070258,7,1,23.7,studio,standard,True,AG04
U070259,7,4,33.3,1BR,standard,True,AG01
U070260,7,2,40.4,1BR Plus,standard,False,AG01
U070261,7,2,30.2,1BR,city,True,AG04
U070262,7,7,23.8,studio,standard,True,AG01
U070263,7,7,32.5,1BR,city,True,AG02
U070264,7,2,35.1,1BR,pool,True,AG04
U070265,7,5,22.4,studio,standard,True,AG06
U070266,7,6,39.4,1BR Plus,city,True,AG04
U070267,7,8,33.1,1BR,standard,False,AG05
U070268,7,4,33.4,1BR,standard,True,AG04
U070269,7,2,23.1,studio,pool,True,AG06
U070270,7,5,24.1,studio,standard,True,AG02
U070271,7,4,24.2,studio,standard,True,AG03
U070272,7,4,28.2,1BR,pool,True,AG03
U070273,7,7,35.5,1BR,standard,True,AG01
U070274,7,6,21.1,studio,standard,True,AG05
U070275,7,1,29.1,1BR,city,False,AG04
U070276,7,5,27.5,1BR,standard,True,AG04
U070277,7,7,21.6,studio,city,True,AG05
U070278,7,3,31.6,1BR,standard,True,AG05
U070279,7,2,21.3,studio,city,True,AG02
U070280,7,1,39.2,1BR Plus,city,True,AG02
U070281,7,5,26.7,studio,standard,False,AG03
U070282,7,5,32.2,1BR,pool,True,AG02
U070283,7,4,34.4,1BR,city,True,AG05
U070284,7,5,22.4,studio,pool,False,AG05
U070285,7,4,22.3,studio,standard,True,AG01
U070286,7,8,23.9,studio,city,False,AG04
U070287,7,2,20.7,studio,standard,True,AG02
U070288,7,2,41.9,1BR Plus,standard,False,AG03
U070289,7,2,22.8,studio,city,True,AG02
U070290,7,2,25.6,studio,standard,True,AG04
U070291,7,8,44.2,1BR Plus,standard,True,AG02
U070292,7,6,42.6,1BR Plus,pool,True,AG05
U070293,7,8,45.5,1BR Plus,standard,False,AG02
U070294,7,2,24.8,studio,city,True,AG03
U070295,7,5,25.6,studio,standard,True,AG05
U070296,7,6,34.1,1BR,city,True,AG04
U070297,7,8,25.2,studio,standard,True,AG04
U070298,7,7,25.5,studio,standard,True,AG03
U070299,7,7,22.2,studio,standard,True,AG03
U070300,7,1,42.8,1BR Plus,standard,True,AG05
U070301,7,5,32.1,1BR,city,True,AG01
U070302,7,5,45.4,1BR Plus,standard,False,AG04
U070303,7,6,26.0,studio,city,False,AG03
U070304,7,6,28.9,1BR,standard,True,AG01
U070305,7,8,24.1,studio,city,True,AG03
U070306,7,2,24.0,studio,city,True,AG05
U070307,7,2,26.0,studio,city,True,AG04
U070308,7,2,24.4,studio,standard,True,AG03
U070309,7,5,25.9,studio,city,False,AG04
U070310,7,1,33.7,1BR,standard,False,AG01
U070311,7,1,21.1,studio,standard,True,AG05
U070312,7,7,22.7,studio,pool,False,AG06
U070313,7,8,26.9,studio,city,False,AG05
U070314,7,8,21.2,studio,standard,False,AG04
U070315,7,4,24.5,studio,standard,False,AG02
U070316,7,1,24.5,studio,standard,False,AG02
U070317,7,5,22.2,studio,standard,True,AG01
U070318,7,2,26.6,studio,standard,True,AG01
U070319,7,4,26.3,studio,standard,False,AG02
U070320,7,7,30.4,1BR,standard,True,AG02
U070321,7,1,22.6,studio,standard,True,AG01
U070322,7,5,20.9,studio,standard,True,AG05
U070323,7,7,41.5,1BR Plus,pool,True,AG03
U070324,7,3,23.0,studio,city,True,AG01
U070325,7,6,22.1,studio,standard,True,AG01
U070326,7,5,40.3,1BR Plus,standard,True,AG06
U070327,7,4,24.7,studio,standard,False,AG06
U070328,7,6,40.3,1BR Plus,city,True,AG01
U070329,7,2,21.3,studio,city,True,AG01
U070330,7,5,29.4,1BR,standard,True,AG05
U070331,7,7,21.5,studio,standard,True,AG05
U070332,7,7,36.8,1BR Plus,pool,True,AG04
U070333,7,8,24.7,studio,standard,True,AG03
U070334,7,2,45.9,1BR Plus,standard,True,AG02
U070335,7,1,24.3,studio,standard,True,AG02
U070336,7,7,45.5,1BR Plus,standard,True,AG02
U070337,7,2,25.6,studio,standard,False,AG02
U070338,7,4,23.7,studio,city,True,AG06
U070339,7,3,22.1,studio,city,True,AG02
U070340,7,5,26.0,studio,standard,True,AG05
U070341,7,7,25.1,studio,standard,True,AG06
U070342,7,3,34.9,1BR,standard,True,AG03
U070343,7,5,21.0,studio,pool,True,AG02
U070344,7,7,33.0,1BR,standard,True,AG02
U070345,7,8,21.3,studio,city,True,AG03
U070346,7,7,27.0,1BR,city,True,AG04
U070347,7,2,34.5,1BR,city,True,AG01
U070348,7,2,24.1,studio,city,False,AG01
U070349,7,8,30.8,1BR,standard,False,AG06
U070350,7,5,26.5,studio,city,True,AG05
U070351,7,2,24.5,studio,city,True,AG03
U070352,7,2,40.5,1BR Plus,standard,True,AG03
U070353,7,1,27.2,1BR,standard,False,AG01
U070354,7,8,33.4,1BR,pool,True,AG03
U070355,7,3,24.8,studio,standard,True,AG02
U070356,7,3,23.7,studio,standard,True,AG01
U070357,7,2,21.5,studio,standard,True,AG01
U070358,7,5,46.1,1BR Plus,standard,False,AG03
U070359,7,5,25.2,studio,standard,True,AG06
U070360,7,8,36.2,1BR Plus,standard,True,AG06
U070361,7,5,22.6,studio,pool,True,AG03
U070362,7,5,26.6,studio,standard,True,AG03
U070363,7,6,28.6,1BR,standard,True,AG04
U070364,7,5,33.7,1BR,standard,True,AG05
U070365,7,3,22.8,studio,standard,True,AG03
U070366,7,4,39.2,1BR Plus,standard,True,AG04
U070367,7,5,32.7,1BR,standard,True,AG05
U070368,7,5,26.7,studio,city,True,AG04
U070369,7,6,21.6,studio,standard,True,AG05
U070370,7,3,46.4,1BR Plus,city,True,AG01
U070371,7,8,22.8,studio,standard,True,AG01
U070372,7,6,21.2,studio,pool,True,AG01
U070373,7,3,46.9,1BR Plus,standard,True,AG06
U070374,7,4,38.6,1BR Plus,standard,True,AG04
U070375,7,3,23.8,studio,standard,True,AG03
U070376,7,6,23.0,studio,standard,True,AG03
U070377,7,3,46.4,1BR Plus,standard,True,AG05
U070378,7,8,20.6,studio,pool,True,AG03
U070379,7,3,34.2,1BR,standard,True,AG06
U070380,7,3,36.8,1BR Plus,standard,True,AG06
U070381,7,3,44.7,1BR Plus,city,True,AG04
U070382,7,5,22.2,studio,standard,True,AG03
U070383,7,3,31.4,1BR,pool,False,AG03
U070384,7,7,26.1,studio,standard,True,AG03
U070385,7,5,25.9,studio,standard,True,AG01
U070386,7,8,34.7,1BR,standard,False,AG04
U070387,7,3,30.6,1BR,standard,True,AG01
U070388,7,1,22.9,studio,city,False,AG01
U070389,7,2,32.9,1BR,standard,True,AG05
U070390,7,2,20.8,studio,standard,False,AG04
U070391,7,8,27.2,1BR,standard,True,AG04
U070392,7,2,34.7,1BR,city,True,AG01
U070393,7,8,33.4,1BR,standard,True,AG03
U070394,7,7,33.6,1BR,pool,True,AG04
U070395,7,1,24.0,studio,city,True,AG05
U070396,7,6,21.8,studio,standard,True,AG05
U070397,7,8,27.9,1BR,standard,False,AG06
U070398,7,5,33.2,1BR,city,True,AG01
U070399,7,6,29.4,1BR,pool,False,AG04
U070400,7,7,27.3,1BR,standard,False,AG04
U070401,7,2,35.7,1BR Plus,standard,True,AG03
U070402,7,3,31.9,1BR,standard,True,AG04
U070403,7,6,20.8,studio,standard,True,AG03
U070404,7,5,21.9,studio,standard,True,AG05
U070405,7,2,26.6,studio,city,True,AG03
U070406,7,4,26.3,studio,pool,True,AG04
U070407,7,2,22.0,studio,standard,True,AG03
U070408,7,7,26.5,studio,city,True,AG05
U070409,7,7,28.1,1BR,standard,True,AG02
U070410,7,7,26.1,studio,standard,True,AG06
U070411,7,8,42.8,1BR Plus,standard,True,AG05
U070412,7,6,35.5,1BR,standard,True,AG01
U070413,7,4,21.3,studio,standard,False,AG05
U070414,7,1,21.3,studio,standard,True,AG01
U070415,7,2,42.5,1BR Plus,city,True,AG02
U070416,7,4,26.8,studio,pool,False,AG03
U070417,7,3,30.3,1BR,city,True,AG04
U070418,7,2,43.6,1BR Plus,city,True,AG01
U070419,7,6,33.5,1BR,standard,True,AG03
U070420,7,6,22.9,studio,city,True,AG06
U070421,7,1,24.0,studio,city,True,AG02
U070422,7,2,32.8,1BR,standard,True,AG02
U070423,7,5,22.0,studio,city,False,AG05
U070424,7,8,26.7,studio,pool,True,AG01
U070425,7,4,33.2,1BR,standard,True,AG01
U070426,7,4,24.0,studio,city,True,AG01
U070427,7,8,29.0,1BR,standard,False,AG03
U070428,7,2,39.2,1BR Plus,city,True,AG05
U070429,7,6,22.5,studio,city,False,AG01
U070430,7,5,31.5,1BR,standard,True,AG05
U070431,7,1,22.9,studio,standard,False,AG01
U070432,7,4,28.9,1BR,standard,True,AG03
U070433,7,3,25.0,studio,city,True,AG06
U070434,7,6,22.3,studio,standard,True,AG01
U070435,7,6,21.2,studio,standard,False,AG05
U070436,7,7,24.4,studio,standard,True,AG02
U070437,7,6,23.4,studio,standard,True,AG06
U070438,7,5,27.5,1BR,city,True,AG05
U070439,7,4,45.7,1BR Plus,pool,False,AG04
U070440,7,2,30.5,1BR,pool,True,AG02
U070441,7,6,21.3,studio,city,False,AG06
U070442,7,8,26.9,studio,standard,True,AG02
U070443,7,2,34.9,1BR,standard,True,AG01
U070444,7,6,31.2,1BR,standard,True,AG01
U070445,7,7,38.4,1BR Plus,standard,True,AG01
U070446,7,7,22.0,studio,city,False,AG04
U070447,7,2,29.2,1BR,pool,True,AG05
U070448,7,3,26.4,studio,standard,True,AG01
U070449,7,1,26.6,studio,city,True,AG04
U070450,7,2,24.9,studio,standard,False,AG06
U070451,7,3,33.6,1BR,pool,True,AG03
U070452,7,1,22.9,studio,standard,False,AG05
U070453,7,4,41.2,1BR Plus,standard,True,AG01
U070454,7,2,27.3,1BR,pool,True,AG06
U070455,7,2,34.5,1BR,standard,True,AG06
U070456,7,6,35.0,1BR,standard,True,AG04
U070457,7,3,42.9,1BR Plus,standard,True,AG06
U070458,7,5,28.0,1BR,standard,True,AG03
U070459,7,4,22.5,studio,standard,False,AG05
U070460,7,8,25.4,studio,city,True,AG03
U070461,7,2,45.2,1BR Plus,standard,False,AG06
U070462,7,3,33.4,1BR,pool,True,AG04
U070463,7,6,21.1,studio,standard,True,AG01
U070464,7,3,24.6,studio,city,True,AG01
U070465,7,1,24.1,studio,pool,True,AG02
U070466,7,6,24.6,studio,standard,True,AG03
U070467,7,3,21.2,studio,standard,False,AG01
U070468,7,1,22.8,studio,standard,True,AG04
U070469,7,5,42.6,1BR Plus,city,True,AG02
U070470,7,1,22.3,studio,standard,False,AG04
U070471,7,3,21.1,studio,standard,True,AG02
U070472,7,4,22.9,studio,standard,True,AG06
U070473,7,3,26.4,studio,pool,True,AG06
U070474,7,3,29.7,1BR,standard,True,AG03
U070475,7,7,23.0,studio,city,True,AG05
U070476,7,2,21.9,studio,standard,True,AG03
U070477,7,7,25.8,studio,city,True,AG06
U070478,7,5,25.3,studio,standard,True,AG03
U070479,7,5,23.8,studio,standard,True,AG01
U070480,7,4,23.4,studio,standard,False,AG04
U070481,7,2,24.3,studio,standard,True,AG02
U070482,7,4,21.4,studio,standard,True,AG02
U070483,7,5,22.6,studio,city,True,AG03
U070484,7,4,27.0,studio,pool,True,AG04
U070485,7,1,35.9,1BR Plus,standard,True,AG03
U070486,7,8,44.1,1BR Plus,standard,False,AG05
U070487,7,6,23.5,studio,city,True,AG02
U070488,7,3,41.4,1BR Plus,city,True,AG06
U070489,7,4,29.5,1BR,standard,False,AG05
U070490,7,8,31.9,1BR,standard,True,AG06
U070491,7,7,22.5,studio,city,True,AG01
U070492,7,6,32.8,1BR,city,False,AG06
U070493,7,1,21.7,studio,pool,False,AG06
U070494,7,3,32.7,1BR,standard,True,AG01
U070495,7,3,31.1,1BR,city,True,AG05
U070496,7,4,25.6,studio,standard,True,AG03
U070497,7,8,42.4,1BR Plus,standard,True,AG05
U070498,7,5,24.8,studio,city,True,AG06
U070499,7,5,24.6,studio,standard,True,AG01
U070500,7,3,23.1,studio,standard,True,AG03
U070501,7,5,26.4,studio,standard,False,AG02
U070502,7,7,34.1,1BR,city,False,AG02
U070503,7,4,30.9,1BR,city,True,AG01
U070504,7,8,25.7,studio,pool,True,AG05
U070505,7,4,21.5,studio,standard,False,AG04
U070506,7,8,34.0,1BR,standard,False,AG02
U070507,7,1,21.5,studio,standard,False,AG03
U070508,7,5,28.3,1BR,standard,True,AG05
U070509,7,8,30.8,1BR,city,True,AG04
U070510,7,5,26.2,studio,standard,False,AG04
U070511,7,1,23.8,studio,city,True,AG04
U070512,7,4,39.6,1BR Plus,standard,False,AG04
U070513,7,8,32.5,1BR,standard,False,AG03
U070514,7,7,22.8,studio,city,True,AG03
U070515,7,2,20.8,studio,city,True,AG05
U070516,7,4,24.1,studio,pool,False,AG04
U070517,7,6,22.9,studio,standard,True,AG03
U070518,7,2,41.4,1BR Plus,city,False,AG06
U070519,7,6,27.5,1BR,city,False,AG05
U070520,7,7,26.4,studio,standard,False,AG04
U070521,7,3,20.7,studio,standard,False,AG01
U070522,7,1,37.8,1BR Plus,city,True,AG06
U070523,7,5,46.9,1BR Plus,pool,True,AG02
U070524,7,8,34.6,1BR,pool,True,AG01
U070525,7,3,29.1,1BR,standard,True,AG04
U070526,7,5,24.8,studio,pool,True,AG02
U070527,7,6,25.8,studio,city,True,AG01
U070528,7,7,26.6,studio,standard,True,AG05
U070529,7,1,26.1,studio,standard,True,AG06
U070530,7,1,24.8,studio,standard,False,AG01
U070531,7,5,21.3,studio,standard,True,AG02
U070532,7,8,31.5,1BR,standard,True,AG01
U070533,7,7,28.2,1BR,standard,True,AG02
U070534,7,4,21.5,studio,pool,True,AG01
U070535,7,6,22.7,studio,city,True,AG02
U070536,7,5,23.8,studio,standard,True,AG01
U070537,7,2,33.1,1BR,city,True,AG01
U070538,7,3,33.3,1BR,standard,True,AG02
U070539,7,2,25.6,studio,city,True,AG02
U070540,7,8,21.4,studio,standard,True,AG06
U070541,7,6,26.5,studio,standard,True,AG03
U070542,7,8,38.4,1BR Plus,standard,True,AG05
U070543,7,5,22.5,studio,city,False,AG05
U070544,7,5,26.5,studio,standard,True,AG04
U070545,7,7,30.5,1BR,standard,True,AG06
U070546,7,4,22.4,studio,standard,True,AG03
U070547,7,6,43.2,1BR Plus,city,False,AG04
U070548,7,8,22.2,studio,standard,False,AG02
U070549,7,3,25.7,studio,standard,False,AG04
U070550,7,3,20.7,studio,pool,True,AG01
U070551,7,3,38.6,1BR Plus,standard,True,AG06
U070552,7,3,33.5,1BR,city,True,AG01
U070553,7,2,26.2,studio,standard,False,AG03
U070554,7,4,26.1,studio,pool,True,AG01
U070555,7,1,24.8,studio,city,True,AG01
U070556,7,8,25.3,studio,pool,True,AG01
U070557,7,4,22.4,studio,standard,True,AG06
U070558,7,6,21.5,studio,standard,True,AG04
U070559,7,6,23.6,studio,city,True,AG02
U070560,7,4,26.1,studio,standard,False,AG06
U070561,7,8,21.8,studio,standard,False,AG05
U070562,7,8,24.6,studio,standard,True,AG02
U070563,7,7,33.8,1BR,standard,True,AG05
U070564,7,7,24.9,studio,standard,True,AG03
U070565,7,2,25.3,studio,pool,True,AG06
U070566,7,2,31.2,1BR,standard,True,AG01
U070567,7,7,30.1,1BR,standard,True,AG06
U070568,7,6,24.8,studio,standard,True,AG03
U070569,7,2,35.8,1BR Plus,standard,True,AG01
U070570,7,4,21.7,studio,standard,False,AG03
U070571,7,7,26.5,studio,standard,True,AG02
U070572,7,5,24.1,studio,standard,True,AG01
U070573,7,5,22.2,studio,city,True,AG05
U070574,7,4,27.4,1BR,city,False,AG05
U070575,7,4,22.2,studio,pool,True,AG01
U070576,7,5,20.8,studio,pool,False,AG06
U070577,7,8,22.1,studio,standard,False,AG01
U070578,7,5,35.0,1BR,city,True,AG06
U070579,7,8,43.8,1BR Plus,standard,True,AG03
U070580,7,1,35.1,1BR,pool,True,AG01
U070581,7,3,31.9,1BR,standard,True,AG01
U070582,7,3,23.5,studio,city,True,AG06
U070583,7,5,29.8,1BR,standard,True,AG03
U070584,7,4,22.5,studio,city,True,AG01
U070585,7,6,25.8,studio,city,False,AG03
U070586,7,8,26.8,studio,standard,True,AG05
U070587,7,3,22.4,studio,pool,True,AG03
U070588,7,8,29.8,1BR,standard,True,AG03
U070589,7,2,23.4,studio,standard,True,AG02
U070590,7,6,24.6,studio,standard,False,AG03
U070591,7,6,26.2,studio,standard,True,AG02
U070592,7,1,22.6,studio,standard,True,AG04
U070593,7,5,21.7,studio,standard,False,AG06
U070594,7,1,29.4,1BR,standard,True,AG05
U070595,7,6,31.5,1BR,standard,True,AG02
U070596,7,4,24.3,studio,standard,False,AG06
U070597,7,1,24.5,studio,standard,True,AG01
U070598,7,7,27.1,1BR,standard,True,AG04
U070599,7,3,35.5,1BR Plus,city,True,AG04
U070600,7,1,22.1,studio,city,True,AG02
U070601,7,3,29.2,1BR,city,False,AG04
U070602,7,4,24.2,studio,city,True,AG06
U070603,7,7,24.3,studio,standard,True,AG03
U070604,7,2,27.1,1BR,standard,True,AG06
U070605,7,4,33.6,1BR,standard,True,AG05
U070606,7,4,34.3,1BR,standard,True,AG03
U070607,7,8,29.1,1BR,standard,True,AG05
U070608,7,7,25.8,studio,standard,True,AG06
U070609,7,3,21.0,studio,standard,True,AG06
U070610,7,6,21.3,studio,standard,True,AG01
U070611,7,6,26.7,studio,standard,True,AG05
U070612,7,5,33.3,1BR,pool,False,AG05
U070613,7,3,21.2,studio,standard,True,AG03
U070614,7,1,27.9,1BR,standard,False,AG05
U070615,7,7,24.9,studio,city,True,AG02
U070616,7,7,22.5,studio,standard,True,AG03
U070617,7,5,24.4,studio,city,True,AG01
U070618,7,6,27.5,1BR,standard,True,AG03
U070619,7,6,29.6,1BR,standard,False,AG06
U070620,7,7,26.9,studio,standard,False,AG06
U070621,7,8,27.6,1BR,city,True,AG02
U070622,7,1,23.7,studio,standard,True,AG04
U070623,7,4,23.0,studio,city,True,AG01
U070624,7,6,20.7,studio,standard,True,AG04
U070625,7,2,27.6,1BR,city,True,AG05
U070626,7,6,20.8,studio,standard,True,AG06
U070627,7,1,25.7,studio,standard,False,AG01
U070628,7,4,34.7,1BR,standard,True,AG04
U070629,7,4,24.5,studio,standard,True,AG03
U070630,7,1,40.9,1BR Plus,city,True,AG03
U070631,7,6,34.3,1BR,standard,True,AG01
U070632,7,4,28.3,1BR,standard,False,AG06
U070633,7,7,21.0,studio,city,True,AG01
U070634,7,2,23.3,studio,standard,True,AG03
U070635,7,7,35.0,1BR,standard,False,AG05
U070636,7,4,42.4,1BR Plus,city,True,AG03
U070637,7,1,23.1,studio,pool,True,AG03
U070638,7,2,23.9,studio,city,False,AG02
U070639,7,1,20.7,studio,pool,False,AG05
U070640,7,7,31.2,1BR,standard,True,AG04
U070641,7,5,21.2,studio,standard,False,AG06
U070642,7,6,35.5,1BR,city,True,AG03
U070643,7,4,35.0,1BR,standard,True,AG01
U070644,7,6,22.7,studio,standard,False,AG03
U070645,7,2,26.8,studio,standard,False,AG02
U070646,7,6,28.4,1BR,city,True,AG01
U070647,7,2,22.1,studio,standard,False,AG02
U070648,7,5,34.5,1BR,standard,True,AG03
U070649,7,4,32.1,1BR,standard,True,AG01
U070650,7,1,24.0,studio,standard,True,AG02
U070651,7,4,24.0,studio,standard,True,AG05
U070652,7,3,26.8,studio,standard,False,AG06
U070653,7,3,26.1,studio,standard,True,AG01
U070654,7,8,47.1,1BR Plus,standard,False,AG01
U070655,7,3,25.7,studio,pool,True,AG04
U070656,7,6,25.9,studio,city,True,AG03
U070657,7,8,25.1,studio,city,False,AG03
U070658,7,4,23.8,studio,standard,True,AG03
U070659,7,3,34.2,1BR,pool,True,AG01
U070660,7,4,21.5,studio,standard,False,AG04
U070661,7,4,25.8,studio,city,True,AG06
U070662,7,6,29.6,1BR,standard,True,AG06
U070663,7,8,27.0,studio,pool,True,AG06
U070664,7,6,22.5,studio,city,True,AG02
U070665,7,6,23.9,studio,city,True,AG05
U070666,7,7,24.2,studio,city,True,AG02
U070667,7,1,22.7,studio,standard,True,AG01
U070668,7,8,21.6,studio,standard,True,AG05
U070669,7,4,33.2,1BR,standard,True,AG02
U070670,7,8,22.0,studio,pool,True,AG01
U070671,7,4,26.1,studio,standard,True,AG01
U070672,7,5,23.2,studio,pool,True,AG02
U070673,7,7,45.9,1BR Plus,standard,True,AG03
U070674,7,3,21.0,studio,standard,True,AG03
U070675,7,1,32.6,1BR,standard,False,AG05
U070676,7,1,25.9,studio,standard,False,AG02
U070677,7,6,30.7,1BR,pool,False,AG03
U070678,7,4,23.4,studio,standard,True,AG02
U070679,7,5,21.6,studio,standard,False,AG04
U070680,7,2,22.5,studio,standard,True,AG01
U070681,7,2,34.0,1BR,city,True,AG06
U070682,7,3,35.4,1BR,standard,True,AG01
U070683,7,4,24.7,studio,standard,True,AG04
U070684,7,6,35.2,1BR,standard,False,AG02
U070685,7,5,31.3,1BR,standard,True,AG06
U070686,7,5,24.9,studio,standard,True,AG02
U070687,7,1,23.3,studio,standard,False,AG04
U070688,7,2,30.2,1BR,pool,True,AG02
U070689,7,7,24.2,studio,standard,False,AG04
U070690,7,6,27.3,1BR,standard,False,AG02
U070691,7,5,42.6,1BR Plus,city,True,AG06
U070692,7,4,43.6,1BR Plus,pool,True,AG02
U070693,7,5,23.3,studio,standard,True,AG01
U070694,7,2,21.0,studio,standard,False,AG05
U070695,7,2,33.7,1BR,city,True,AG01
U070696,7,6,24.3,studio,standard,True,AG05
U070697,7,2,25.1,studio,standard,False,AG04
U070698,7,2,24.9,studio,standard,True,AG01
U070699,7,2,22.2,studio,standard,False,AG05
U070700,7,8,20.8,studio,standard,False,AG04
U070701,7,7,36.5,1BR Plus,standard,True,AG05
U070702,7,7,23.8,studio,standard,True,AG01
U070703,7,8,35.1,1BR,standard,True,AG03
U070704,7,3,33.7,1BR,standard,True,AG03
U070705,7,8,25.0,studio,standard,True,AG04
U070706,7,6,23.5,studio,city,True,AG04
U070707,7,8,26.6,studio,standard,False,AG05
U070708,7,4,28.4,1BR,city,True,AG04
U070709,7,3,33.7,1BR,standard,True,AG01
U070710,7,7,29.5,1BR,pool,True,AG02
U070711,7,8,21.3,studio,standard,True,AG01
U070712,7,6,32.3,1BR,standard,False,AG06
U070713,7,8,21.2,studio,city,True,AG03
U070714,7,5,24.6,studio,standard,True,AG04
U070715,7,7,22.7,studio,standard,True,AG02
U070716,7,1,33.9,1BR,city,False,AG02
U070717,7,7,23.6,studio,standard,False,AG04
U070718,7,3,29.2,1BR,standard,True,AG01
U070719,7,1,22.8,studio,pool,False,AG04
U070720,7,7,32.4,1BR,city,True,AG06
U070721,7,6,23.8,studio,standard,True,AG03
U070722,7,6,25.9,studio,city,False,AG05
U070723,7,4,23.5,studio,city,True,AG05
U070724,7,8,22.6,studio,standard,True,AG04
U070725,7,7,33.4,1BR,standard,True,AG02
U070726,7,3,24.5,studio,standard,False,AG03
U070727,7,4,27.2,1BR,city,True,AG01
U070728,7,3,28.9,1BR,city,False,AG06
U070729,7,1,26.9,studio,pool,True,AG02
U070730,7,7,25.0,studio,city,True,AG03
U070731,7,2,22.9,studio,standard,True,AG05
U070732,7,8,34.3,1BR,standard,False,AG03
U070733,7,2,23.1,studio,standard,False,AG03
U070734,7,1,44.5,1BR Plus,standard,False,AG06
U070735,7,2,28.4,1BR,standard,True,AG04
U070736,7,8,31.9,1BR,standard,True,AG03
U070737,7,7,30.2,1BR,standard,True,AG03
U070738,7,2,26.2,studio,standard,True,AG05
U070739,7,5,21.2,studio,pool,True,AG01
U070740,7,6,23.1,studio,standard,True,AG02
U070741,7,5,21.8,studio,pool,False,AG02
U070742,7,3,22.6,studio,standard,True,AG06
U070743,7,3,26.2,studio,standard,False,AG02
U070744,7,8,43.3,1BR Plus,standard,True,AG02
U070745,7,7,20.9,studio,standard,True,AG02
U070746,7,5,31.3,1BR,city,True,AG06
U070747,7,2,32.7,1BR,standard,True,AG01
U070748,7,1,28.2,1BR,standard,True,AG03
U070749,7,3,28.5,1BR,standard,True,AG05
U070750,7,5,26.2,studio,city,True,AG05
U070751,7,3,34.5,1BR,standard,True,AG01
U070752,7,5,28.1,1BR,standard,True,AG03
U070753,7,5,23.4,studio,city,True,AG06
U070754,7,5,23.4,studio,city,True,AG04
U070755,7,6,22.4,studio,standard,True,AG05
U070756,7,1,30.3,1BR,city,False,AG03
U070757,7,5,23.6,studio,standard,False,AG04
U070758,7,7,29.5,1BR,standard,True,AG02
U070759,7,5,21.7,studio,standard,True,AG01
U070760,7,1,20.6,studio,pool,True,AG03
U070761,7,2,34.6,1BR,standard,False,AG06
U070762,7,2,22.9,studio,pool,True,AG01
U070763,7,7,21.9,studio,city,False,AG05
U070764,7,2,25.4,studio,city,True,AG05
U070765,7,2,26.8,studio,standard,True,AG01
U070766,7,2,21.6,studio,pool,True,AG01
U070767,7,2,35.5,1BR,standard,False,AG01
U070768,7,1,36.8,1BR Plus,standard,True,AG03
U070769,7,4,21.2,studio,standard,True,AG05
U070770,7,6,39.8,1BR Plus,standard,True,AG06
U070771,7,5,23.2,studio,city,True,AG06
U070772,7,1,24.7,studio,standard,True,AG04
U070773,7,8,20.6,studio,standard,True,AG06
U070774,7,3,21.0,studio,pool,False,AG06
U070775,7,8,31.5,1BR,pool,True,AG05
U070776,7,7,27.0,studio,standard,False,AG05
U070777,7,3,22.0,studio,pool,True,AG02
U070778,7,4,25.4,studio,pool,True,AG06
U070779,7,4,30.1,1BR,standard,True,AG05
U070780,7,7,23.4,studio,standard,True,AG01
U070781,7,1,34.5,1BR,standard,True,AG03
U070782,7,6,39.1,1BR Plus,standard,False,AG01
U070783,7,1,25.2,studio,standard,True,AG01
U070784,7,7,20.8,studio,standard,True,AG03
U070785,7,8,25.0,studio,standard,True,AG02
U070786,7,7,30.0,1BR,standard,True,AG04
U070787,7,4,23.5,studio,city,True,AG01
U070788,7,4,27.6,1BR,pool,False,AG03
U070789,7,7,24.8,studio,standard,True,AG04
U070790,7,3,33.9,1BR,standard,True,AG05
U070791,7,3,27.5,1BR,standard,True,AG05
U070792,7,7,23.0,studio,pool,True,AG04
U070793,7,5,22.5,studio,standard,False,AG01
U070794,7,7,26.2,studio,standard,False,AG03
U070795,7,8,21.9,studio,standard,True,AG01
U070796,7,5,24.7,studio,city,True,AG06
U070797,7,2,20.9,studio,standard,False,AG04
U070798,7,1,42.6,1BR Plus,city,False,AG03
U070799,7,1,31.0,1BR,standard,True,AG02
U070800,7,3,29.5,1BR,standard,False,AG01
U070801,7,1,25.7,studio,city,True,AG05
U070802,7,5,41.4,1BR Plus,city,True,AG01
U070803,7,5,23.4,studio,city,True,AG01
U070804,7,8,23.4,studio,city,True,AG06
U070805,7,5,22.9,studio,pool,True,AG06
U070806,7,7,33.6,1BR,pool,True,AG01
U070807,7,8,26.4,studio,pool,True,AG04
U070808,7,5,26.7,studio,standard,False,AG04
U070809,7,6,21.3,studio,city,True,AG04
U070810,7,2,24.0,studio,pool,True,AG02
U070811,7,5,41.4,1BR Plus,city,True,AG01
U070812,7,3,24.8,studio,standard,True,AG02
U070813,7,2,23.4,studio,standard,False,AG04
U070814,7,8,22.8,studio,standard,True,AG06
U070815,7,5,29.6,1BR,pool,True,AG01
U070816,7,1,26.7,studio,standard,True,AG05
U070817,7,2,23.7,studio,standard,False,AG01
U070818,7,6,25.5,studio,pool,True,AG02
U070819,7,3,23.7,studio,city,True,AG03
U070820,7,2,25.9,studio,pool,True,AG06
U070821,7,6,36.9,1BR Plus,city,True,AG05
U070822,7,1,32.1,1BR,standard,False,AG05
U070823,7,2,28.0,1BR,standard,True,AG03
U070824,7,6,23.0,studio,standard,True,AG05
U070825,7,5,21.2,studio,pool,True,AG01
U070826,7,4,36.2,1BR Plus,city,True,AG04
U070827,7,8,28.5,1BR,standard,True,AG04
U070828,7,7,22.8,studio,standard,True,AG06
U070829,7,4,21.6,studio,standard,True,AG02
U070830,7,1,25.3,studio,pool,True,AG03
U070831,7,3,23.0,studio,pool,True,AG06
U070832,7,1,32.8,1BR,pool,True,AG06
U070833,7,3,43.9,1BR Plus,pool,True,AG02
U070834,7,7,21.0,studio,city,True,AG01
U070835,7,5,29.5,1BR,standard,True,AG04
U070836,7,8,23.7,studio,city,True,AG05
U070837,7,7,21.0,studio,pool,True,AG03
U070838,7,5,24.4,studio,standard,True,AG02
U070839,7,5,22.0,studio,standard,True,AG05
U070840,7,7,42.3,1BR Plus,standard,False,AG01
U070841,7,7,21.7,studio,standard,True,AG01
U070842,7,2,25.6,studio,standard,True,AG04
U070843,7,1,31.9,1BR,standard,True,AG02
U070844,7,5,37.6,1BR Plus,city,True,AG06
U070845,7,1,31.0,1BR,standard,True,AG03
U070846,7,4,22.6,studio,standard,True,AG01
U070847,7,6,21.2,studio,standard,True,AG05
U070848,7,4,22.9,studio,standard,True,AG03
U070849,7,6,35.0,1BR,pool,True,AG03
U070850,7,4,27.6,1BR,standard,True,AG02
U070851,7,4,25.7,studio,city,True,AG01
U070852,7,1,25.2,studio,standard,True,AG03
U070853,7,8,22.1,studio,standard,True,AG06
U070854,7,4,33.5,1BR,standard,True,AG05
U070855,7,2,25.5,studio,standard,True,AG02
U070856,7,6,20.7,studio,standard,True,AG02
U070857,7,6,35.3,1BR,pool,True,AG05
U070858,7,4,24.1,studio,city,True,AG01
U070859,7,4,25.1,studio,standard,True,AG05
U070860,7,8,43.2,1BR Plus,standard,True,AG01
U070861,7,1,24.0,studio,city,True,AG02
U070862,7,5,27.3,1BR,city,False,AG06
U070863,7,4,29.4,1BR,city,False,AG05
U070864,7,3,26.7,studio,city,True,AG02
U070865,7,3,24.3,studio,standard,True,AG05
U070866,7,3,20.7,studio,standard,False,AG04
U070867,7,6,21.1,studio,pool,True,AG06
U070868,7,4,31.2,1BR,standard,False,AG06
U070869,7,3,26.3,studio,standard,True,AG04
U070870,7,8,23.3,studio,standard,True,AG03
U070871,7,8,23.7,studio,standard,True,AG04
U070872,7,3,25.8,studio,standard,True,AG05
U070873,7,4,23.9,studio,standard,True,AG05
U070874,7,5,20.8,studio,standard,True,AG03
U070875,7,4,21.8,studio,city,False,AG04
U070876,7,3,25.2,studio,standard,True,AG06
U070877,7,2,32.7,1BR,standard,True,AG05
U070878,7,2,43.7,1BR Plus,city,True,AG03
U070879,7,2,32.7,1BR,pool,False,AG02
U070880,7,4,31.8,1BR,standard,True,AG02
U070881,7,8,35.2,1BR,standard,True,AG01
U070882,7,3,22.7,studio,standard,False,AG04
U070883,7,4,34.7,1BR,pool,False,AG06
U070884,7,7,30.8,1BR,standard,False,AG03
U070885,7,1,22.4,studio,standard,False,AG06
U070886,7,3,22.9,studio,city,True,AG02
U070887,7,5,25.0,studio,city,True,AG06
U070888,7,4,33.7,1BR,standard,True,AG03
U070889,7,2,25.3,studio,standard,False,AG02
U070890,7,1,22.0,studio,city,True,AG01
U070891,7,5,23.9,studio,city,True,AG01
U070892,7,1,23.2,studio,city,True,AG05
U070893,7,5,39.7,1BR Plus,pool,True,AG03
U070894,7,5,22.1,studio,standard,True,AG01
U070895,7,6,35.2,1BR,city,True,AG02
U070896,7,3,30.4,1BR,city,True,AG04
U070897,7,4,23.4,studio,standard,True,AG06
U070898,7,2,26.7,studio,standard,False,AG06
U070899,7,8,23.1,studio,city,True,AG04
U070900,7,5,23.9,studio,city,True,AG02
U070901,7,3,32.7,1BR,standard,True,AG06
U070902,7,4,20.8,studio,standard,True,AG01
U070903,7,8,28.9,1BR,standard,False,AG04
U070904,7,5,21.1,studio,standard,True,AG05
U070905,7,8,24.9,studio,standard,False,AG04
U070906,7,3,27.6,1BR,standard,False,AG04
U070907,7,5,22.7,studio,standard,False,AG03
U070908,7,2,22.0,studio,pool,True,AG06
U070909,7,3,30.3,1BR,standard,True,AG02
U070910,7,1,26.9,studio,city,True,AG01
U070911,7,3,23.9,studio,standard,True,AG01
U070912,7,6,24.4,studio,pool,False,AG05
U070913,7,3,24.6,studio,city,False,AG05
U070914,7,2,23.1,studio,standard,True,AG01
U070915,7,8,26.3,studio,standard,True,AG02
U070916,7,6,40.4,1BR Plus,city,True,AG06
U070917,7,6,26.8,studio,standard,False,AG05
U070918,7,4,21.5,studio,standard,False,AG03
U070919,7,5,26.5,studio,pool,True,AG06
U070920,7,1,26.2,studio,standard,True,AG06
U070921,7,2,30.0,1BR,standard,True,AG05
U070922,7,7,32.2,1BR,standard,True,AG06
U070923,7,8,23.0,studio,standard,True,AG04
U070924,7,6,22.0,studio,city,True,AG04
U070925,7,6,24.0,studio,pool,True,AG03
U070926,7,3,39.8,1BR Plus,city,True,AG03
U070927,7,5,21.3,studio,standard,False,AG02
U070928,7,4,42.0,1BR Plus,city,True,AG01
U070929,7,1,46.6,1BR Plus,standard,True,AG03
U070930,7,1,25.4,studio,city,True,AG01
U070931,7,6,21.0,studio,city,False,AG05
U070932,7,8,24.6,studio,standard,True,AG05
U070933,7,7,30.4,1BR,standard,True,AG06
U070934,7,4,28.8,1BR,standard,True,AG02
U070935,7,3,24.5,studio,standard,False,AG04
U070936,7,3,24.9,studio,standard,True,AG03
U070937,7,2,26.8,studio,standard,True,AG06
U070938,7,3,25.2,studio,standard,True,AG03
U070939,7,1,23.7,studio,standard,False,AG01
U070940,7,4,22.2,studio,standard,True,AG06
U070941,7,1,25.7,studio,standard,True,AG05
U070942,7,4,22.9,studio,city,True,AG03
U070943,7,6,24.0,studio,standard,True,AG01
U070944,7,8,39.9,1BR Plus,pool,True,AG04
U070945,7,2,26.6,studio,standard,True,AG01
U070946,7,5,22.0,studio,pool,True,AG05
U070947,7,2,29.1,1BR,standard,True,AG05
U070948,7,5,31.9,1BR,standard,True,AG05
U070949,7,7,25.5,studio,standard,True,AG06
U070950,7,1,23.3,studio,city,True,AG05
U070951,7,1,31.9,1BR,pool,True,AG04
U070952,7,7,34.4,1BR,standard,True,AG06
U070953,7,4,32.6,1BR,city,True,AG01
U070954,7,8,24.8,studio,pool,True,AG01
U070955,7,3,22.2,studio,standard,False,AG02
U070956,7,6,25.2,studio,pool,True,AG04
U070957,7,4,25.2,studio,city,True,AG05
U070958,7,7,31.1,1BR,standard,True,AG03
U070959,7,6,23.3,studio,standard,True,AG06
U070960,7,6,45.1,1BR Plus,city,False,AG01
U070961,7,7,24.5,studio,standard,True,AG05
U070962,7,5,24.4,studio,standard,True,AG06
U070963,7,6,23.3,studio,pool,True,AG03
U070964,7,6,23.1,studio,city,False,AG01
U070965,7,7,34.4,1BR,city,True,AG04
U070966,7,5,25.7,studio,standard,True,AG05
U070967,7,6,22.9,studio,standard,True,AG03
U070968,7,4,31.1,1BR,pool,True,AG04
U070969,7,2,45.5,1BR Plus,standard,True,AG01
U070970,7,7,26.2,studio,standard,True,AG02
U070971,7,5,25.2,studio,standard,False,AG05
U070972,7,6,29.6,1BR,standard,False,AG06
U070973,7,2,24.1,studio,pool,False,AG01
U070974,7,4,27.4,1BR,standard,True,AG02
U070975,7,2,23.0,studio,standard,True,AG02
U070976,7,3,38.2,1BR Plus,city,True,AG01
U070977,7,2,21.7,studio,standard,True,AG06
U070978,7,5,26.4,studio,city,True,AG05
U070979,7,4,34.6,1BR,city,False,AG05
U070980,7,3,22.7,studio,standard,True,AG03
U070981,7,1,29.8,1BR,standard,False,AG06
U070982,7,6,21.2,studio,pool,True,AG02
U070983,7,6,33.7,1BR,standard,True,AG06
U070984,7,5,45.7,1BR Plus,standard,True,AG04
U070985,7,3,23.4,studio,city,True,AG03
U070986,7,5,24.8,studio,pool,True,AG05
U070987,7,7,23.5,studio,standard,False,AG05
U070988,7,3,33.6,1BR,city,True,AG01
U070989,7,8,28.9,1BR,standard,False,AG01
U070990,7,1,36.7,1BR Plus,standard,True,AG02
U070991,7,8,24.7,studio,standard,True,AG05
U070992,7,4,26.1,studio,pool,False,AG02
U070993,7,4,26.8,studio,pool,True,AG02
U070994,7,1,41.0,1BR Plus,standard,True,AG05
U070995,7,4,35.1,1BR,city,True,AG01
U070996,7,3,20.7,studio,standard,False,AG06
U070997,7,5,36.8,1BR Plus,standard,True,AG01
U070998,7,4,26.0,studio,standard,False,AG02
U070999,7,5,24.3,studio,city,False,AG02
U071000,7,7,26.9,studio,standard,False,AG06
U071001,7,5,26.8,studio,standard,False,AG03
U071002,7,4,23.9,studio,standard,True,AG06
U071003,7,8,22.1,studio,standard,True,AG02
U071004,7,6,32.8,1BR,city,True,AG01
U071005,7,6,22.5,studio,city,False,AG02
U071006,7,2,25.9,studio,standard,True,AG06
U071007,7,1,26.8,studio,standard,False,AG04
U071008,7,7,25.6,studio,city,True,AG03
U071009,7,1,22.6,studio,standard,True,AG04
U071010,7,6,24.6,studio,standard,True,AG04
U071011,7,6,22.8,studio,standard,True,AG04
U071012,7,3,27.1,1BR,standard,True,AG02
U071013,7,5,24.6,studio,city,True,AG06
U071014,7,1,29.7,1BR,standard,True,AG06
U071015,7,2,25.1,studio,pool,True,AG05
U071016,7,7,23.6,studio,city,True,AG05
U071017,7,3,32.1,1BR,city,True,AG05
U071018,7,2,26.1,studio,city,True,AG01
U071019,7,4,26.2,studio,standard,False,AG04
U071020,7,2,41.5,1BR Plus,standard,True,AG03
U071021,7,6,25.6,studio,pool,True,AG05
U071022,7,1,33.7,1BR,standard,True,AG03
U071023,7,1,26.2,studio,standard,True,AG03
U071024,7,2,29.0,1BR,standard,True,AG04
U071025,7,8,21.3,studio,standard,True,AG03
U071026,7,7,30.4,1BR,standard,True,AG03
U071027,7,5,22.2,studio,standard,True,AG03
U071028,7,2,23.8,studio,standard,False,AG01
U071029,7,5,32.2,1BR,city,True,AG04
U071030,7,1,25.9,studio,standard,True,AG02
U071031,7,4,29.3,1BR,standard,True,AG06
U071032,7,7,28.5,1BR,standard,True,AG05
U071033,7,7,21.4,studio,city,True,AG04
U071034,7,7,29.9,1BR,standard,True,AG06
U071035,7,8,24.6,studio,city,True,AG06
U071036,7,3,37.3,1BR Plus,standard,False,AG01
U071037,7,5,26.5,studio,city,True,AG03
U071038,7,7,33.3,1BR,city,True,AG06
U071039,7,8,24.7,studio,city,False,AG04
U071040,7,3,46.5,1BR Plus,standard,True,AG02
U071041,7,4,24.8,studio,standard,True,AG03
U071042,7,3,46.6,1BR Plus,standard,True,AG01
U071043,7,5,26.2,studio,standard,True,AG02
U071044,7,1,33.2,1BR,city,True,AG03
U071045,7,1,23.5,studio,pool,True,AG04
U071046,7,5,23.5,studio,standard,True,AG02
U071047,7,4,25.9,studio,city,True,AG06
U071048,7,7,26.8,studio,city,False,AG03
U071049,7,8,25.5,studio,standard,True,AG01
U071050,7,1,27.6,1BR,standard,True,AG01
U071051,7,5,25.6,studio,standard,True,AG02
U071052,7,2,23.4,studio,standard,True,AG03
U071053,7,3,24.1,studio,city,False,AG01
U071054,7,4,22.2,studio,standard,False,AG03
U071055,7,6,22.2,studio,city,True,AG02
U071056,7,1,26.6,studio,standard,True,AG02
U071057,7,2,20.6,studio,city,False,AG02
U071058,7,7,27.7,1BR,standard,True,AG06
U071059,7,1,21.8,studio,city,True,AG05
U071060,7,4,25.2,studio,city,True,AG01
U071061,7,5,41.3,1BR Plus,standard,True,AG02
U071062,7,7,41.2,1BR Plus,standard,True,AG03
U071063,7,6,27.2,1BR,standard,True,AG05
U071064,7,5,23.7,studio,standard,True,AG05
U071065,7,2,32.9,1BR,city,True,AG06
U071066,7,5,29.0,1BR,standard,True,AG04
U071067,7,3,21.3,studio,pool,False,AG06
U071068,7,4,46.1,1BR Plus,pool,True,AG06
U071069,7,6,22.8,studio,pool,True,AG01
U071070,7,2,22.6,studio,city,True,AG02
U071071,7,4,25.6,studio,city,False,AG04
U071072,7,6,38.5,1BR Plus,standard,True,AG03
U071073,7,4,22.5,studio,standard,True,AG03
U071074,7,1,23.9,studio,pool,True,AG03
U071075,7,3,33.3,1BR,standard,True,AG03
U071076,7,3,29.4,1BR,standard,True,AG01
U071077,7,2,27.2,1BR,standard,True,AG04
U071078,7,8,25.3,studio,standard,True,AG01
U071079,7,7,21.9,studio,city,False,AG01
U071080,7,1,26.7,studio,standard,False,AG02
U071081,7,6,23.1,studio,standard,True,AG02
U071082,7,5,26.8,studio,city,True,AG06
U071083,7,2,22.1,studio,standard,True,AG02
U071084,7,4,26.3,studio,standard,True,AG02
U071085,7,5,26.8,studio,standard,False,AG01
U071086,7,6,26.5,studio,city,False,AG05
U071087,7,3,23.3,studio,standard,True,AG03
U071088,7,7,30.5,1BR,standard,True,AG06
U071089,7,7,21.6,studio,standard,True,AG01
U071090,7,3,44.0,1BR Plus,city,True,AG02
U071091,7,8,42.3,1BR Plus,standard,True,AG02
U071092,7,2,23.1,studio,city,True,AG01
U071093,7,8,23.3,studio,standard,False,AG04
U071094,7,4,23.7,studio,standard,True,AG04
U071095,7,5,29.1,1BR,city,False,AG02
U071096,7,2,34.4,1BR,city,True,AG05
U071097,7,6,30.0,1BR,city,True,AG06
U071098,7,8,24.1,studio,standard,False,AG04
U071099,7,8,22.6,studio,standard,False,AG04
U071100,7,4,22.8,studio,standard,False,AG05
U071101,7,5,42.5,1BR Plus,city,True,AG01
U071102,7,6,20.8,studio,standard,True,AG02
U071103,7,5,39.9,1BR Plus,pool,True,AG04
U071104,7,4,23.2,studio,standard,True,AG02
U071105,7,4,31.3,1BR,city,True,AG05
U071106,7,7,23.3,studio,city,True,AG01
U071107,7,6,41.4,1BR Plus,pool,True,AG04
U071108,7,2,27.5,1BR,standard,True,AG05
U071109,7,7,25.9,studio,standard,True,AG02
U071110,7,2,34.8,1BR,pool,True,AG05
U071111,7,5,44.7,1BR Plus,standard,True,AG03
U071112,7,5,23.8,studio,standard,True,AG03
U071113,7,5,21.2,studio,standard,False,AG01
U071114,7,4,22.2,studio,standard,True,AG06
U071115,7,7,25.3,studio,standard,True,AG03
U071116,7,5,33.5,1BR,standard,True,AG04
U071117,7,7,24.3,studio,city,True,AG05
U071118,7,1,22.3,studio,standard,True,AG03
U071119,7,7,22.4,studio,pool,True,AG06
U071120,7,6,29.0,1BR,standard,True,AG01
U071121,7,3,31.3,1BR,standard,False,AG06
U071122,7,5,31.3,1BR,standard,True,AG02
U071123,7,1,25.9,studio,standard,True,AG02
U071124,7,8,22.4,studio,standard,False,AG03
U071125,7,6,25.0,studio,standard,False,AG06
U071126,7,8,34.0,1BR,standard,True,AG04
U071127,7,5,26.3,studio,city,True,AG01
U071128,7,5,29.0,1BR,pool,True,AG06
U071129,7,2,33.5,1BR,standard,False,AG02
U071130,7,4,26.3,studio,standard,True,AG06
U071131,7,5,33.8,1BR,city,True,AG02
U071132,7,5,22.8,studio,standard,False,AG03
U071133,7,7,26.7,studio,pool,True,AG02
U071134,7,6,26.5,studio,pool,True,AG04
U071135,7,5,23.3,studio,standard,True,AG01
U071136,7,8,29.1,1BR,standard,True,AG02
U071137,7,6,24.7,studio,standard,True,AG05
U071138,7,7,25.7,studio,standard,False,AG05
U071139,7,7,37.6,1BR Plus,standard,False,AG01
U071140,7,2,33.9,1BR,city,True,AG05
U071141,7,7,35.2,1BR,standard,False,AG03
U071142,7,1,35.1,1BR,standard,True,AG06
U071143,7,3,20.9,studio,standard,False,AG02
U071144,7,3,26.4,studio,city,True,AG03
U071145,7,2,32.8,1BR,standard,True,AG06
U071146,7,5,31.9,1BR,city,False,AG02
U071147,7,8,23.4,studio,standard,True,AG01
U071148,7,1,24.6,studio,standard,True,AG03
U071149,7,7,23.4,studio,city,True,AG04
U071150,7,6,31.0,1BR,standard,False,AG06
U071151,7,4,28.6,1BR,standard,True,AG04
U071152,7,8,22.8,studio,city,True,AG05
U071153,7,8,27.0,studio,city,False,AG04
U071154,7,6,21.3,studio,standard,False,AG03
U071155,7,2,25.0,studio,pool,True,AG02
U071156,7,8,28.9,1BR,standard,False,AG05
U071157,7,5,24.6,studio,standard,True,AG02
U071158,7,3,40.7,1BR Plus,standard,True,AG02
U071159,7,6,20.7,studio,standard,True,AG03
U071160,7,3,21.1,studio,standard,True,AG06
U071161,7,7,34.0,1BR,city,True,AG03
U071162,7,8,29.7,1BR,pool,False,AG05
U071163,7,4,21.2,studio,pool,False,AG06
U071164,7,8,23.8,studio,standard,True,AG03
U071165,7,5,30.2,1BR,pool,True,AG01
U071166,7,4,35.3,1BR,standard,True,AG04
U071167,7,1,45.8,1BR Plus,standard,False,AG01
U071168,7,6,27.8,1BR,standard,True,AG06
U071169,7,4,33.6,1BR,standard,True,AG01
U071170,7,3,23.8,studio,standard,True,AG06
U071171,7,8,25.7,studio,pool,True,AG02
U071172,7,6,38.1,1BR Plus,city,True,AG03
U071173,7,6,32.6,1BR,pool,True,AG01
U071174,7,1,40.4,1BR Plus,standard,True,AG04
U071175,7,4,32.8,1BR,standard,True,AG05
U071176,7,8,22.0,studio,standard,True,AG05
U071177,7,5,30.4,1BR,standard,False,AG05
U071178,7,5,35.4,1BR,standard,True,AG04
U071179,7,8,22.7,studio,standard,False,AG04
U071180,7,7,25.1,studio,pool,True,AG02
U071181,7,8,35.4,1BR,standard,True,AG04
U071182,7,2,23.3,studio,pool,True,AG06
U071183,7,5,21.8,studio,standard,True,AG01
U071184,7,3,34.6,1BR,standard,True,AG02
U071185,7,5,22.8,studio,standard,True,AG06
U071186,7,6,21.3,studio,standard,True,AG01
U071187,7,8,21.0,studio,standard,True,AG01
U071188,7,5,21.6,studio,standard,True,AG01
U071189,7,5,26.4,studio,standard,False,AG05
U071190,7,5,35.2,1BR,pool,True,AG04
U071191,7,5,33.7,1BR,city,True,AG02
U071192,7,3,24.0,studio,pool,True,AG03
U071193,7,1,23.7,studio,standard,True,AG02
U071194,7,4,24.2,studio,standard,True,AG05
U071195,7,7,34.8,1BR,city,False,AG06
U071196,7,5,28.6,1BR,city,True,AG06
U071197,7,6,21.5,studio,standard,True,AG02
U071198,7,8,32.2,1BR,city,True,AG02
U071199,7,3,20.8,studio,standard,True,AG01
U071200,7,4,28.2,1BR,standard,True,AG03
U071201,7,2,27.7,1BR,pool,True,AG01
U071202,7,3,23.0,studio,standard,True,AG04
U071203,7,4,21.3,studio,city,True,AG04
U071204,7,8,25.3,studio,city,False,AG04
U071205,7,4,32.1,1BR,city,True,AG01
U071206,7,2,30.5,1BR,standard,True,AG03
U071207,7,8,21.5,studio,standard,True,AG01
U071208,7,4,21.8,studio,city,True,AG01
U071209,7,5,24.7,studio,standard,True,AG05
U071210,7,2,25.9,studio,standard,False,AG05
U071211,7,8,34.6,1BR,city,True,AG04
U071212,7,2,42.7,1BR Plus,standard,True,AG01
U071213,7,1,21.1,studio,city,True,AG03
U071214,7,3,44.2,1BR Plus,standard,True,AG04
U071215,7,5,34.2,1BR,standard,False,AG01
U071216,7,2,25.1,studio,pool,True,AG03
U071217,7,2,23.7,studio,pool,True,AG02
U071218,7,7,34.6,1BR,standard,True,AG01
U071219,7,4,36.7,1BR Plus,standard,False,AG02
U071220,7,4,29.3,1BR,standard,True,AG05
U071221,7,7,20.9,studio,standard,True,AG04
U071222,7,4,30.5,1BR,pool,True,AG04
U071223,7,5,21.6,studio,pool,True,AG05
U071224,7,6,25.7,studio,standard,True,AG01
U071225,7,4,26.8,studio,standard,True,AG06
U071226,7,8,24.8,studio,pool,True,AG04
U071227,7,7,31.3,1BR,city,True,AG01
U071228,7,8,26.0,studio,standard,False,AG02
U071229,7,1,24.0,studio,city,True,AG02
U071230,7,8,24.5,studio,standard,False,AG04
U071231,7,5,28.2,1BR,standard,True,AG04
U071232,7,4,24.4,studio,city,True,AG03
U071233,7,7,26.0,studio,pool,True,AG01
U071234,7,2,24.6,studio,city,True,AG02
U071235,7,1,32.8,1BR,city,True,AG06
U071236,7,1,27.5,1BR,city,True,AG02
U071237,7,7,36.8,1BR Plus,standard,False,AG01
U071238,7,6,23.4,studio,standard,True,AG01
U071239,7,2,44.1,1BR Plus,city,True,AG03
U071240,7,3,23.9,studio,city,True,AG05
U071241,7,5,25.6,studio,city,True,AG01
U071242,7,2,29.8,1BR,standard,True,AG05
U071243,7,4,38.9,1BR Plus,standard,False,AG02
U071244,7,5,35.3,1BR,pool,True,AG01
U071245,7,2,22.5,studio,standard,True,AG03
U071246,7,3,28.2,1BR,standard,True,AG02
U071247,7,6,29.9,1BR,standard,True,AG02
U071248,7,5,31.9,1BR,standard,False,AG02
U071249,7,6,36.7,1BR Plus,pool,True,AG03
U071250,7,4,41.3,1BR Plus,city,True,AG06
U071251,7,4,24.7,studio,standard,True,AG01
U071252,7,4,30.2,1BR,city,True,AG04
U071253,7,4,30.3,1BR,standard,True,AG03
U071254,7,8,40.3,1BR Plus,standard,False,AG04
U071255,7,8,35.2,1BR,standard,True,AG01
U071256,7,7,21.9,studio,standard,True,AG06
U071257,7,7,30.1,1BR,pool,True,AG03
U071258,7,5,29.5,1BR,standard,False,AG01
U071259,7,6,21.9,studio,city,True,AG01
U071260,7,1,22.5,studio,standard,True,AG06
U071261,7,7,30.3,1BR,city,True,AG02
U071262,7,6,20.8,studio,standard,True,AG01
U071263,7,2,45.7,1BR Plus,standard,True,AG02
U071264,7,5,42.3,1BR Plus,standard,True,AG05
U071265,7,4,24.4,studio,standard,True,AG04
U071266,7,3,26.1,studio,standard,True,AG05
U071267,7,2,23.8,studio,standard,True,AG01
U071268,7,6,35.4,1BR,standard,True,AG02
U071269,7,4,23.0,studio,city,True,AG01
U071270,7,3,24.8,studio,city,True,AG01
U071271,7,1,34.7,1BR,standard,True,AG02
U071272,7,7,22.6,studio,city,True,AG01
U071273,7,3,44.4,1BR Plus,pool,True,AG01
U071274,7,7,24.2,studio,city,True,AG03
U071275,7,1,23.5,studio,pool,True,AG05
U071276,7,1,32.7,1BR,city,True,AG06
U071277,7,4,24.3,studio,standard,False,AG03
U071278,7,1,25.4,studio,standard,True,AG01
U071279,7,2,21.6,studio,standard,True,AG03
U071280,7,3,24.4,studio,standard,True,AG02
U071281,7,2,34.1,1BR,standard,True,AG05
U071282,7,7,21.7,studio,standard,True,AG04
U071283,7,6,23.1,studio,standard,False,AG06
U071284,7,2,22.9,studio,city,True,AG05
U071285,7,3,25.5,studio,standard,True,AG02
U071286,7,4,38.9,1BR Plus,standard,True,AG03
U071287,7,1,24.5,studio,standard,True,AG03
U071288,7,4,27.5,1BR,standard,False,AG06
U071289,7,2,29.3,1BR,standard,True,AG01
U071290,7,8,26.6,studio,pool,False,AG01
U071291,7,7,43.7,1BR Plus,city,True,AG06
U071292,7,2,30.0,1BR,standard,True,AG04
U071293,7,2,22.5,studio,pool,False,AG02
U071294,7,3,34.3,1BR,standard,True,AG03
U071295,7,1,25.0,studio,standard,True,AG03
U071296,7,2,25.1,studio,pool,True,AG06
U071297,7,6,20.8,studio,standard,True,AG02
U071298,7,3,26.3,studio,standard,True,AG06
U071299,7,4,32.9,1BR,city,True,AG02
U071300,7,7,34.1,1BR,standard,True,AG05
U071301,7,4,30.6,1BR,city,True,AG01
U071302,7,8,25.7,studio,standard,True,AG01
U071303,7,1,34.1,1BR,city,True,AG05
U071304,7,4,26.6,studio,city,True,AG05
U071305,7,8,25.1,studio,city,True,AG04
U071306,7,6,23.7,studio,standard,True,AG03
U071307,7,4,26.1,studio,city,True,AG04
U071308,7,4,41.4,1BR Plus,pool,True,AG02
U071309,7,4,46.7,1BR Plus,city,True,AG06
U071310,7,5,21.9,studio,standard,False,AG06
U071311,7,4,27.6,1BR,standard,True,AG05
U071312,7,1,29.7,1BR,city,True,AG05
U071313,7,6,37.2,1BR Plus,standard,True,AG02
U071314,7,2,27.7,1BR,standard,True,AG05
U071315,7,5,37.5,1BR Plus,standard,False,AG05
U071316,7,4,21.6,studio,standard,True,AG06
U071317,7,2,30.1,1BR,pool,True,AG01
U071318,7,1,24.1,studio,standard,True,AG03
U071319,7,1,27.5,1BR,standard,True,AG05
U071320,7,3,32.4,1BR,standard,True,AG06
U071321,7,5,20.7,studio,standard,True,AG04
U071322,7,5,27.8,1BR,standard,True,AG03
U071323,7,8,24.8,studio,standard,True,AG02
U071324,7,3,23.2,studio,standard,True,AG01
U071325,7,3,29.5,1BR,standard,True,AG03
U071326,7,3,23.3,studio,standard,True,AG02
U071327,7,1,27.2,1BR,standard,False,AG01
U071328,7,2,24.5,studio,standard,True,AG03
U071329,7,5,28.4,1BR,city,False,AG04
U071330,7,1,31.2,1BR,standard,True,AG02
U071331,7,6,29.0,1BR,pool,True,AG04
U071332,7,2,24.5,studio,city,False,AG05
U071333,7,3,22.1,studio,city,True,AG01
U071334,7,6,27.0,studio,standard,False,AG05
U071335,7,4,21.0,studio,standard,True,AG06
U071336,7,4,21.8,studio,city,False,AG04
U071337,7,3,25.5,studio,city,True,AG05
U071338,7,7,30.4,1BR,standard,True,AG04
U071339,7,6,21.8,studio,standard,True,AG01
U071340,7,1,28.9,1BR,standard,True,AG03
U071341,7,7,36.0,1BR Plus,city,True,AG04
U071342,7,4,21.6,studio,city,True,AG03
U071343,7,8,34.8,1BR,city,False,AG04
U071344,7,3,28.2,1BR,city,True,AG05
U071345,7,8,23.7,studio,standard,True,AG05
U071346,7,4,34.2,1BR,city,True,AG03
U071347,7,1,30.3,1BR,city,True,AG03
U071348,7,5,25.9,studio,pool,True,AG04
U071349,7,3,26.5,studio,standard,False,AG02
U071350,7,5,32.9,1BR,standard,False,AG02
U071351,7,8,24.9,studio,pool,True,AG03
U071352,7,8,44.6,1BR Plus,standard,False,AG01
U071353,7,8,29.7,1BR,standard,True,AG04
U071354,7,8,25.3,studio,standard,False,AG05
U071355,7,8,21.2,studio,pool,False,AG06
U071356,7,5,32.5,1BR,city,True,AG06
U071357,7,8,31.2,1BR,standard,True,AG06
U071358,7,7,21.7,studio,standard,False,AG02
U071359,7,3,27.7,1BR,standard,False,AG01
U071360,7,2,32.6,1BR,standard,False,AG03
U071361,7,5,20.9,studio,pool,True,AG04
U071362,7,6,26.5,studio,standard,True,AG02
U071363,7,6,39.9,1BR Plus,pool,True,AG05
U071364,7,4,24.3,studio,city,False,AG05
U071365,7,6,22.6,studio,pool,False,AG05
U071366,7,8,43.2,1BR Plus,standard,True,AG03
U071367,7,5,24.1,studio,standard,True,AG06
U071368,7,2,38.7,1BR Plus,city,True,AG04
U071369,7,3,25.3,studio,standard,True,AG04
U071370,7,3,30.9,1BR,pool,False,AG01
U071371,7,2,21.7,studio,city,True,AG02
U071372,7,4,30.5,1BR,pool,True,AG02
U071373,7,7,30.3,1BR,pool,True,AG05
U071374,7,5,28.3,1BR,city,True,AG02
U071375,7,4,23.3,studio,standard,False,AG03
U071376,7,5,22.0,studio,standard,True,AG01
U071377,7,3,22.6,studio,city,True,AG04
U071378,7,1,31.8,1BR,city,True,AG04
U071379,7,5,33.8,1BR,city,False,AG06
U071380,7,3,21.6,studio,pool,True,AG06
U071381,7,5,23.8,studio,pool,True,AG02
U071382,7,4,35.5,1BR,standard,True,AG01
U071383,7,6,23.5,studio,standard,True,AG01
U071384,7,5,25.1,studio,city,True,AG01
U071385,7,5,29.7,1BR,standard,True,AG04
U071386,7,5,25.2,studio,standard,True,AG02
U071387,7,2,25.8,studio,standard,True,AG01
U071388,7,3,21.7,studio,standard,True,AG05
U071389,7,6,36.3,1BR Plus,standard,True,AG01
U071390,7,5,25.2,studio,standard,True,AG05
U071391,7,3,22.8,studio,city,True,AG04
U071392,7,5,21.6,studio,standard,True,AG02
U071393,7,2,21.6,studio,standard,True,AG04
U071394,7,8,29.7,1BR,city,True,AG06
U071395,7,8,25.2,studio,city,True,AG04
U071396,7,1,42.1,1BR Plus,standard,True,AG05
U071397,7,3,38.6,1BR Plus,city,True,AG02
U071398,7,4,30.1,1BR,pool,False,AG06
U071399,7,4,26.0,studio,city,True,AG03
U071400,7,7,26.7,studio,standard,True,AG02
U071401,7,1,20.7,studio,city,True,AG02
U071402,7,5,21.9,studio,standard,False,AG05
U071403,7,4,31.6,1BR,city,True,AG06
U071404,7,5,22.9,studio,pool,True,AG05
U071405,7,5,27.3,1BR,standard,True,AG04
U071406,7,2,33.6,1BR,standard,False,AG06
U071407,7,6,21.1,studio,standard,True,AG06
U071408,7,1,22.9,studio,standard,True,AG06
U071409,7,6,30.2,1BR,city,True,AG01
U071410,7,1,28.3,1BR,standard,True,AG05
U071411,7,2,22.6,studio,city,True,AG02
U071412,7,1,43.2,1BR Plus,city,True,AG03
U071413,7,7,25.7,studio,pool,True,AG01
U071414,7,1,22.6,studio,standard,True,AG02
U071415,7,6,23.2,studio,standard,True,AG02
U071416,7,8,24.7,studio,standard,False,AG01
U071417,7,5,25.3,studio,city,True,AG03
U071418,7,6,21.1,studio,standard,False,AG02
U071419,7,3,20.7,studio,standard,False,AG02
U071420,7,6,25.0,studio,standard,True,AG05
U071421,7,6,32.2,1BR,standard,True,AG05
U071422,7,4,44.6,1BR Plus,city,True,AG06
U080000,8,5,23.5,studio,standard,True,AG05
U080001,8,7,34.6,1BR,city,True,AG03
U080002,8,6,44.8,1BR Plus,standard,False,AG06
U080003,8,1,26.5,studio,standard,True,AG01
U080004,8,5,20.6,studio,standard,True,AG01
U080005,8,7,38.1,1BR Plus,standard,False,AG02
U080006,8,2,27.6,1BR,city,True,AG05
U080007,8,6,20.7,studio,city,False,AG05
U080008,8,8,34.6,1BR,city,True,AG06
U080009,8,8,36.3,1BR Plus,standard,True,AG03
U080010,8,5,41.8,1BR Plus,standard,True,AG01
U080011,8,1,20.7,studio,city,False,AG04
U080012,8,2,20.9,studio,standard,True,AG03
U080013,8,6,32.0,1BR,standard,True,AG04
U080014,8,1,24.1,studio,city,True,AG04
U080015,8,1,28.8,1BR,city,True,AG06
U080016,8,4,34.1,1BR,standard,True,AG06
U080017,8,3,28.1,1BR,city,True,AG06
U080018,8,8,24.5,studio,city,False,AG05
U080019,8,3,32.5,1BR,city,True,AG06
U080020,8,8,43.8,1BR Plus,pool,True,AG04
U080021,8,4,33.9,1BR,standard,True,AG02
U080022,8,1,36.4,1BR Plus,standard,True,AG02
U080023,8,2,28.5,1BR,standard,True,AG02
U080024,8,2,25.5,studio,standard,True,AG06
U080025,8,6,27.6,1BR,standard,True,AG03
U080026,8,8,26.8,studio,standard,True,AG01
U080027,8,1,31.4,1BR,standard,True,AG06
U080028,8,1,25.0,studio,city,False,AG04
U080029,8,7,26.9,studio,standard,True,AG01
U080030,8,4,42.1,1BR Plus,standard,False,AG04
U080031,8,2,23.0,studio,standard,False,AG02
U080032,8,6,24.1,studio,standard,False,AG02
U080033,8,1,32.0,1BR,standard,True,AG02
U080034,8,1,31.9,1BR,standard,True,AG04
U080035,8,3,23.8,studio,pool,True,AG01
U080036,8,4,24.7,studio,standard,True,AG05
U080037,8,7,22.6,studio,standard,False,AG03
U080038,8,2,21.7,studio,city,True,AG04
U080039,8,8,24.0,studio,standard,True,AG04
U080040,8,5,21.2,studio,city,True,AG03
U080041,8,7,25.8,studio,city,True,AG01
U080042,8,5,24.3,studio,standard,True,AG02
U080043,8,7,26.5,studio,standard,True,AG03
U080044,8,6,29.2,1BR,city,False,AG06
U080045,8,6,23.7,studio,standard,True,AG05
U080046,8,6,34.0,1BR,standard,True,AG01
U080047,8,3,20.9,studio,city,True,AG04
U080048,8,5,21.5,studio,city,True,AG06
U080049,8,4,23.9,studio,standard,True,AG03
U080050,8,8,27.3,1BR,standard,True,AG06
U080051,8,4,21.0,studio,standard,True,AG05
U080052,8,4,41.3,1BR Plus,city,True,AG01
U080053,8,7,25.1,studio,standard,False,AG02
U080054,8,3,24.3,studio,standard,True,AG05
U080055,8,7,33.8,1BR,city,True,AG03
U080056,8,7,35.2,1BR,standard,True,AG03
U080057,8,5,28.4,1BR,standard,False,AG06
U080058,8,7,23.6,studio,city,True,AG05
U080059,8,8,30.5,1BR,standard,True,AG01
U080060,8,4,25.9,studio,standard,True,AG05
U080061,8,8,28.5,1BR,standard,False,AG03
U080062,8,3,24.2,studio,standard,True,AG05
U080063,8,1,21.4,studio,standard,True,AG06
U080064,8,7,27.8,1BR,city,True,AG06
U080065,8,2,26.2,studio,pool,True,AG01
U080066,8,8,41.8,1BR Plus,standard,False,AG02
U080067,8,2,21.2,studio,city,False,AG01
U080068,8,1,28.6,1BR,standard,False,AG02
U080069,8,3,39.2,1BR Plus,standard,False,AG05
U080070,8,3,24.0,studio,pool,True,AG04
U080071,8,1,21.0,studio,standard,True,AG03
U080072,8,4,23.6,studio,standard,True,AG06
U080073,8,2,30.7,1BR,city,True,AG04
U080074,8,7,22.0,studio,standard,True,AG04
U080075,8,2,21.1,studio,standard,True,AG01
U080076,8,2,21.5,studio,standard,True,AG04
U080077,8,6,20.7,studio,standard,True,AG06
U080078,8,6,36.7,1BR Plus,pool,True,AG06
U080079,8,6,29.0,1BR,standard,True,AG04
U080080,8,7,33.9,1BR,city,False,AG02
U080081,8,8,25.6,studio,city,False,AG04
U080082,8,5,26.2,studio,city,True,AG06
U080083,8,5,25.9,studio,city,True,AG05
U080084,8,4,22.7,studio,standard,True,AG01
U080085,8,2,22.0,studio,standard,True,AG06
U080086,8,3,25.8,studio,standard,True,AG03
U080087,8,2,21.2,studio,standard,True,AG05
U080088,8,3,25.1,studio,standard,True,AG04
U080089,8,2,25.2,studio,standard,True,AG01
U080090,8,3,27.2,1BR,standard,False,AG03
U080091,8,6,21.8,studio,standard,True,AG06
U080092,8,4,28.3,1BR,city,True,AG02
U080093,8,8,21.7,studio,standard,False,AG04
U080094,8,5,23.8,studio,pool,False,AG03
U080095,8,6,20.7,studio,city,True,AG03
U080096,8,7,25.4,studio,pool,True,AG06
U080097,8,7,26.1,studio,standard,True,AG05
U080098,8,7,24.2,studio,standard,True,AG02
U080099,8,4,29.9,1BR,city,True,AG06
U080100,8,6,20.6,studio,standard,True,AG03
U080101,8,3,25.9,studio,standard,True,AG03
U080102,8,1,41.7,1BR Plus,city,False,AG06
U080103,8,1,30.5,1BR,city,False,AG05
U080104,8,2,26.9,studio,standard,True,AG01
U080105,8,3,23.1,studio,standard,False,AG04
U080106,8,8,34.4,1BR,city,True,AG02
U080107,8,8,29.4,1BR,standard,True,AG06
U080108,8,1,42.9,1BR Plus,standard,True,AG03
U080109,8,8,27.6,1BR,standard,True,AG06
U080110,8,6,24.1,studio,pool,True,AG04
U080111,8,3,28.4,1BR,standard,True,AG05
U080112,8,2,33.9,1BR,standard,True,AG03
U080113,8,2,26.0,studio,standard,True,AG05
U080114,8,6,27.3,1BR,city,False,AG01
U080115,8,1,43.8,1BR Plus,standard,False,AG02
U080116,8,8,24.7,studio,standard,True,AG02
U080117,8,7,21.3,studio,standard,True,AG01
U080118,8,5,25.5,studio,standard,True,AG06
U080119,8,1,22.6,studio,standard,True,AG06
U080120,8,3,25.6,studio,standard,True,AG02
U080121,8,6,22.6,studio,city,True,AG01
U080122,8,6,21.5,studio,city,False,AG04
U080123,8,1,41.2,1BR Plus,city,True,AG06
U080124,8,4,27.0,studio,standard,True,AG06
U080125,8,6,30.6,1BR,standard,True,AG04
U080126,8,4,36.5,1BR Plus,standard,True,AG05
U080127,8,1,25.7,studio,city,False,AG04
U080128,8,2,24.9,studio,standard,True,AG01
U080129,8,4,33.7,1BR,city,False,AG02
U080130,8,4,23.2,studio,city,True,AG02
U080131,8,3,30.3,1BR,pool,True,AG06
U080132,8,6,33.5,1BR,standard,True,AG06
U080133,8,7,38.5,1BR Plus,city,False,AG06
U080134,8,6,24.8,studio,standard,True,AG02
U080135,8,7,22.4,studio,city,False,AG01
U080136,8,7,25.4,studio,standard,True,AG04
U080137,8,6,21.3,studio,pool,True,AG06
U080138,8,6,22.2,studio,standard,True,AG05
U080139,8,4,34.0,1BR,city,True,AG03
U080140,8,1,25.4,studio,city,True,AG01
U080141,8,2,29.6,1BR,city,True,AG05
U080142,8,4,34.9,1BR,standard,False,AG05
U080143,8,2,25.6,studio,standard,True,AG03
U080144,8,4,23.4,studio,standard,False,AG05
U080145,8,2,25.8,studio,standard,True,AG05
U080146,8,2,38.4,1BR Plus,standard,False,AG03
U080147,8,5,22.2,studio,standard,True,AG06
U080148,8,5,27.9,1BR,standard,True,AG03
U080149,8,2,25.0,studio,standard,False,AG02
U080150,8,5,21.7,studio,standard,True,AG06
U080151,8,4,35.7,1BR Plus,pool,True,AG04
U080152,8,7,21.3,studio,standard,False,AG04
U080153,8,1,21.7,studio,pool,True,AG02
U080154,8,8,28.2,1BR,standard,True,AG02
U080155,8,7,32.0,1BR,standard,False,AG06
U080156,8,2,25.8,studio,city,True,AG04
U080157,8,7,35.1,1BR,city,True,AG04
U080158,8,4,21.0,studio,pool,True,AG04
U080159,8,4,27.0,1BR,city,True,AG01
U080160,8,1,28.2,1BR,standard,True,AG01
U080161,8,2,25.3,studio,city,True,AG03
U080162,8,6,23.4,studio,standard,True,AG03
U080163,8,5,27.0,studio,city,True,AG03
U080164,8,7,20.6,studio,standard,True,AG06
U080165,8,3,23.7,studio,standard,False,AG02
U080166,8,2,34.6,1BR,standard,True,AG04
U080167,8,1,38.5,1BR Plus,standard,True,AG05
U080168,8,1,26.3,studio,standard,True,AG01
U080169,8,8,21.8,studio,standard,True,AG01
U080170,8,5,25.5,studio,standard,True,AG04
U080171,8,2,27.1,1BR,standard,False,AG01
U080172,8,7,25.3,studio,standard,True,AG03
U080173,8,1,22.0,studio,city,True,AG06
U080174,8,6,36.5,1BR Plus,standard,True,AG05
U080175,8,3,41.7,1BR Plus,standard,True,AG06
U080176,8,7,22.9,studio,city,True,AG05
U080177,8,6,21.0,studio,standard,False,AG04
U080178,8,6,22.4,studio,city,True,AG05
U080179,8,5,34.7,1BR,city,True,AG02
U080180,8,6,33.3,1BR,standard,True,AG04
U080181,8,7,22.6,studio,standard,True,AG06
U080182,8,6,30.3,1BR,pool,False,AG03
U080183,8,5,31.9,1BR,standard,False,AG03
U080184,8,4,28.5,1BR,city,True,AG06
U080185,8,3,33.8,1BR,standard,True,AG01
U080186,8,6,28.8,1BR,standard,True,AG04
U080187,8,5,21.1,studio,standard,False,AG01
U080188,8,3,42.0,1BR Plus,standard,True,AG03
U080189,8,1,24.3,studio,standard,True,AG02
U080190,8,8,41.8,1BR Plus,standard,True,AG06
U080191,8,2,30.9,1BR,standard,True,AG03
U080192,8,5,34.1,1BR,city,True,AG01
U080193,8,3,33.9,1BR,pool,True,AG04
U080194,8,6,30.1,1BR,standard,True,AG03
U080195,8,8,25.1,studio,standard,True,AG06
U080196,8,8,41.3,1BR Plus,standard,False,AG02
U080197,8,2,29.1,1BR,standard,True,AG03
U080198,8,1,46.1,1BR Plus,pool,True,AG06
U080199,8,1,41.1,1BR Plus,city,True,AG03
U080200,8,2,22.2,studio,pool,True,AG06
U080201,8,3,22.1,studio,standard,True,AG03
U080202,8,1,28.6,1BR,standard,True,AG06
U080203,8,7,27.1,1BR,city,True,AG06
U080204,8,1,21.0,studio,city,True,AG03
U080205,8,2,26.7,studio,city,True,AG06
U080206,8,2,33.3,1BR,city,True,AG01
U080207,8,2,25.4,studio,standard,True,AG05
U080208,8,7,35.6,1BR Plus,standard,True,AG06
U080209,8,8,27.8,1BR,city,True,AG01
U080210,8,7,24.9,studio,city,True,AG05
U080211,8,1,45.1,1BR Plus,standard,True,AG05
U080212,8,2,20.6,studio,standard,True,AG05
U080213,8,2,24.7,studio,pool,True,AG04
U080214,8,4,28.0,1BR,standard,True,AG01
U080215,8,6,30.7,1BR,city,True,AG05
U080216,8,3,27.6,1BR,standard,True,AG01
U080217,8,3,33.3,1BR,pool,True,AG05
U080218,8,5,36.0,1BR Plus,standard,True,AG01
U080219,8,2,23.0,studio,pool,True,AG01
U080220,8,8,22.7,studio,city,False,AG01
U080221,8,1,31.5,1BR,pool,True,AG06
U080222,8,4,22.5,studio,standard,True,AG04
U080223,8,1,41.8,1BR Plus,standard,False,AG02
U080224,8,4,30.5,1BR,standard,True,AG02
U080225,8,7,24.7,studio,standard,True,AG02
U080226,8,7,22.9,studio,standard,True,AG03
U080227,8,3,41.0,1BR Plus,standard,False,AG03
U080228,8,3,22.0,studio,pool,False,AG04
U080229,8,3,30.3,1BR,standard,True,AG05
U080230,8,8,23.4,studio,standard,True,AG06
U080231,8,8,26.3,studio,standard,True,AG04
U080232,8,6,21.3,studio,standard,True,AG06
U080233,8,1,22.1,studio,standard,True,AG05
U080234,8,2,32.9,1BR,city,False,AG06
U080235,8,8,33.6,1BR,standard,True,AG06
U080236,8,6,33.8,1BR,city,False,AG04
U080237,8,4,31.7,1BR,standard,True,AG04
U080238,8,2,35.5,1BR,standard,False,AG06
U080239,8,4,30.9,1BR,standard,False,AG01
U080240,8,7,28.8,1BR,standard,True,AG06
U080241,8,6,37.9,1BR Plus,standard,False,AG05
U080242,8,1,33.7,1BR,standard,True,AG02
U080243,8,7,39.2,1BR Plus,standard,False,AG02
U080244,8,8,22.6,studio,city,False,AG02
U080245,8,4,21.6,studio,standard,True,AG03
U080246,8,3,29.7,1BR,standard,True,AG06
U080247,8,4,22.1,studio,city,True,AG06
U080248,8,6,28.8,1BR,city,True,AG05
U080249,8,8,22.7,studio,city,True,AG01
U080250,8,2,27.4,1BR,pool,True,AG03
U080251,8,6,21.9,studio,pool,False,AG02
U080252,8,6,36.1,1BR Plus,standard,False,AG03
U080253,8,3,23.2,studio,standard,True,AG03
U080254,8,3,21.5,studio,standard,False,AG04
U080255,8,5,43.8,1BR Plus,city,True,AG02
U080256,8,2,28.1,1BR,city,True,AG03
U080257,8,8,29.4,1BR,standard,True,AG02
U080258,8,3,35.8,1BR Plus,city,True,AG05
U080259,8,8,26.3,studio,standard,True,AG03
U080260,8,8,26.7,studio,standard,True,AG01
U080261,8,1,28.2,1BR,standard,True,AG03
U080262,8,4,28.1,1BR,standard,True,AG05
U080263,8,8,25.6,studio,city,True,AG05
U080264,8,2,21.5,studio,pool,True,AG04
U080265,8,6,30.7,1BR,pool,True,AG02
U080266,8,5,26.8,studio,standard,False,AG02
U080267,8,1,22.7,studio,city,True,AG04
U080268,8,7,37.8,1BR Plus,city,False,AG01
U080269,8,1,40.1,1BR Plus,standard,True,AG01
U080270,8,6,25.9,studio,city,True,AG04
U080271,8,1,46.2,1BR Plus,standard,True,AG05
U080272,8,3,28.8,1BR,standard,True,AG02
U080273,8,7,23.6,studio,standard,True,AG06
U080274,8,4,25.8,studio,standard,False,AG02
U080275,8,2,24.2,studio,standard,True,AG04
U080276,8,5,28.9,1BR,city,False,AG04
U080277,8,8,28.8,1BR,city,True,AG04
U080278,8,5,42.9,1BR Plus,standard,True,AG06
U080279,8,5,31.6,1BR,standard,True,AG01
U080280,8,1,28.0,1BR,standard,False,AG05
U080281,8,7,22.9,studio,standard,True,AG02
U080282,8,3,33.1,1BR,city,True,AG04
U080283,8,5,20.7,studio,city,False,AG03
U080284,8,6,25.9,studio,standard,True,AG04
U080285,8,1,22.7,studio,standard,True,AG06
U080286,8,5,26.2,studio,standard,True,AG04
U080287,8,6,25.5,studio,standard,True,AG03
U080288,8,3,24.4,studio,standard,True,AG01
U080289,8,4,39.6,1BR Plus,city,True,AG05
U080290,8,3,21.8,studio,standard,False,AG01
U080291,8,2,23.7,studio,standard,True,AG01
U080292,8,6,25.8,studio,pool,True,AG01
U080293,8,2,26.8,studio,standard,True,AG06
U080294,8,6,24.1,studio,standard,False,AG02
U080295,8,1,25.4,studio,city,True,AG04
U080296,8,6,22.6,studio,standard,True,AG06
U080297,8,3,23.5,studio,standard,True,AG01
U080298,8,3,25.7,studio,city,True,AG05
U080299,8,7,26.7,studio,standard,True,AG01
U080300,8,2,23.8,studio,city,True,AG01
U080301,8,7,22.2,studio,standard,True,AG05
U080302,8,3,25.2,studio,pool,True,AG01
U080303,8,6,29.3,1BR,city,True,AG02
U080304,8,8,23.5,studio,standard,True,AG05
U080305,8,4,23.8,studio,standard,True,AG06
U080306,8,8,24.1,studio,pool,True,AG01
U080307,8,2,23.1,studio,standard,False,AG02
U080308,8,1,29.2,1BR,standard,True,AG01
U080309,8,4,31.6,1BR,city,True,AG04
U080310,8,3,23.5,studio,standard,True,AG04
U080311,8,5,24.5,studio,standard,True,AG01
U080312,8,1,34.2,1BR,standard,True,AG05
U080313,8,4,23.4,studio,city,True,AG05
U080314,8,6,30.1,1BR,standard,True,AG02
U080315,8,1,39.0,1BR Plus,standard,True,AG02
U080316,8,7,22.2,studio,standard,True,AG02
U080317,8,4,24.3,studio,city,True,AG06
U080318,8,1,24.4,studio,standard,True,AG03
U080319,8,8,28.6,1BR,standard,True,AG02
U080320,8,7,40.1,1BR Plus,standard,True,AG04
U080321,8,1,24.7,studio,city,False,AG04
U080322,8,2,23.5,studio,city,True,AG06
U080323,8,8,25.6,studio,city,False,AG01
U080324,8,7,21.6,studio,city,True,AG03
U080325,8,4,40.3,1BR Plus,city,True,AG03
U080326,8,5,23.8,studio,standard,True,AG01
U080327,8,7,21.6,studio,city,True,AG05
U080328,8,6,26.8,studio,standard,True,AG01
U080329,8,1,28.9,1BR,pool,False,AG06
U080330,8,7,33.9,1BR,city,True,AG01
U080331,8,8,39.4,1BR Plus,pool,True,AG04
U080332,8,7,21.9,studio,standard,True,AG06
U080333,8,3,32.8,1BR,standard,True,AG03
U080334,8,5,22.3,studio,standard,True,AG02
U080335,8,5,35.1,1BR,city,True,AG06
U080336,8,5,35.7,1BR Plus,standard,False,AG05
U080337,8,8,21.8,studio,city,True,AG05
U080338,8,5,32.6,1BR,standard,True,AG05
U080339,8,5,27.0,studio,pool,True,AG04
U080340,8,2,23.0,studio,pool,True,AG06
U080341,8,6,21.2,studio,standard,False,AG05
U080342,8,2,22.8,studio,city,True,AG06
U080343,8,3,20.7,studio,standard,True,AG01
U080344,8,6,40.5,1BR Plus,standard,True,AG06
U080345,8,1,25.2,studio,city,True,AG04
U080346,8,2,25.9,studio,city,True,AG03
U080347,8,3,26.8,studio,standard,True,AG06
U080348,8,8,26.2,studio,standard,True,AG03
U080349,8,6,24.9,studio,standard,True,AG05
U080350,8,1,32.0,1BR,standard,True,AG03
U080351,8,6,29.7,1BR,city,True,AG06
U080352,8,6,25.7,studio,standard,False,AG03
U080353,8,7,25.7,studio,city,True,AG03
U080354,8,4,32.6,1BR,standard,False,AG03
U080355,8,5,30.4,1BR,standard,False,AG03
U080356,8,6,21.7,studio,standard,False,AG03
U080357,8,4,20.9,studio,standard,True,AG01
U080358,8,7,23.6,studio,standard,True,AG05
U080359,8,8,26.3,studio,standard,True,AG06
U080360,8,2,28.6,1BR,standard,True,AG02
U080361,8,5,32.2,1BR,city,False,AG06
U080362,8,4,21.4,studio,standard,False,AG04
U080363,8,5,28.9,1BR,standard,True,AG03
U080364,8,7,32.0,1BR,standard,True,AG04
U080365,8,6,32.1,1BR,standard,True,AG05
U080366,8,3,24.9,studio,city,False,AG04
U080367,8,6,24.8,studio,standard,False,AG03
U080368,8,4,23.5,studio,standard,True,AG03
U080369,8,1,22.7,studio,standard,True,AG02
U080370,8,3,25.7,studio,standard,True,AG03
U080371,8,8,30.8,1BR,pool,False,AG04
U080372,8,2,22.7,studio,city,False,AG02
U080373,8,5,26.9,studio,standard,True,AG01
U080374,8,4,22.7,studio,city,True,AG04
U080375,8,4,30.5,1BR,standard,True,AG01
U080376,8,4,22.9,studio,city,True,AG05
U080377,8,1,25.1,studio,city,True,AG01
U080378,8,7,23.7,studio,pool,False,AG05
U080379,8,6,30.5,1BR,standard,True,AG06
U080380,8,6,33.8,1BR,pool,False,AG04
U080381,8,6,42.7,1BR Plus,city,False,AG02
U080382,8,5,37.6,1BR Plus,standard,True,AG03
U080383,8,3,38.5,1BR Plus,standard,True,AG05
U080384,8,7,21.2,studio,city,True,AG01
U080385,8,3,24.3,studio,pool,True,AG04
U080386,8,1,30.3,1BR,city,True,AG03
U080387,8,8,22.6,studio,standard,True,AG04
U080388,8,3,22.0,studio,standard,True,AG04
U080389,8,3,27.7,1BR,pool,False,AG03
U080390,8,6,29.0,1BR,city,True,AG03
U080391,8,7,28.8,1BR,pool,True,AG04
U080392,8,2,24.6,studio,standard,True,AG02
U080393,8,6,21.6,studio,city,True,AG06
U080394,8,4,23.3,studio,pool,True,AG06
U080395,8,2,33.0,1BR,pool,True,AG05
U080396,8,7,20.6,studio,standard,True,AG04
U080397,8,7,23.9,studio,standard,False,AG03
U080398,8,7,25.3,studio,pool,True,AG04
U080399,8,1,31.5,1BR,standard,True,AG04
U080400,8,6,20.9,studio,standard,True,AG03
U080401,8,8,22.1,studio,standard,True,AG01
U080402,8,2,31.6,1BR,pool,False,AG06
U080403,8,8,26.8,studio,city,True,AG04
U080404,8,3,40.1,1BR Plus,standard,False,AG04
U080405,8,4,30.1,1BR,standard,True,AG05
U080406,8,3,28.8,1BR,standard,True,AG06
U080407,8,8,22.3,studio,standard,True,AG06
U080408,8,7,27.0,studio,city,True,AG01
U080409,8,6,26.6,studio,standard,False,AG04
U080410,8,4,23.6,studio,standard,True,AG02
U080411,8,2,46.7,1BR Plus,standard,True,AG03
U080412,8,5,26.6,studio,pool,True,AG04
U080413,8,4,25.5,studio,standard,True,AG06
U080414,8,2,21.2,studio,standard,True,AG01
U080415,8,6,25.1,studio,city,False,AG05
U080416,8,8,20.8,studio,standard,True,AG05
U080417,8,5,21.8,studio,standard,True,AG01
U080418,8,6,25.9,studio,city,True,AG04
U080419,8,7,24.1,studio,standard,True,AG04
U080420,8,8,23.7,studio,city,False,AG01
U080421,8,7,23.6,studio,standard,True,AG05
U080422,8,8,21.5,studio,standard,True,AG05
U080423,8,8,25.1,studio,pool,True,AG02
U080424,8,1,30.8,1BR,standard,True,AG06
U080425,8,7,22.5,studio,city,True,AG04
U080426,8,8,22.7,studio,city,True,AG04
U080427,8,5,28.2,1BR,city,True,AG04
U080428,8,6,25.1,studio,standard,True,AG02
U080429,8,6,21.1,studio,pool,True,AG06
U080430,8,2,25.1,studio,city,True,AG02
U080431,8,8,21.4,studio,pool,True,AG06
U080432,8,2,22.5,studio,pool,True,AG06
U080433,8,7,24.9,studio,standard,True,AG06
U080434,8,5,27.7,1BR,pool,True,AG02
U080435,8,4,23.3,studio,standard,True,AG06
U080436,8,5,35.1,1BR,standard,False,AG03
U080437,8,1,22.9,studio,standard,False,AG01
U080438,8,3,24.4,studio,standard,True,AG01
U080439,8,3,24.0,studio,standard,True,AG06
U080440,8,6,28.2,1BR,standard,False,AG02
U080441,8,4,24.6,studio,pool,True,AG06
U080442,8,8,22.3,studio,pool,False,AG02
U080443,8,2,24.6,studio,standard,True,AG01
U080444,8,8,21.3,studio,standard,False,AG03
U080445,8,6,23.8,studio,pool,True,AG03
U080446,8,8,26.7,studio,pool,True,AG01
U080447,8,4,21.3,studio,standard,False,AG02
U080448,8,1,24.9,studio,standard,False,AG02
U080449,8,8,22.3,studio,pool,True,AG01
U080450,8,7,23.8,studio,standard,True,AG06
U080451,8,5,35.9,1BR Plus,standard,True,AG02
U080452,8,6,22.9,studio,pool,True,AG04
U080453,8,5,23.6,studio,standard,True,AG05
U080454,8,5,24.1,studio,standard,True,AG01
U080455,8,6,22.4,studio,city,True,AG06
U080456,8,1,23.3,studio,pool,True,AG04
U080457,8,5,32.2,1BR,standard,True,AG02
U080458,8,6,22.5,studio,pool,False,AG02
U080459,8,4,26.1,studio,pool,False,AG05
U080460,8,3,34.9,1BR,standard,True,AG06
U080461,8,7,30.7,1BR,standard,True,AG03
U080462,8,1,37.5,1BR Plus,pool,False,AG05
U080463,8,7,29.6,1BR,city,True,AG06
U080464,8,3,30.3,1BR,city,False,AG01
U080465,8,6,36.1,1BR Plus,city,False,AG01
U080466,8,8,26.7,studio,standard,False,AG04
U080467,8,3,40.9,1BR Plus,city,True,AG01
U080468,8,1,26.3,studio,standard,True,AG01
U080469,8,8,26.6,studio,standard,True,AG05
U080470,8,2,23.4,studio,standard,True,AG03
U080471,8,1,41.8,1BR Plus,city,True,AG05
U080472,8,4,21.4,studio,standard,True,AG01
U080473,8,1,34.8,1BR,standard,True,AG01
U080474,8,8,28.5,1BR,standard,False,AG05
U080475,8,6,35.1,1BR,standard,True,AG05
U080476,8,2,27.0,studio,city,True,AG06
U080477,8,2,29.8,1BR,standard,True,AG04
U080478,8,4,26.1,studio,standard,True,AG01
U080479,8,7,26.9,studio,city,True,AG01
U080480,8,1,30.3,1BR,city,True,AG06
U080481,8,1,24.7,studio,standard,True,AG02
U080482,8,7,36.2,1BR Plus,standard,True,AG05
U080483,8,5,30.0,1BR,pool,False,AG03
U080484,8,7,21.2,studio,city,True,AG02
U080485,8,1,28.2,1BR,city,True,AG03
U080486,8,5,30.1,1BR,standard,True,AG03
U080487,8,8,25.6,studio,standard,True,AG02
U080488,8,7,26.4,studio,standard,True,AG04
U080489,8,2,28.7,1BR,standard,False,AG01
U080490,8,7,24.5,studio,standard,True,AG01
U080491,8,2,34.6,1BR,pool,True,AG03
U080492,8,1,25.2,studio,pool,True,AG04
U080493,8,4,42.9,1BR Plus,standard,True,AG04
U080494,8,1,22.5,studio,city,False,AG04
U080495,8,8,33.4,1BR,standard,True,AG04
U080496,8,2,25.4,studio,standard,True,AG01
U080497,8,7,34.3,1BR,standard,True,AG05
U080498,8,5,23.4,studio,standard,False,AG05
U080499,8,3,29.8,1BR,standard,True,AG04
U080500,8,6,21.1,studio,standard,True,AG04
U080501,8,4,28.5,1BR,standard,False,AG05
U080502,8,7,22.0,studio,standard,True,AG04
U080503,8,2,31.2,1BR,standard,True,AG02
U080504,8,3,45.5,1BR Plus,standard,False,AG03
U080505,8,5,26.4,studio,standard,True,AG02
U080506,8,2,24.3,studio,standard,False,AG01
U080507,8,8,21.1,studio,pool,False,AG04
U080508,8,3,24.3,studio,pool,True,AG04
U080509,8,2,23.2,studio,pool,True,AG05
U080510,8,7,23.6,studio,standard,True,AG02
U080511,8,7,29.4,1BR,standard,True,AG02
U080512,8,3,33.1,1BR,standard,False,AG05
U080513,8,6,45.4,1BR Plus,city,True,AG04
U080514,8,7,29.9,1BR,standard,True,AG05
U080515,8,5,34.2,1BR,standard,True,AG02
U080516,8,8,26.4,studio,standard,True,AG04
U080517,8,4,46.1,1BR Plus,standard,True,AG03
U080518,8,1,34.0,1BR,standard,False,AG06
U080519,8,6,25.9,studio,standard,False,AG02
U080520,8,2,26.7,studio,standard,True,AG03
U080521,8,7,35.5,1BR,city,False,AG03
U080522,8,3,32.9,1BR,standard,True,AG06
U080523,8,3,29.5,1BR,city,False,AG06
U080524,8,3,22.9,studio,city,False,AG05
U080525,8,5,31.0,1BR,standard,False,AG03
U080526,8,4,25.4,studio,pool,True,AG06
U080527,8,7,27.1,1BR,standard,True,AG01
U080528,8,1,24.8,studio,standard,True,AG06
U080529,8,3,27.7,1BR,pool,True,AG04
U080530,8,3,30.9,1BR,standard,True,AG06
U080531,8,8,26.8,studio,city,True,AG05
U080532,8,3,22.4,studio,standard,True,AG03
U080533,8,5,20.8,studio,city,True,AG03
U080534,8,1,35.0,1BR,standard,False,AG05
U080535,8,8,22.6,studio,pool,False,AG01
U080536,8,7,33.5,1BR,standard,True,AG03
U080537,8,8,33.6,1BR,pool,True,AG06
U080538,8,3,29.9,1BR,standard,True,AG05
U080539,8,2,23.9,studio,standard,True,AG01
U080540,8,5,22.4,studio,standard,True,AG03
U080541,8,8,22.7,studio,standard,True,AG05
U080542,8,7,21.2,studio,pool,False,AG03
U080543,8,8,24.6,studio,standard,True,AG06
U080544,8,1,30.5,1BR,pool,True,AG06
U080545,8,4,21.4,studio,city,True,AG05
U080546,8,1,20.9,studio,city,True,AG01
U080547,8,5,22.9,studio,standard,False,AG06
U080548,8,8,23.3,studio,standard,True,AG06
U080549,8,5,28.5,1BR,standard,False,AG03
U080550,8,6,41.8,1BR Plus,city,True,AG01
U080551,8,3,28.5,1BR,standard,True,AG01
U080552,8,6,26.0,studio,standard,True,AG01
U080553,8,4,34.3,1BR,standard,True,AG03
U080554,8,5,23.3,studio,standard,True,AG04
U080555,8,7,24.6,studio,standard,True,AG02
U080556,8,6,31.2,1BR,city,True,AG04
U080557,8,7,30.4,1BR,standard,True,AG01
U080558,8,4,22.5,studio,standard,False,AG02
U080559,8,7,24.3,studio,pool,True,AG02
U080560,8,4,23.2,studio,city,True,AG04
U080561,8,2,26.3,studio,standard,True,AG01
U080562,8,5,22.1,studio,city,True,AG05
U080563,8,8,22.1,studio,standard,True,AG01
U080564,8,1,20.9,studio,pool,True,AG04
U080565,8,8,22.6,studio,pool,True,AG04
U080566,8,4,20.6,studio,standard,False,AG02
U080567,8,7,22.2,studio,city,True,AG05
U080568,8,7,24.8,studio,standard,True,AG05
U080569,8,3,39.2,1BR Plus,standard,True,AG01
U080570,8,4,31.5,1BR,pool,False,AG06
U080571,8,5,25.4,studio,standard,False,AG04
U080572,8,1,25.0,studio,standard,True,AG06
U080573,8,2,26.4,studio,standard,True,AG04
U080574,8,2,22.3,studio,pool,True,AG04
U080575,8,2,28.5,1BR,standard,True,AG01
U080576,8,3,28.8,1BR,city,False,AG05
U080577,8,5,22.6,studio,standard,False,AG02
U080578,8,4,24.4,studio,standard,True,AG03
U080579,8,5,25.8,studio,standard,False,AG04
U080580,8,2,25.8,studio,standard,True,AG06
U080581,8,4,22.5,studio,city,True,AG02
U080582,8,2,24.0,studio,standard,False,AG04
U080583,8,8,32.2,1BR,standard,True,AG04
U080584,8,8,33.5,1BR,standard,False,AG04
U080585,8,6,30.3,1BR,pool,True,AG02
U080586,8,5,44.8,1BR Plus,city,True,AG03
U080587,8,3,33.3,1BR,standard,True,AG05
U080588,8,5,21.4,studio,standard,False,AG06
U080589,8,4,28.3,1BR,standard,True,AG03
U080590,8,4,24.2,studio,standard,True,AG02
U080591,8,2,43.4,1BR Plus,standard,True,AG05
U080592,8,1,46.5,1BR Plus,city,True,AG02
U080593,8,7,23.5,studio,standard,True,AG03
U080594,8,8,28.6,1BR,standard,False,AG05
U080595,8,2,27.5,1BR,standard,True,AG05
U080596,8,3,43.7,1BR Plus,standard,True,AG01
U080597,8,7,31.2,1BR,standard,True,AG03
U080598,8,2,26.5,studio,city,True,AG02
U080599,8,3,22.5,studio,city,True,AG04
U080600,8,5,45.2,1BR Plus,standard,True,AG06
U080601,8,5,24.2,studio,standard,False,AG04
U080602,8,8,21.7,studio,standard,True,AG04
U080603,8,4,21.4,studio,city,True,AG06
U080604,8,4,24.5,studio,standard,True,AG05
U080605,8,1,28.9,1BR,city,False,AG01
U080606,8,5,30.3,1BR,city,True,AG04
U080607,8,7,20.9,studio,city,True,AG05
U080608,8,4,27.0,studio,city,False,AG03
U080609,8,2,31.8,1BR,city,True,AG05
U080610,8,8,41.8,1BR Plus,standard,True,AG04
U080611,8,7,28.8,1BR,standard,True,AG01
U080612,8,5,23.0,studio,city,True,AG05
U080613,8,6,43.6,1BR Plus,pool,True,AG01
U080614,8,3,28.1,1BR,pool,False,AG03
U080615,8,3,20.7,studio,standard,True,AG04
U080616,8,5,46.3,1BR Plus,standard,True,AG02
U080617,8,3,24.0,studio,standard,True,AG05
U080618,8,5,26.5,studio,standard,True,AG03
U080619,8,8,31.2,1BR,city,False,AG04
U080620,8,7,20.8,studio,standard,True,AG01
U080621,8,8,26.5,studio,city,True,AG02
U080622,8,4,20.8,studio,pool,True,AG01
U080623,8,2,21.4,studio,standard,False,AG06
U080624,8,3,25.6,studio,pool,False,AG02
U080625,8,7,27.4,1BR,standard,True,AG05
U080626,8,7,34.4,1BR,standard,True,AG05
U080627,8,2,32.2,1BR,standard,True,AG01
U080628,8,1,22.7,studio,city,True,AG01
U080629,8,1,25.9,studio,standard,True,AG06
U080630,8,4,26.7,studio,standard,True,AG03
U080631,8,1,25.2,studio,standard,False,AG06
U080632,8,5,34.5,1BR,city,True,AG06
U080633,8,4,27.5,1BR,city,True,AG01
U080634,8,7,29.4,1BR,city,True,AG04
U080635,8,1,22.5,studio,standard,False,AG03
U080636,8,4,25.8,studio,standard,True,AG05
U080637,8,8,45.4,1BR Plus,city,True,AG04
U080638,8,5,20.7,studio,standard,True,AG01
U080639,8,4,26.5,studio,standard,True,AG01
U080640,8,2,22.5,studio,standard,True,AG01
U080641,8,6,28.4,1BR,standard,True,AG03
U080642,8,2,42.4,1BR Plus,standard,True,AG03
U080643,8,5,36.5,1BR Plus,standard,False,AG06
U080644,8,2,29.7,1BR,pool,True,AG05
U080645,8,6,37.4,1BR Plus,standard,False,AG04
U080646,8,1,30.3,1BR,standard,False,AG06
U080647,8,5,25.3,studio,standard,True,AG05
U080648,8,4,26.2,studio,standard,True,AG05
U080649,8,5,32.5,1BR,standard,True,AG05
U080650,8,1,26.2,studio,pool,True,AG04
U080651,8,5,20.7,studio,city,True,AG03
U080652,8,8,22.5,studio,city,True,AG01
U080653,8,6,28.0,1BR,pool,False,AG02
U080654,8,5,24.2,studio,standard,True,AG02
U080655,8,5,36.3,1BR Plus,city,True,AG01
U080656,8,4,25.8,studio,pool,True,AG02
U080657,8,4,23.7,studio,city,False,AG03
U080658,8,6,22.5,studio,standard,True,AG04
U080659,8,3,24.0,studio,pool,True,AG03
U080660,8,7,25.1,studio,standard,True,AG01
U080661,8,3,20.7,studio,standard,False,AG02
U080662,8,1,24.5,studio,standard,True,AG06
U080663,8,5,23.6,studio,standard,True,AG05
U080664,8,6,24.4,studio,standard,True,AG06
U080665,8,1,27.8,1BR,city,True,AG04
U080666,8,3,32.2,1BR,city,False,AG04
U080667,8,6,21.4,studio,standard,True,AG04
U080668,8,8,22.7,studio,standard,True,AG04
U080669,8,1,29.6,1BR,city,True,AG01
U080670,8,6,21.9,studio,city,True,AG05
U080671,8,6,35.0,1BR,city,False,AG03
U080672,8,6,23.0,studio,standard,True,AG01
U080673,8,1,26.8,studio,city,False,AG02
U080674,8,6,26.7,studio,standard,True,AG02
U080675,8,8,30.5,1BR,city,True,AG01
U080676,8,5,23.3,studio,standard,True,AG01
U080677,8,6,22.4,studio,standard,True,AG02
U080678,8,6,26.5,studio,pool,False,AG04
U080679,8,3,22.7,studio,pool,True,AG02
U080680,8,3,25.1,studio,standard,True,AG05
U080681,8,2,25.9,studio,standard,True,AG03
U080682,8,6,26.9,studio,city,True,AG04
U080683,8,5,21.4,studio,city,True,AG03
U080684,8,4,25.3,studio,pool,False,AG01
U080685,8,1,24.3,studio,city,True,AG03
U080686,8,7,22.5,studio,standard,True,AG05
U080687,8,1,24.2,studio,standard,True,AG02
U080688,8,5,24.4,studio,standard,True,AG03
U080689,8,7,34.4,1BR,standard,True,AG02
U080690,8,7,28.5,1BR,standard,False,AG03
U080691,8,7,29.4,1BR,standard,True,AG06
U080692,8,1,26.6,studio,standard,True,AG05
U080693,8,1,30.2,1BR,standard,True,AG05
U080694,8,5,22.6,studio,standard,False,AG02
U080695,8,3,23.9,studio,standard,False,AG01
U080696,8,8,31.8,1BR,city,True,AG06
U080697,8,5,29.8,1BR,standard,True,AG06
U080698,8,1,24.6,studio,pool,True,AG05
U080699,8,4,24.9,studio,city,True,AG04
U080700,8,8,23.3,studio,standard,True,AG05
U080701,8,2,27.4,1BR,pool,False,AG04
U080702,8,2,40.6,1BR Plus,city,True,AG06
U080703,8,2,35.5,1BR,standard,False,AG05
U080704,8,3,27.7,1BR,city,True,AG06
U080705,8,3,34.1,1BR,pool,False,AG01
U080706,8,7,21.4,studio,standard,False,AG04
U080707,8,6,25.5,studio,standard,False,AG04
U080708,8,7,20.8,studio,standard,True,AG04
U080709,8,6,34.8,1BR,city,True,AG04
U080710,8,1,26.2,studio,pool,True,AG01
U080711,8,4,30.7,1BR,pool,False,AG04
U080712,8,4,34.0,1BR,standard,True,AG05
U080713,8,2,34.1,1BR,standard,True,AG04
U080714,8,4,20.8,studio,standard,True,AG03
U080715,8,5,27.1,1BR,standard,True,AG03
U080716,8,4,31.5,1BR,standard,True,AG02
U080717,8,5,29.3,1BR,standard,True,AG03
U080718,8,5,29.6,1BR,standard,True,AG05
U080719,8,2,33.9,1BR,standard,True,AG03
U080720,8,3,24.1,studio,city,False,AG06
U080721,8,3,20.8,studio,standard,True,AG06
U080722,8,4,26.3,studio,standard,True,AG06
U080723,8,8,32.5,1BR,standard,True,AG01
U080724,8,3,26.0,studio,city,False,AG01
U080725,8,1,25.2,studio,city,True,AG01
U080726,8,2,24.6,studio,pool,True,AG03
U080727,8,7,35.3,1BR,standard,True,AG02
U080728,8,7,21.6,studio,standard,True,AG03
U080729,8,6,43.3,1BR Plus,pool,False,AG06
U080730,8,7,28.7,1BR,city,True,AG05
U080731,8,2,42.8,1BR Plus,pool,True,AG02
U080732,8,5,24.0,studio,standard,False,AG02
U080733,8,8,25.1,studio,standard,False,AG01
U080734,8,3,33.5,1BR,pool,True,AG01
U080735,8,2,21.3,studio,standard,False,AG04
U080736,8,1,26.3,studio,city,True,AG01
U080737,8,5,41.2,1BR Plus,pool,True,AG01
U080738,8,3,30.2,1BR,city,False,AG01
U080739,8,1,23.8,studio,standard,True,AG06
U080740,8,8,22.9,studio,city,True,AG04
U080741,8,1,22.3,studio,city,True,AG01
U080742,8,3,39.9,1BR Plus,standard,False,AG06
U080743,8,8,22.2,studio,city,False,AG03
U080744,8,7,23.2,studio,pool,False,AG01
U080745,8,1,22.6,studio,standard,True,AG02
U080746,8,4,21.9,studio,standard,True,AG04
U080747,8,7,21.3,studio,standard,True,AG05
U080748,8,4,27.0,studio,pool,True,AG03
U080749,8,3,23.8,studio,standard,True,AG03
U080750,8,6,22.8,studio,standard,False,AG02
U080751,8,1,22.3,studio,pool,False,AG03
U080752,8,1,21.4,studio,standard,True,AG05
U080753,8,5,27.8,1BR,standard,True,AG06
U080754,8,2,20.7,studio,pool,True,AG05
U080755,8,4,31.1,1BR,city,True,AG02
U080756,8,6,21.1,studio,standard,True,AG05
U080757,8,7,28.4,1BR,standard,True,AG02
U080758,8,2,26.6,studio,pool,True,AG06
U080759,8,6,21.8,studio,city,True,AG04
U080760,8,6,25.7,studio,city,True,AG06
U080761,8,2,29.1,1BR,city,True,AG04
U080762,8,8,27.8,1BR,standard,True,AG01
U080763,8,2,21.1,studio,standard,False,AG05
U080764,8,4,22.2,studio,standard,True,AG06
U080765,8,8,46.8,1BR Plus,standard,True,AG05
U080766,8,8,24.6,studio,city,True,AG03
U080767,8,7,24.2,studio,pool,False,AG02
U080768,8,2,25.1,studio,city,True,AG05
U080769,8,5,27.9,1BR,pool,True,AG01
U080770,8,2,29.3,1BR,city,False,AG06
U080771,8,5,25.0,studio,pool,True,AG05
U080772,8,8,24.6,studio,standard,True,AG03
U080773,8,2,33.2,1BR,pool,True,AG04
U080774,8,6,45.1,1BR Plus,standard,True,AG06
U080775,8,4,32.0,1BR,standard,True,AG03
U080776,8,5,46.8,1BR Plus,city,True,AG04
U080777,8,6,23.5,studio,pool,True,AG04
U080778,8,8,21.1,studio,standard,True,AG03
U080779,8,3,46.4,1BR Plus,pool,False,AG05
U080780,8,2,21.2,studio,standard,True,AG01
U080781,8,3,42.7,1BR Plus,standard,True,AG04
U080782,8,1,25.9,studio,city,True,AG05
U080783,8,4,23.4,studio,city,True,AG05
U080784,8,2,25.0,studio,standard,True,AG05
U080785,8,4,28.1,1BR,city,True,AG01
U080786,8,8,34.5,1BR,city,False,AG04
U080787,8,8,21.3,studio,standard,False,AG05
U080788,8,3,23.8,studio,standard,False,AG03
U080789,8,1,24.8,studio,standard,True,AG04
U080790,8,4,35.4,1BR,city,False,AG05
U080791,8,7,20.9,studio,pool,True,AG04
U080792,8,5,28.4,1BR,standard,True,AG03
U080793,8,2,29.9,1BR,standard,True,AG04
U080794,8,5,22.1,studio,city,True,AG01
U080795,8,6,21.4,studio,city,False,AG05
U080796,8,1,26.0,studio,city,True,AG05
U080797,8,8,30.9,1BR,standard,True,AG04
U080798,8,5,25.4,studio,standard,False,AG06
U080799,8,3,41.1,1BR Plus,standard,True,AG01
U080800,8,7,32.6,1BR,pool,True,AG06
U080801,8,6,22.3,studio,standard,True,AG05
U080802,8,4,30.4,1BR,city,True,AG04
U080803,8,5,40.6,1BR Plus,standard,True,AG03
U080804,8,7,27.1,1BR,standard,True,AG03
U080805,8,8,26.2,studio,standard,True,AG02
U080806,8,8,27.2,1BR,standard,True,AG01
U080807,8,5,22.1,studio,city,True,AG06
U080808,8,4,32.8,1BR,pool,True,AG04
U080809,8,2,32.8,1BR,standard,True,AG05
U080810,8,8,26.4,studio,city,True,AG04
U080811,8,3,22.1,studio,pool,True,AG04
U080812,8,5,25.2,studio,standard,True,AG04
U080813,8,5,20.8,studio,standard,False,AG02
U080814,8,2,25.0,studio,standard,False,AG06
U080815,8,7,24.2,studio,standard,True,AG04
U080816,8,3,29.8,1BR,standard,True,AG05
U080817,8,1,34.8,1BR,pool,True,AG06
U080818,8,7,22.8,studio,pool,False,AG06
U080819,8,3,24.0,studio,standard,True,AG06
U080820,8,1,30.3,1BR,pool,False,AG04
U080821,8,8,21.0,studio,standard,True,AG03
U080822,8,8,22.1,studio,pool,True,AG04
U080823,8,8,31.9,1BR,pool,True,AG01
U080824,8,8,23.0,studio,standard,True,AG05
U080825,8,1,21.6,studio,city,True,AG05
U080826,8,1,24.4,studio,pool,False,AG03
U080827,8,6,26.6,studio,pool,True,AG06
U080828,8,4,23.5,studio,pool,False,AG05
U080829,8,6,24.2,studio,standard,True,AG06
U080830,8,1,20.8,studio,standard,False,AG06
U080831,8,6,25.8,studio,standard,True,AG03
U080832,8,6,26.9,studio,city,True,AG06
U080833,8,4,31.2,1BR,pool,True,AG06
U080834,8,1,22.5,studio,standard,True,AG03
U080835,8,7,35.5,1BR,pool,True,AG06
U080836,8,8,20.8,studio,city,True,AG05
U080837,8,7,26.7,studio,standard,True,AG06
U080838,8,1,23.3,studio,standard,True,AG05
U080839,8,6,21.5,studio,city,True,AG04
U080840,8,2,21.1,studio,standard,True,AG01
U080841,8,8,24.2,studio,standard,True,AG05
U080842,8,8,35.1,1BR,standard,True,AG03
U080843,8,1,34.2,1BR,standard,True,AG01
U080844,8,7,21.2,studio,standard,True,AG03
U080845,8,7,23.6,studio,standard,True,AG04
U080846,8,3,23.7,studio,standard,False,AG04
U080847,8,8,29.1,1BR,standard,True,AG03
U080848,8,3,29.9,1BR,city,True,AG03
U080849,8,4,30.1,1BR,standard,True,AG03
U090000,9,6,30.0,1BR,standard,True,AG06
U090001,9,3,22.1,studio,standard,True,AG03
U090002,9,4,23.2,studio,pool,True,AG05
U090003,9,2,24.0,studio,standard,True,AG05
U090004,9,2,26.8,studio,pool,True,AG02
U090005,9,2,21.4,studio,standard,True,AG01
U090006,9,7,31.0,1BR,standard,True,AG02
U090007,9,7,31.5,1BR,city,True,AG05
U090008,9,1,21.5,studio,standard,True,AG06
U090009,9,7,23.7,studio,standard,True,AG03
U090010,9,6,24.3,studio,city,False,AG06
U090011,9,5,24.0,studio,city,True,AG01
U090012,9,7,23.7,studio,standard,False,AG01
U090013,9,4,37.8,1BR Plus,standard,False,AG05
U090014,9,7,27.7,1BR,city,True,AG06
U090015,9,5,26.4,studio,standard,True,AG02
U090016,9,1,31.4,1BR,standard,True,AG02
U090017,9,6,46.5,1BR Plus,standard,True,AG06
U090018,9,1,46.5,1BR Plus,pool,True,AG05
U090019,9,6,32.7,1BR,standard,True,AG06
U090020,9,5,21.9,studio,standard,True,AG03
U090021,9,5,27.4,1BR,standard,True,AG06
U090022,9,8,25.3,studio,standard,True,AG05
U090023,9,7,32.2,1BR,pool,True,AG02
U090024,9,2,26.3,studio,standard,True,AG05
U090025,9,7,22.9,studio,city,True,AG01
U090026,9,6,35.8,1BR Plus,standard,True,AG01
U090027,9,7,25.6,studio,standard,True,AG01
U090028,9,1,23.0,studio,pool,True,AG03
U090029,9,3,43.3,1BR Plus,city,False,AG05
U090030,9,2,27.2,1BR,standard,True,AG01
U090031,9,4,24.2,studio,standard,True,AG04
U090032,9,7,24.5,studio,standard,True,AG01
U090033,9,1,35.0,1BR,standard,True,AG03
U090034,9,2,27.3,1BR,pool,True,AG04
U090035,9,5,26.9,studio,standard,True,AG01
U090036,9,6,25.3,studio,city,True,AG06
U090037,9,7,20.6,studio,pool,False,AG05
U090038,9,1,32.4,1BR,standard,True,AG06
U090039,9,6,24.6,studio,standard,True,AG06
U090040,9,2,21.5,studio,standard,True,AG05
U090041,9,7,25.6,studio,pool,True,AG02
U090042,9,6,28.5,1BR,standard,False,AG01
U090043,9,1,23.6,studio,pool,False,AG03
U090044,9,7,23.4,studio,standard,True,AG05
U090045,9,7,36.1,1BR Plus,city,False,AG01
U090046,9,1,25.5,studio,city,True,AG06
U090047,9,6,26.4,studio,pool,True,AG01
U090048,9,5,22.7,studio,city,False,AG01
U090049,9,4,31.6,1BR,city,True,AG05
U090050,9,3,24.5,studio,pool,True,AG05
U090051,9,1,26.5,studio,standard,True,AG06
U090052,9,8,26.0,studio,standard,False,AG01
U090053,9,8,24.4,studio,standard,True,AG04
U090054,9,4,33.9,1BR,standard,True,AG03
U090055,9,6,22.8,studio,standard,False,AG06
U090056,9,7,20.9,studio,standard,True,AG03
U090057,9,8,25.7,studio,city,True,AG03
U090058,9,1,36.8,1BR Plus,city,False,AG04
U090059,9,8,32.7,1BR,pool,True,AG01
U090060,9,1,24.3,studio,standard,True,AG05
U090061,9,5,25.7,studio,standard,True,AG05
U090062,9,5,21.5,studio,standard,True,AG01
U090063,9,5,25.4,studio,standard,True,AG06
U090064,9,4,21.2,studio,standard,True,AG03
U090065,9,3,23.7,studio,standard,True,AG04
U090066,9,1,26.1,studio,pool,False,AG06
U090067,9,2,21.5,studio,city,True,AG05
U090068,9,3,20.6,studio,standard,True,AG04
U090069,9,5,29.5,1BR,standard,False,AG06
U090070,9,3,25.8,studio,standard,True,AG03
U090071,9,3,24.6,studio,city,True,AG06
U090072,9,7,33.7,1BR,standard,True,AG03
U090073,9,3,31.7,1BR,city,False,AG02
U090074,9,3,22.4,studio,standard,False,AG03
U090075,9,4,22.9,studio,standard,True,AG06
U090076,9,4,30.6,1BR,standard,True,AG03
U090077,9,3,24.6,studio,standard,True,AG05
U090078,9,4,35.2,1BR,city,True,AG05
U090079,9,6,22.4,studio,pool,True,AG06
U090080,9,1,21.2,studio,standard,True,AG01
U090081,9,4,25.1,studio,city,True,AG02
U090082,9,5,26.8,studio,standard,False,AG05
U090083,9,2,34.4,1BR,standard,True,AG01
U090084,9,7,23.8,studio,city,True,AG01
U090085,9,4,27.0,studio,standard,True,AG02
U090086,9,2,30.1,1BR,city,True,AG02
U090087,9,4,31.2,1BR,pool,False,AG04
U090088,9,2,26.4,studio,standard,True,AG06
U090089,9,2,26.2,studio,standard,False,AG06
U090090,9,1,29.1,1BR,city,True,AG01
U090091,9,6,46.4,1BR Plus,city,False,AG02
U090092,9,8,22.4,studio,pool,True,AG06
U090093,9,4,29.9,1BR,pool,False,AG05
U090094,9,1,35.8,1BR Plus,pool,True,AG06
U090095,9,7,22.2,studio,city,True,AG06
U090096,9,2,30.7,1BR,city,True,AG05
U090097,9,1,26.3,studio,standard,False,AG05
U090098,9,7,24.0,studio,standard,True,AG06
U090099,9,5,23.1,studio,pool,True,AG06
U090100,9,2,25.6,studio,standard,False,AG04
U090101,9,5,32.1,1BR,city,True,AG03
U090102,9,8,28.1,1BR,standard,False,AG03
U090103,9,2,30.2,1BR,pool,True,AG01
U090104,9,8,35.3,1BR,standard,True,AG02
U090105,9,2,25.4,studio,standard,True,AG01
U090106,9,8,29.4,1BR,standard,True,AG06
U090107,9,6,29.6,1BR,city,True,AG06
U090108,9,7,21.3,studio,standard,True,AG03
U090109,9,5,38.2,1BR Plus,standard,True,AG01
U090110,9,6,25.3,studio,standard,True,AG05
U090111,9,8,27.9,1BR,city,True,AG06
U090112,9,1,22.8,studio,standard,True,AG02
U090113,9,3,33.3,1BR,standard,True,AG02
U090114,9,8,25.8,studio,standard,False,AG02
U090115,9,2,23.7,studio,standard,True,AG06
U090116,9,4,35.4,1BR,standard,True,AG03
U090117,9,1,26.1,studio,standard,True,AG03
U090118,9,8,31.8,1BR,standard,False,AG04
U090119,9,6,24.2,studio,city,True,AG02
U090120,9,3,20.6,studio,standard,True,AG02
U090121,9,3,21.1,studio,city,True,AG05
U090122,9,4,27.6,1BR,standard,True,AG05
U090123,9,5,35.0,1BR,pool,True,AG06
U090124,9,6,29.3,1BR,standard,True,AG06
U090125,9,8,33.5,1BR,pool,True,AG03
U090126,9,7,24.9,studio,standard,True,AG06
U090127,9,5,24.8,studio,standard,True,AG04
U090128,9,4,43.4,1BR Plus,standard,True,AG01
U090129,9,6,33.5,1BR,pool,True,AG05
U090130,9,4,22.4,studio,pool,True,AG06
U090131,9,4,31.2,1BR,standard,False,AG03
U090132,9,6,41.6,1BR Plus,city,True,AG01
U090133,9,5,26.2,studio,standard,False,AG06
U090134,9,2,35.5,1BR Plus,standard,False,AG01
U090135,9,2,22.4,studio,standard,True,AG05
U090136,9,7,31.8,1BR,standard,True,AG03
U090137,9,1,21.4,studio,standard,False,AG05
U090138,9,4,22.0,studio,pool,False,AG03
U090139,9,4,25.9,studio,standard,False,AG02
U090140,9,1,21.5,studio,city,True,AG03
U090141,9,2,42.1,1BR Plus,city,True,AG02
U090142,9,1,42.3,1BR Plus,standard,False,AG03
U090143,9,1,45.1,1BR Plus,city,False,AG02
U090144,9,8,24.3,studio,standard,True,AG02
U090145,9,2,25.4,studio,city,True,AG04
U090146,9,3,24.7,studio,standard,True,AG06
U090147,9,2,20.8,studio,city,True,AG04
U090148,9,7,28.4,1BR,standard,True,AG02
U090149,9,1,23.3,studio,standard,True,AG01
U090150,9,5,45.0,1BR Plus,city,True,AG01
U090151,9,7,25.6,studio,standard,False,AG05
U090152,9,3,26.7,studio,city,True,AG06
U090153,9,7,26.3,studio,standard,True,AG01
U090154,9,3,21.6,studio,standard,True,AG05
U090155,9,4,21.1,studio,city,True,AG04
U090156,9,1,25.5,studio,standard,True,AG05
U090157,9,7,22.0,studio,standard,True,AG02
U090158,9,1,25.8,studio,city,True,AG01
U090159,9,2,25.7,studio,city,True,AG02
U090160,9,5,25.8,studio,pool,True,AG03
U090161,9,5,31.5,1BR,city,True,AG03
U090162,9,4,22.9,studio,standard,True,AG01
U090163,9,4,31.9,1BR,standard,True,AG03
U090164,9,7,33.0,1BR,city,True,AG04
U090165,9,8,23.5,studio,standard,True,AG04
U090166,9,5,33.9,1BR,standard,True,AG02
U090167,9,2,30.8,1BR,city,True,AG03
U090168,9,2,40.4,1BR Plus,city,True,AG01
U090169,9,4,31.3,1BR,standard,True,AG06
U090170,9,5,23.5,studio,standard,True,AG02
U090171,9,8,22.8,studio,standard,True,AG03
U090172,9,5,26.0,studio,standard,True,AG02
U090173,9,2,33.4,1BR,standard,True,AG05
U090174,9,4,30.9,1BR,standard,True,AG06
U090175,9,3,26.2,studio,city,True,AG06
U090176,9,5,21.2,studio,pool,True,AG01
U090177,9,1,24.1,studio,standard,True,AG02
U090178,9,2,34.2,1BR,city,True,AG05
U090179,9,4,30.8,1BR,standard,True,AG01
U090180,9,5,20.9,studio,pool,True,AG01
U090181,9,3,21.7,studio,standard,True,AG04
U090182,9,7,20.7,studio,standard,False,AG06
U090183,9,1,22.6,studio,standard,True,AG01
U090184,9,2,40.1,1BR Plus,standard,True,AG05
U090185,9,7,40.4,1BR Plus,city,True,AG03
U090186,9,1,33.3,1BR,standard,False,AG01
U090187,9,7,27.0,studio,pool,False,AG03
U090188,9,2,43.0,1BR Plus,standard,True,AG03
U090189,9,7,31.5,1BR,city,True,AG04
U090190,9,1,32.8,1BR,standard,True,AG02
U090191,9,3,24.2,studio,standard,True,AG01
U090192,9,7,33.8,1BR,standard,False,AG03
U090193,9,6,23.4,studio,standard,True,AG04
U090194,9,2,29.0,1BR,city,True,AG04
U090195,9,8,27.9,1BR,standard,True,AG02
U090196,9,1,20.7,studio,standard,True,AG05
U090197,9,2,22.6,studio,standard,True,AG02
U090198,9,5,22.0,studio,standard,True,AG01
U090199,9,7,22.7,studio,standard,False,AG02
U090200,9,5,26.2,studio,standard,True,AG05
U090201,9,4,21.2,studio,standard,True,AG01
U090202,9,4,26.9,studio,city,True,AG06
U090203,9,7,23.4,studio,standard,True,AG05
U090204,9,8,26.6,studio,pool,True,AG05
U090205,9,2,22.0,studio,standard,True,AG04
U090206,9,4,31.3,1BR,standard,False,AG06
U090207,9,6,21.0,studio,pool,False,AG02
U090208,9,8,34.1,1BR,standard,True,AG05
U090209,9,4,20.9,studio,city,True,AG04
U090210,9,5,34.2,1BR,pool,True,AG03
U090211,9,1,22.9,studio,standard,False,AG03
U090212,9,6,21.5,studio,standard,True,AG01
U090213,9,5,29.4,1BR,standard,True,AG06
U090214,9,4,25.6,studio,pool,True,AG03
U090215,9,5,34.2,1BR,standard,True,AG04
U090216,9,1,31.9,1BR,city,True,AG03
U090217,9,2,24.0,studio,pool,True,AG06
U090218,9,1,30.4,1BR,city,True,AG03
U090219,9,4,38.8,1BR Plus,standard,True,AG02
U090220,9,6,25.2,studio,city,True,AG03
U090221,9,3,21.7,studio,standard,True,AG06
U090222,9,7,37.2,1BR Plus,pool,False,AG01
U090223,9,2,30.1,1BR,standard,True,AG01
U090224,9,1,27.2,1BR,standard,False,AG01
U090225,9,4,34.1,1BR,standard,False,AG06
U090226,9,2,24.2,studio,pool,True,AG03
U090227,9,4,33.1,1BR,city,False,AG04
U090228,9,5,24.4,studio,city,False,AG03
U090229,9,5,22.7,studio,city,False,AG01
U090230,9,7,25.2,studio,standard,False,AG06
U090231,9,5,22.1,studio,pool,False,AG01
U090232,9,8,44.9,1BR Plus,city,True,AG03
U090233,9,3,24.9,studio,standard,True,AG01
U090234,9,4,41.4,1BR Plus,city,True,AG02
U090235,9,3,32.4,1BR,standard,False,AG06
U090236,9,2,30.5,1BR,city,True,AG05
U090237,9,6,42.5,1BR Plus,standard,False,AG05
U090238,9,3,31.9,1BR,standard,True,AG01
U090239,9,4,23.6,studio,standard,True,AG03
U090240,9,6,34.6,1BR,standard,True,AG02
U090241,9,5,25.0,studio,pool,True,AG06
U090242,9,3,25.4,studio,city,False,AG04
U090243,9,5,21.8,studio,city,True,AG02
U090244,9,2,24.6,studio,city,True,AG06
U090245,9,4,36.8,1BR Plus,standard,True,AG03
U090246,9,6,42.3,1BR Plus,pool,True,AG06
U090247,9,3,25.9,studio,standard,False,AG06
U090248,9,8,30.1,1BR,standard,True,AG04
U090249,9,1,29.9,1BR,standard,False,AG01
U090250,9,3,32.7,1BR,standard,True,AG04
U090251,9,2,27.4,1BR,pool,True,AG02
U090252,9,6,21.8,studio,standard,True,AG05
U090253,9,7,24.1,studio,standard,True,AG02
U090254,9,4,26.2,studio,standard,True,AG04
U090255,9,2,21.2,studio,standard,True,AG05
U090256,9,4,24.8,studio,city,True,AG02
U090257,9,8,46.7,1BR Plus,standard,True,AG03
U090258,9,3,22.5,studio,standard,True,AG03
U090259,9,1,31.9,1BR,city,True,AG04
U090260,9,1,29.2,1BR,standard,True,AG05
U090261,9,5,21.1,studio,standard,True,AG06
U090262,9,5,23.9,studio,standard,True,AG04
U090263,9,8,26.4,studio,standard,False,AG03
U090264,9,1,32.9,1BR,pool,True,AG04
U090265,9,6,25.7,studio,pool,True,AG05
U090266,9,1,26.6,studio,pool,True,AG06
U090267,9,3,21.5,studio,standard,True,AG01
U090268,9,2,23.1,studio,pool,True,AG02
U090269,9,2,25.0,studio,city,True,AG03
U090270,9,3,22.2,studio,standard,False,AG04
U090271,9,7,34.8,1BR,standard,True,AG04
U090272,9,4,29.0,1BR,standard,True,AG04
U090273,9,2,21.2,studio,standard,True,AG06
U090274,9,2,24.8,studio,standard,True,AG01
U090275,9,1,33.2,1BR,standard,True,AG04
U090276,9,6,22.9,studio,standard,False,AG03
U090277,9,3,22.2,studio,city,False,AG02
U090278,9,2,23.2,studio,standard,True,AG05
U090279,9,3,24.4,studio,city,True,AG04
U090280,9,3,23.4,studio,standard,True,AG05
U090281,9,4,25.1,studio,standard,False,AG06
U090282,9,1,22.2,studio,standard,True,AG06
U090283,9,4,29.2,1BR,standard,True,AG04
U090284,9,8,34.7,1BR,standard,True,AG02
U090285,9,1,25.9,studio,standard,False,AG06
U090286,9,5,26.7,studio,pool,True,AG05
U090287,9,5,31.5,1BR,standard,False,AG04
U090288,9,6,38.8,1BR Plus,pool,True,AG03
U090289,9,8,24.2,studio,standard,False,AG04
U090290,9,4,33.0,1BR,standard,True,AG01
U090291,9,6,25.0,studio,standard,True,AG03
U090292,9,6,25.5,studio,standard,True,AG01
U090293,9,5,21.9,studio,city,True,AG03
U090294,9,6,26.8,studio,city,False,AG04
U090295,9,4,21.8,studio,standard,False,AG05
U090296,9,7,20.6,studio,standard,True,AG03
U090297,9,1,37.1,1BR Plus,standard,True,AG04
U090298,9,5,22.4,studio,standard,False,AG03
U090299,9,7,34.5,1BR,pool,True,AG01
U090300,9,2,23.9,studio,city,True,AG01
U090301,9,3,23.1,studio,city,True,AG02
U090302,9,5,31.9,1BR,city,True,AG03
U090303,9,6,32.8,1BR,standard,True,AG03
U090304,9,6,22.7,studio,standard,True,AG04
U090305,9,6,21.4,studio,city,True,AG06
U090306,9,4,26.0,studio,pool,False,AG02
U090307,9,3,25.0,studio,city,True,AG01
U090308,9,4,21.9,studio,standard,True,AG04
U090309,9,6,23.6,studio,standard,True,AG06
U090310,9,3,26.0,studio,city,True,AG03
U090311,9,2,39.7,1BR Plus,standard,True,AG02
U090312,9,1,25.6,studio,standard,True,AG04
U090313,9,8,25.1,studio,standard,True,AG01
U090314,9,3,33.3,1BR,city,True,AG05
U090315,9,3,31.0,1BR,standard,True,AG05
U090316,9,6,25.2,studio,standard,True,AG03
U090317,9,3,24.1,studio,standard,True,AG05
U090318,9,8,37.9,1BR Plus,pool,True,AG06
U090319,9,5,28.8,1BR,city,True,AG04
U090320,9,2,26.2,studio,city,True,AG03
U090321,9,5,24.9,studio,standard,True,AG06
U090322,9,1,21.3,studio,standard,False,AG04
U090323,9,2,23.6,studio,pool,True,AG06
U090324,9,4,23.2,studio,standard,False,AG06
U090325,9,3,21.5,studio,standard,True,AG04
U090326,9,7,26.7,studio,standard,True,AG06
U090327,9,7,39.9,1BR Plus,standard,True,AG06
U090328,9,8,26.2,studio,pool,False,AG06
U090329,9,1,23.8,studio,standard,True,AG03
U090330,9,8,32.0,1BR,pool,True,AG04
U090331,9,8,22.5,studio,city,True,AG01
U090332,9,6,29.8,1BR,standard,True,AG05
U090333,9,5,28.2,1BR,standard,True,AG06
U090334,9,3,33.5,1BR,standard,True,AG06
U090335,9,2,32.6,1BR,pool,False,AG02
U090336,9,6,21.1,studio,standard,True,AG04
U090337,9,2,24.7,studio,standard,True,AG02
U090338,9,7,22.2,studio,pool,True,AG04
U090339,9,1,26.1,studio,standard,False,AG05
U090340,9,2,45.5,1BR Plus,standard,True,AG05
U090341,9,8,33.4,1BR,pool,True,AG02
U090342,9,6,25.2,studio,pool,True,AG04
U090343,9,8,24.7,studio,city,False,AG01
U090344,9,1,28.6,1BR,city,True,AG01
U090345,9,3,22.4,studio,pool,False,AG03
U090346,9,4,22.9,studio,standard,True,AG04
U090347,9,8,26.3,studio,city,True,AG02
U090348,9,6,24.6,studio,city,True,AG01
U090349,9,6,33.5,1BR,standard,True,AG02
U090350,9,8,22.9,studio,standard,True,AG05
U090351,9,3,27.6,1BR,city,True,AG06
U090352,9,4,26.8,studio,standard,True,AG04
U090353,9,7,26.2,studio,city,True,AG05
U090354,9,8,31.3,1BR,city,True,AG01
U090355,9,3,38.2,1BR Plus,standard,False,AG02
U090356,9,2,20.7,studio,standard,True,AG01
U090357,9,7,21.6,studio,standard,True,AG01
U090358,9,5,25.7,studio,standard,True,AG01
U090359,9,6,34.0,1BR,pool,False,AG05
U090360,9,5,29.0,1BR,standard,True,AG01
U090361,9,8,22.7,studio,pool,True,AG03
U090362,9,8,26.1,studio,standard,True,AG03
U090363,9,1,34.4,1BR,standard,True,AG06
U090364,9,2,27.1,1BR,standard,False,AG04
U090365,9,3,27.6,1BR,standard,True,AG05
U090366,9,5,25.5,studio,city,True,AG04
U090367,9,2,23.4,studio,standard,True,AG05
U090368,9,8,20.9,studio,standard,True,AG01
U090369,9,7,28.8,1BR,standard,True,AG04
U090370,9,5,25.9,studio,standard,True,AG05
U090371,9,4,22.1,studio,pool,True,AG04
U090372,9,2,23.9,studio,standard,True,AG06
U090373,9,8,35.3,1BR,standard,False,AG04
U090374,9,1,36.6,1BR Plus,standard,False,AG02
U090375,9,3,21.9,studio,city,True,AG02
U090376,9,5,45.5,1BR Plus,standard,True,AG04
U090377,9,5,29.0,1BR,standard,True,AG01
U090378,9,1,25.6,studio,city,True,AG05
U090379,9,1,22.9,studio,city,True,AG06
U090380,9,2,34.7,1BR,standard,True,AG05
U090381,9,6,29.4,1BR,standard,True,AG03
U090382,9,4,23.2,studio,standard,True,AG01
U090383,9,6,25.9,studio,standard,False,AG01
U090384,9,2,30.0,1BR,pool,True,AG02
U090385,9,8,40.2,1BR Plus,standard,True,AG03
U090386,9,5,33.0,1BR,standard,True,AG02
U090387,9,3,21.8,studio,city,True,AG02
U090388,9,7,24.1,studio,pool,False,AG01
U090389,9,3,24.8,studio,city,False,AG06
U090390,9,1,25.4,studio,standard,True,AG02
U090391,9,7,29.5,1BR,city,True,AG03
U090392,9,4,20.7,studio,pool,True,AG01
U090393,9,8,44.4,1BR Plus,city,True,AG06
U090394,9,4,27.4,1BR,standard,False,AG03
U090395,9,2,22.4,studio,city,True,AG06
U090396,9,4,34.3,1BR,standard,True,AG01
U090397,9,5,43.6,1BR Plus,city,False,AG02
U090398,9,1,20.9,studio,standard,False,AG04
U090399,9,6,23.8,studio,city,True,AG05
U090400,9,7,27.9,1BR,city,True,AG05
U090401,9,8,26.5,studio,city,True,AG04
U090402,9,8,33.5,1BR,city,True,AG06
U090403,9,7,24.7,studio,pool,True,AG03
U090404,9,6,44.7,1BR Plus,standard,True,AG01
U090405,9,2,25.7,studio,standard,False,AG05
U090406,9,6,26.2,studio,standard,False,AG06
U090407,9,4,20.8,studio,standard,True,AG06
U090408,9,3,26.2,studio,standard,True,AG05
U090409,9,8,26.3,studio,standard,True,AG05
U090410,9,1,22.3,studio,pool,True,AG06
U090411,9,5,26.2,studio,standard,True,AG04
U090412,9,3,23.6,studio,city,True,AG02
U090413,9,3,26.9,studio,standard,False,AG03
U090414,9,7,22.7,studio,standard,True,AG06
U090415,9,1,23.7,studio,city,True,AG02
U090416,9,1,21.4,studio,standard,False,AG03
U090417,9,3,22.2,studio,city,False,AG05
U090418,9,5,31.3,1BR,standard,False,AG06
U090419,9,3,45.3,1BR Plus,standard,False,AG04
U090420,9,6,33.3,1BR,standard,True,AG02
U090421,9,4,25.0,studio,standard,True,AG05
U090422,9,2,24.1,studio,standard,True,AG05
U090423,9,6,32.0,1BR,standard,True,AG06
U090424,9,4,30.4,1BR,standard,False,AG01
U090425,9,6,35.2,1BR,city,True,AG03
U090426,9,2,35.1,1BR,pool,True,AG03
U090427,9,8,23.4,studio,standard,False,AG04
U090428,9,1,23.9,studio,standard,True,AG06
U090429,9,7,27.6,1BR,standard,True,AG02
U090430,9,1,21.8,studio,standard,True,AG01
U090431,9,7,33.5,1BR,city,True,AG04
U090432,9,3,31.1,1BR,standard,True,AG04
U090433,9,6,23.6,studio,standard,True,AG06
U090434,9,5,24.1,studio,city,True,AG04
U090435,9,7,29.6,1BR,city,True,AG04
U090436,9,4,45.1,1BR Plus,standard,True,AG05
U090437,9,2,24.5,studio,pool,True,AG04
U090438,9,3,21.3,studio,standard,False,AG06
U090439,9,3,20.9,studio,standard,False,AG06
U090440,9,3,28.5,1BR,city,False,AG04
U090441,9,1,22.9,studio,standard,False,AG06
U090442,9,3,25.2,studio,standard,True,AG01
U090443,9,1,22.9,studio,standard,True,AG04
U090444,9,2,40.8,1BR Plus,city,True,AG03
U090445,9,2,31.3,1BR,standard,True,AG05
U090446,9,8,25.9,studio,standard,True,AG06
U090447,9,4,23.6,studio,standard,True,AG05
U090448,9,7,23.7,studio,standard,True,AG01
U090449,9,4,24.1,studio,standard,False,AG05
U090450,9,4,23.7,studio,standard,False,AG03
U090451,9,5,25.6,studio,city,True,AG03
U090452,9,5,22.0,studio,standard,True,AG03
U090453,9,5,20.7,studio,city,False,AG02
U090454,9,7,25.3,studio,city,True,AG01
U090455,9,2,30.2,1BR,standard,True,AG04
U090456,9,4,32.0,1BR,standard,True,AG03
U090457,9,3,33.6,1BR,standard,False,AG03
U090458,9,7,20.6,studio,city,True,AG06
U090459,9,1,26.0,studio,standard,True,AG03
U090460,9,2,32.0,1BR,pool,True,AG03
U090461,9,6,33.5,1BR,standard,True,AG05
U090462,9,7,21.6,studio,standard,True,AG02
U090463,9,2,22.9,studio,city,False,AG06
U090464,9,5,26.0,studio,standard,True,AG01
U090465,9,3,25.8,studio,city,False,AG01
U090466,9,7,25.1,studio,pool,True,AG05
U090467,9,4,29.5,1BR,standard,True,AG01
U090468,9,6,22.5,studio,standard,True,AG02
U090469,9,7,30.4,1BR,standard,True,AG01
U090470,9,1,27.1,1BR,standard,True,AG02
U090471,9,3,23.4,studio,pool,True,AG02
U090472,9,7,22.4,studio,standard,False,AG05
U090473,9,5,22.4,studio,standard,True,AG05
U090474,9,7,37.6,1BR Plus,city,False,AG02
U090475,9,3,22.9,studio,standard,False,AG01
U090476,9,7,25.7,studio,city,False,AG02
U090477,9,6,41.5,1BR Plus,standard,True,AG05
U090478,9,3,25.8,studio,city,True,AG02
U090479,9,3,27.2,1BR,standard,False,AG06
U090480,9,6,29.4,1BR,standard,True,AG06
U090481,9,8,23.0,studio,city,True,AG03
U090482,9,6,22.1,studio,standard,True,AG06
U090483,9,5,25.5,studio,pool,True,AG04
U090484,9,6,43.1,1BR Plus,city,True,AG01
U090485,9,1,23.2,studio,standard,True,AG06
U090486,9,3,27.9,1BR,city,True,AG01
U090487,9,7,24.9,studio,standard,False,AG05
U090488,9,4,31.2,1BR,city,False,AG03
U090489,9,4,26.5,studio,standard,True,AG04
U090490,9,3,35.3,1BR,standard,True,AG01
U090491,9,8,25.3,studio,standard,True,AG02
U090492,9,6,21.2,studio,standard,True,AG02
U090493,9,5,29.6,1BR,city,True,AG02
U090494,9,8,30.1,1BR,standard,True,AG06
U090495,9,4,32.9,1BR,standard,True,AG01
U090496,9,7,20.6,studio,standard,False,AG05
U090497,9,7,27.9,1BR,city,True,AG01
U090498,9,1,35.3,1BR,standard,True,AG06
U090499,9,1,22.5,studio,pool,False,AG04
U090500,9,4,30.4,1BR,pool,True,AG05
U090501,9,3,23.8,studio,standard,True,AG05
U090502,9,6,34.6,1BR,standard,True,AG03
U090503,9,6,32.1,1BR,city,True,AG01
U090504,9,4,26.0,studio,city,True,AG05
U090505,9,5,25.4,studio,standard,True,AG01
U090506,9,5,23.0,studio,standard,True,AG02
U090507,9,1,26.8,studio,standard,False,AG01
U090508,9,7,25.2,studio,city,False,AG02
U090509,9,7,41.0,1BR Plus,standard,True,AG05
U090510,9,3,31.1,1BR,standard,True,AG01
U090511,9,8,40.8,1BR Plus,standard,True,AG02
U090512,9,4,24.6,studio,standard,True,AG04
U090513,9,6,25.7,studio,city,False,AG06
U100000,10,1,25.6,studio,standard,True,AG03
U100001,10,4,40.9,1BR Plus,standard,True,AG04
U100002,10,3,29.9,1BR,standard,True,AG04
U100003,10,3,34.8,1BR,pool,True,AG06
U100004,10,5,21.2,studio,standard,True,AG01
U100005,10,7,26.2,studio,city,True,AG02
U100006,10,5,32.4,1BR,standard,True,AG06
U100007,10,7,25.8,studio,standard,True,AG05
U100008,10,8,21.3,studio,city,False,AG03
U100009,10,4,21.0,studio,city,False,AG02
U100010,10,7,35.4,1BR,standard,True,AG06
U100011,10,6,28.7,1BR,pool,True,AG06
U100012,10,4,28.6,1BR,pool,True,AG01
U100013,10,6,28.5,1BR,city,True,AG03
U100014,10,2,35.2,1BR,city,False,AG05
U100015,10,7,32.0,1BR,standard,True,AG04
U100016,10,5,34.7,1BR,standard,False,AG05
U100017,10,5,28.6,1BR,standard,True,AG02
U100018,10,1,24.5,studio,standard,True,AG03
U100019,10,2,21.7,studio,standard,True,AG03
U100020,10,7,25.1,studio,standard,False,AG03
U100021,10,1,21.6,studio,city,True,AG06
U100022,10,6,20.9,studio,standard,True,AG03
U100023,10,8,24.0,studio,standard,False,AG05
U100024,10,7,30.4,1BR,standard,True,AG04
U100025,10,6,30.9,1BR,city,True,AG04
U100026,10,8,25.2,studio,standard,False,AG02
U100027,10,3,25.3,studio,standard,True,AG06
U100028,10,3,22.3,studio,city,True,AG02
U100029,10,2,35.7,1BR Plus,standard,True,AG06
U100030,10,8,21.7,studio,standard,True,AG04
U100031,10,1,25.9,studio,pool,True,AG06
U100032,10,1,33.1,1BR,city,True,AG02
U100033,10,4,34.8,1BR,standard,True,AG01
U100034,10,3,23.4,studio,standard,False,AG04
U100035,10,7,40.9,1BR Plus,city,True,AG04
U100036,10,2,40.4,1BR Plus,standard,False,AG06
U100037,10,3,26.4,studio,standard,True,AG05
U100038,10,8,37.3,1BR Plus,standard,True,AG02
U100039,10,2,25.8,studio,standard,True,AG05
U100040,10,7,21.1,studio,city,True,AG02
U100041,10,3,30.2,1BR,city,True,AG02
U100042,10,1,21.1,studio,city,False,AG04
U100043,10,2,26.8,studio,pool,True,AG05
U100044,10,1,23.9,studio,standard,False,AG04
U100045,10,2,26.4,studio,city,True,AG05
U100046,10,1,20.7,studio,pool,True,AG02
U100047,10,3,28.5,1BR,standard,True,AG02
U100048,10,3,28.8,1BR,standard,False,AG03
U100049,10,8,22.9,studio,city,True,AG06
U100050,10,8,24.7,studio,city,True,AG01
U100051,10,8,23.8,studio,pool,True,AG04
U100052,10,2,23.2,studio,pool,True,AG05
U100053,10,4,29.7,1BR,pool,True,AG01
U100054,10,1,35.3,1BR,standard,True,AG04
U100055,10,1,25.6,studio,standard,True,AG06
U100056,10,6,26.0,studio,pool,True,AG06
U100057,10,2,23.6,studio,standard,True,AG02
U100058,10,7,36.8,1BR Plus,standard,True,AG04
U100059,10,1,21.4,studio,standard,False,AG02
U100060,10,7,27.0,studio,standard,True,AG06
U100061,10,3,32.5,1BR,standard,False,AG03
U100062,10,6,25.7,studio,city,True,AG06
U100063,10,4,25.1,studio,city,True,AG01
U100064,10,2,25.6,studio,standard,True,AG02
U100065,10,8,35.4,1BR,standard,True,AG04
U100066,10,5,47.0,1BR Plus,city,True,AG04
U100067,10,3,40.2,1BR Plus,standard,False,AG01
U100068,10,1,25.7,studio,standard,True,AG06
U100069,10,2,24.4,studio,standard,True,AG01
U100070,10,8,30.4,1BR,pool,True,AG06
U100071,10,3,27.1,1BR,standard,True,AG05
U100072,10,1,21.1,studio,city,False,AG02
U100073,10,6,24.8,studio,standard,True,AG01
U100074,10,1,25.0,studio,city,False,AG01
U100075,10,3,24.9,studio,standard,True,AG05
U100076,10,2,20.9,studio,city,True,AG04
U100077,10,5,44.4,1BR Plus,standard,False,AG05
U100078,10,7,23.7,studio,standard,True,AG06
U100079,10,5,34.2,1BR,standard,True,AG01
U100080,10,7,22.4,studio,standard,True,AG05
U100081,10,4,25.0,studio,standard,False,AG05
U100082,10,8,25.6,studio,standard,False,AG02
U100083,10,2,27.6,1BR,standard,False,AG05
U100084,10,4,43.4,1BR Plus,standard,True,AG01
U100085,10,2,26.7,studio,standard,True,AG04
U100086,10,3,23.8,studio,pool,True,AG06
U100087,10,8,34.7,1BR,standard,False,AG05
U100088,10,1,21.7,studio,standard,False,AG03
U100089,10,7,27.7,1BR,standard,False,AG05
U100090,10,7,21.1,studio,standard,True,AG06
U100091,10,1,28.0,1BR,city,True,AG02
U100092,10,3,29.1,1BR,city,True,AG06
U100093,10,1,33.9,1BR,city,False,AG04
U100094,10,8,26.2,studio,pool,True,AG04
U100095,10,4,26.5,studio,pool,True,AG03
U100096,10,6,21.1,studio,standard,True,AG03
U100097,10,6,23.6,studio,pool,True,AG04
U100098,10,8,27.7,1BR,standard,True,AG03
U100099,10,8,25.3,studio,pool,True,AG02
U100100,10,7,29.0,1BR,pool,True,AG01
U100101,10,6,34.3,1BR,standard,False,AG03
U100102,10,6,21.8,studio,standard,True,AG02
U100103,10,2,32.1,1BR,standard,False,AG04
U100104,10,1,24.9,studio,standard,True,AG04
U100105,10,3,32.8,1BR,standard,True,AG01
U100106,10,2,26.4,studio,standard,False,AG03
U100107,10,1,39.6,1BR Plus,pool,True,AG02
U100108,10,7,28.0,1BR,standard,False,AG04
U100109,10,8,30.1,1BR,standard,False,AG02
U100110,10,3,25.0,studio,pool,True,AG02
U100111,10,6,35.2,1BR,standard,False,AG03
U100112,10,7,26.3,studio,standard,False,AG01
U100113,10,5,45.4,1BR Plus,standard,True,AG02
U100114,10,6,25.9,studio,city,True,AG03
U100115,10,5,25.4,studio,standard,True,AG03
U100116,10,1,32.4,1BR,standard,True,AG06
U100117,10,1,20.7,studio,standard,True,AG06
U100118,10,7,27.9,1BR,standard,True,AG04
U100119,10,6,21.4,studio,standard,True,AG03
U100120,10,5,21.0,studio,standard,True,AG06
U100121,10,7,22.4,studio,city,False,AG03
U100122,10,3,33.3,1BR,city,True,AG02
U100123,10,7,24.6,studio,city,True,AG05
U100124,10,2,25.4,studio,standard,True,AG02
U100125,10,8,21.1,studio,standard,True,AG04
U100126,10,1,29.6,1BR,standard,True,AG01
U100127,10,6,24.1,studio,pool,False,AG01
U100128,10,3,26.7,studio,pool,True,AG01
U100129,10,2,29.6,1BR,standard,True,AG03
U100130,10,1,26.5,studio,standard,True,AG01
U100131,10,5,21.2,studio,city,True,AG03
U100132,10,6,23.9,studio,standard,False,AG02
U100133,10,8,24.4,studio,standard,False,AG03
U100134,10,6,30.6,1BR,pool,False,AG03
U100135,10,8,21.1,studio,standard,True,AG01
U100136,10,3,46.9,1BR Plus,city,True,AG01
U100137,10,5,35.4,1BR,standard,True,AG05
U100138,10,8,33.8,1BR,standard,True,AG03
U100139,10,3,24.9,studio,standard,True,AG05
U100140,10,7,23.7,studio,standard,True,AG05
U100141,10,3,27.0,1BR,city,True,AG06
U100142,10,3,22.7,studio,standard,True,AG04
U100143,10,4,42.0,1BR Plus,standard,True,AG06
U100144,10,3,35.1,1BR,standard,False,AG05
U100145,10,5,31.7,1BR,standard,True,AG05
U100146,10,1,31.3,1BR,city,True,AG03
U100147,10,6,26.9,studio,standard,True,AG03
U100148,10,1,30.8,1BR,standard,True,AG06
U100149,10,3,37.9,1BR Plus,city,False,AG03
U100150,10,4,22.6,studio,standard,True,AG02
U100151,10,2,27.2,1BR,pool,True,AG02
U100152,10,5,26.2,studio,standard,True,AG06
U100153,10,1,22.5,studio,standard,True,AG05
U100154,10,3,25.7,studio,standard,True,AG02
U100155,10,7,21.0,studio,standard,True,AG05
U100156,10,7,21.9,studio,city,False,AG03
U100157,10,5,30.9,1BR,standard,True,AG06
U100158,10,4,35.5,1BR,standard,True,AG04
U100159,10,5,23.4,studio,standard,False,AG04
U100160,10,4,26.3,studio,standard,True,AG02
U100161,10,1,31.7,1BR,pool,True,AG06
U100162,10,3,21.3,studio,standard,False,AG05
U100163,10,2,26.1,studio,standard,True,AG04
U100164,10,1,30.4,1BR,standard,True,AG04
U100165,10,8,26.1,studio,pool,False,AG05
U100166,10,8,31.0,1BR,standard,True,AG04
U100167,10,5,35.1,1BR,city,True,AG03
U100168,10,7,22.8,studio,standard,True,AG05
U100169,10,1,22.4,studio,standard,True,AG01
U100170,10,7,23.2,studio,city,False,AG02
U100171,10,2,35.0,1BR,standard,True,AG03
U100172,10,1,26.9,studio,standard,False,AG06
U100173,10,5,23.5,studio,standard,True,AG05
U100174,10,3,23.3,studio,pool,True,AG04
U100175,10,6,23.0,studio,standard,True,AG05
U100176,10,2,20.9,studio,pool,False,AG05
U100177,10,1,35.7,1BR Plus,standard,True,AG03
U100178,10,5,33.9,1BR,standard,True,AG05
U100179,10,1,21.8,studio,standard,True,AG06
U100180,10,4,24.1,studio,city,True,AG06
U100181,10,6,28.6,1BR,city,True,AG01
U100182,10,3,35.1,1BR,pool,True,AG01
U100183,10,7,24.0,studio,standard,False,AG03
U100184,10,1,24.3,studio,standard,True,AG02
U100185,10,2,22.8,studio,city,True,AG01
U100186,10,6,30.9,1BR,standard,True,AG05
U100187,10,8,26.4,studio,pool,True,AG04
U100188,10,1,26.2,studio,standard,True,AG04
U100189,10,2,23.2,studio,standard,False,AG02
U100190,10,5,44.8,1BR Plus,standard,True,AG04
U100191,10,8,23.8,studio,standard,True,AG04
U100192,10,6,26.5,studio,standard,True,AG03
U100193,10,8,21.5,studio,pool,True,AG02
U100194,10,4,32.1,1BR,standard,True,AG05
U100195,10,4,34.6,1BR,pool,True,AG03
U100196,10,2,25.2,studio,city,True,AG05
U100197,10,6,23.8,studio,standard,True,AG03
U100198,10,1,33.1,1BR,standard,True,AG02
U100199,10,8,25.4,studio,city,False,AG02
U100200,10,4,21.8,studio,city,True,AG02
U100201,10,2,29.2,1BR,standard,True,AG01
U100202,10,3,26.4,studio,standard,False,AG03
U100203,10,2,22.1,studio,city,True,AG03
U100204,10,8,36.8,1BR Plus,city,True,AG05
U100205,10,5,31.1,1BR,city,False,AG06
U100206,10,7,24.9,studio,standard,True,AG03
U100207,10,5,27.4,1BR,standard,True,AG06
U100208,10,7,28.6,1BR,standard,True,AG02
U100209,10,2,28.0,1BR,pool,True,AG01
U100210,10,4,27.0,1BR,standard,True,AG05
U100211,10,6,34.9,1BR,city,False,AG02
U100212,10,3,20.6,studio,city,True,AG06
U100213,10,6,21.2,studio,city,True,AG01
U100214,10,3,25.8,studio,city,True,AG04
U100215,10,6,34.5,1BR,standard,True,AG05
U100216,10,4,23.3,studio,city,False,AG06
U100217,10,3,20.9,studio,pool,True,AG01
U100218,10,6,29.8,1BR,city,True,AG01
U100219,10,5,31.0,1BR,standard,True,AG02
U100220,10,2,29.2,1BR,standard,True,AG01
U100221,10,1,21.9,studio,pool,True,AG03
U100222,10,5,22.9,studio,pool,True,AG06
U100223,10,2,26.8,studio,standard,True,AG01
U100224,10,1,39.4,1BR Plus,city,True,AG06
U100225,10,6,46.1,1BR Plus,standard,True,AG04
U100226,10,1,26.4,studio,standard,True,AG05
U100227,10,1,25.0,studio,standard,False,AG01
U100228,10,1,46.5,1BR Plus,city,True,AG02
U100229,10,7,22.7,studio,standard,True,AG05
U100230,10,3,25.6,studio,pool,True,AG02
U100231,10,5,33.1,1BR,city,False,AG06
U100232,10,6,20.6,studio,standard,True,AG01
U100233,10,4,24.4,studio,city,True,AG04
U100234,10,4,44.3,1BR Plus,city,True,AG05
U100235,10,6,26.2,studio,city,True,AG04
U100236,10,5,36.7,1BR Plus,pool,True,AG06
U100237,10,5,26.0,studio,standard,True,AG01
U100238,10,5,24.0,studio,pool,False,AG06
U100239,10,2,30.2,1BR,city,True,AG05
U100240,10,8,26.7,studio,city,True,AG05
U100241,10,8,28.3,1BR,standard,True,AG02
U100242,10,4,24.2,studio,standard,True,AG05
U100243,10,1,37.9,1BR Plus,standard,False,AG02
U100244,10,4,26.2,studio,standard,False,AG01
U100245,10,4,22.7,studio,standard,True,AG06
U100246,10,6,27.0,studio,pool,True,AG02
U100247,10,5,23.4,studio,standard,True,AG04
U100248,10,8,29.4,1BR,standard,True,AG05
U100249,10,4,27.2,1BR,standard,True,AG01
U100250,10,4,22.4,studio,standard,True,AG03
U100251,10,2,21.8,studio,city,True,AG05
U100252,10,3,22.0,studio,standard,True,AG06
U100253,10,2,20.8,studio,city,True,AG02
U100254,10,7,25.0,studio,standard,True,AG06
U100255,10,6,25.8,studio,standard,True,AG02
U100256,10,4,29.9,1BR,city,False,AG06
U100257,10,8,30.6,1BR,standard,True,AG06
U100258,10,4,25.6,studio,standard,False,AG03
U100259,10,8,33.5,1BR,city,True,AG04
U100260,10,7,23.9,studio,city,True,AG05
U100261,10,6,34.9,1BR,city,False,AG02
U100262,10,3,30.7,1BR,standard,True,AG05
U100263,10,4,32.0,1BR,pool,True,AG06
U100264,10,2,31.4,1BR,standard,True,AG01
U100265,10,4,34.2,1BR,standard,True,AG05
U100266,10,3,33.1,1BR,city,True,AG04
U100267,10,2,31.3,1BR,standard,True,AG02
U100268,10,3,20.8,studio,standard,True,AG06
U100269,10,4,28.5,1BR,city,True,AG02
U100270,10,2,22.0,studio,pool,False,AG05
U100271,10,4,25.4,studio,standard,True,AG04
U100272,10,7,43.6,1BR Plus,standard,False,AG01
U100273,10,1,26.0,studio,pool,False,AG01
U100274,10,6,21.4,studio,standard,True,AG04
U100275,10,5,25.5,studio,standard,False,AG06
U100276,10,2,28.7,1BR,standard,False,AG03
U100277,10,5,20.9,studio,standard,True,AG02
U100278,10,1,21.4,studio,standard,True,AG06
U100279,10,2,38.4,1BR Plus,pool,True,AG04
U100280,10,4,24.9,studio,standard,True,AG02
U100281,10,3,28.2,1BR,standard,True,AG03
U100282,10,7,21.0,studio,standard,True,AG02
U100283,10,2,27.8,1BR,standard,True,AG04
U100284,10,2,27.9,1BR,standard,False,AG04
U100285,10,8,30.9,1BR,standard,True,AG05
U100286,10,4,22.5,studio,pool,True,AG01
U100287,10,3,25.0,studio,standard,True,AG01
U100288,10,8,29.8,1BR,city,True,AG06
U100289,10,7,22.1,studio,standard,True,AG02
U100290,10,4,20.6,studio,city,True,AG05
U100291,10,3,26.4,studio,pool,True,AG06
U100292,10,6,44.1,1BR Plus,standard,True,AG01
U100293,10,7,30.5,1BR,pool,True,AG01
U100294,10,3,29.4,1BR,standard,True,AG05
U100295,10,8,25.7,studio,standard,True,AG02
U100296,10,8,46.1,1BR Plus,standard,True,AG01
U100297,10,5,21.7,studio,standard,True,AG02
U100298,10,8,25.2,studio,pool,True,AG03
U100299,10,8,34.5,1BR,city,True,AG01
U100300,10,3,23.4,studio,city,True,AG04
U100301,10,7,26.7,studio,city,True,AG05
U100302,10,2,33.2,1BR,standard,True,AG01
U100303,10,3,36.1,1BR Plus,city,True,AG03
U100304,10,8,27.5,1BR,standard,True,AG01
U100305,10,2,45.9,1BR Plus,city,True,AG02
U100306,10,1,22.9,studio,pool,True,AG05
U100307,10,3,32.3,1BR,pool,True,AG05
U100308,10,6,21.4,studio,standard,True,AG01
U100309,10,4,34.5,1BR,standard,True,AG01
U100310,10,4,20.6,studio,standard,True,AG01
U100311,10,5,22.9,studio,pool,True,AG01
U100312,10,5,21.6,studio,standard,True,AG01
U100313,10,7,21.1,studio,city,True,AG04
U100314,10,7,26.1,studio,pool,True,AG06
U100315,10,7,32.1,1BR,standard,True,AG06
U100316,10,5,23.4,studio,standard,True,AG02
U100317,10,8,23.0,studio,standard,True,AG01
U100318,10,8,24.1,studio,city,True,AG05
U100319,10,5,31.9,1BR,standard,True,AG06
U100320,10,3,20.9,studio,standard,True,AG04
U100321,10,2,21.7,studio,standard,False,AG04
U100322,10,1,34.0,1BR,pool,True,AG04
U100323,10,3,31.7,1BR,standard,True,AG03
U100324,10,8,34.8,1BR,standard,True,AG05
U100325,10,5,26.1,studio,standard,True,AG04
U100326,10,7,29.1,1BR,standard,True,AG06
U100327,10,1,25.6,studio,city,True,AG01
U100328,10,5,33.8,1BR,standard,True,AG03
U100329,10,1,26.8,studio,city,False,AG06
U100330,10,2,29.4,1BR,standard,True,AG02
U100331,10,4,21.5,studio,pool,True,AG04
U100332,10,3,24.5,studio,standard,True,AG06
U100333,10,5,22.4,studio,city,False,AG05
U100334,10,3,29.7,1BR,city,True,AG05
U100335,10,7,32.2,1BR,standard,True,AG03
U100336,10,2,25.6,studio,city,True,AG06
U100337,10,2,26.9,studio,city,True,AG05
U100338,10,2,36.7,1BR Plus,pool,True,AG05
U100339,10,7,25.5,studio,standard,True,AG01
U100340,10,1,23.3,studio,city,True,AG06
U100341,10,1,21.6,studio,standard,False,AG04
U100342,10,4,34.2,1BR,standard,True,AG03
U100343,10,4,37.7,1BR Plus,city,True,AG02
U100344,10,1,32.7,1BR,city,True,AG04
U100345,10,7,25.0,studio,standard,True,AG05
U100346,10,7,25.1,studio,city,True,AG05
U100347,10,2,21.6,studio,city,True,AG04
U100348,10,1,25.7,studio,city,True,AG02
U100349,10,2,25.3,studio,standard,True,AG01
U100350,10,8,21.5,studio,standard,True,AG05
U100351,10,4,29.8,1BR,pool,True,AG01
U100352,10,5,30.1,1BR,standard,True,AG03
U100353,10,8,42.2,1BR Plus,city,True,AG06
U100354,10,7,23.0,studio,standard,True,AG02
U100355,10,8,23.3,studio,standard,True,AG05
U100356,10,8,20.9,studio,standard,True,AG01
U100357,10,7,26.5,studio,pool,True,AG02
U100358,10,5,34.6,1BR,standard,False,AG06
U100359,10,1,24.6,studio,city,True,AG04
U100360,10,3,21.7,studio,standard,True,AG05
U100361,10,1,42.5,1BR Plus,pool,True,AG06
U100362,10,6,22.1,studio,standard,True,AG01
U100363,10,6,22.6,studio,standard,False,AG03
U100364,10,6,24.6,studio,pool,True,AG06
U100365,10,1,24.3,studio,standard,True,AG05
U100366,10,7,25.0,studio,city,True,AG03
U100367,10,6,26.1,studio,standard,True,AG03
U100368,10,1,24.4,studio,standard,True,AG03
U100369,10,1,21.3,studio,standard,True,AG01
U100370,10,3,22.5,studio,standard,True,AG01
U100371,10,4,23.4,studio,standard,True,AG01
U100372,10,3,34.1,1BR,standard,True,AG06
U100373,10,6,43.2,1BR Plus,standard,True,AG04
U100374,10,7,25.8,studio,standard,False,AG04
U100375,10,6,27.1,1BR,standard,True,AG05
U100376,10,1,33.1,1BR,pool,True,AG03
U100377,10,3,23.9,studio,standard,True,AG02
U100378,10,8,27.9,1BR,standard,False,AG05
U100379,10,2,21.4,studio,pool,True,AG02
U100380,10,5,25.3,studio,pool,True,AG06
U100381,10,8,22.7,studio,pool,True,AG04
U100382,10,6,33.9,1BR,city,True,AG06
U100383,10,5,23.8,studio,city,True,AG04
U100384,10,4,33.2,1BR,city,True,AG01
U100385,10,5,32.2,1BR,city,True,AG02
U100386,10,6,30.1,1BR,pool,True,AG03
U100387,10,3,21.0,studio,standard,False,AG05
U100388,10,4,37.5,1BR Plus,standard,True,AG05
U100389,10,6,46.0,1BR Plus,standard,True,AG03
U100390,10,4,34.5,1BR,city,False,AG02
U100391,10,6,22.0,studio,standard,True,AG06
U100392,10,4,26.2,studio,city,True,AG01
U100393,10,6,26.0,studio,city,True,AG03
U100394,10,3,32.5,1BR,city,False,AG06
U100395,10,1,36.3,1BR Plus,city,True,AG02
U100396,10,3,22.1,studio,standard,True,AG02
U100397,10,8,21.5,studio,standard,True,AG06
U100398,10,5,24.2,studio,city,True,AG01
U100399,10,2,41.4,1BR Plus,standard,True,AG02
U100400,10,5,35.0,1BR,pool,True,AG05
U100401,10,5,24.5,studio,standard,True,AG02
U100402,10,7,32.7,1BR,city,False,AG05
U100403,10,2,31.0,1BR,city,True,AG01
U100404,10,1,20.8,studio,standard,True,AG01
U100405,10,1,23.4,studio,standard,True,AG06
U100406,10,4,22.4,studio,pool,True,AG01
U100407,10,4,34.5,1BR,standard,False,AG04
U100408,10,1,30.9,1BR,standard,True,AG03
U100409,10,2,33.5,1BR,city,True,AG04
U100410,10,3,24.5,studio,standard,True,AG01
U100411,10,6,27.2,1BR,standard,True,AG01
U100412,10,5,21.4,studio,standard,True,AG06
U100413,10,5,25.2,studio,pool,True,AG03
U100414,10,1,23.5,studio,city,False,AG04
U100415,10,7,30.5,1BR,standard,True,AG04
U100416,10,1,22.9,studio,standard,True,AG06
U100417,10,8,21.1,studio,standard,True,AG05
U100418,10,3,30.5,1BR,standard,True,AG05
U100419,10,4,22.8,studio,pool,False,AG03
U100420,10,7,32.0,1BR,city,False,AG01
U100421,10,2,22.9,studio,standard,True,AG01
U100422,10,1,31.1,1BR,city,False,AG03
U100423,10,1,24.0,studio,standard,True,AG01
U100424,10,8,22.6,studio,standard,True,AG06
U100425,10,1,22.3,studio,standard,True,AG05
U100426,10,4,26.9,studio,standard,True,AG03
U100427,10,4,24.9,studio,standard,True,AG02
U100428,10,6,26.5,studio,standard,True,AG06
U100429,10,6,32.3,1BR,standard,True,AG05
U100430,10,3,21.0,studio,standard,True,AG06
U100431,10,3,38.9,1BR Plus,standard,True,AG06
U100432,10,7,20.8,studio,standard,True,AG03
U100433,10,2,22.1,studio,standard,True,AG06
U100434,10,5,32.8,1BR,pool,True,AG02
U100435,10,5,41.0,1BR Plus,city,True,AG01
U100436,10,3,21.4,studio,city,True,AG01
U100437,10,6,21.4,studio,pool,False,AG04
U100438,10,2,30.4,1BR,standard,True,AG03
U100439,10,7,21.9,studio,city,True,AG02
U100440,10,8,21.8,studio,standard,True,AG06
U100441,10,7,23.8,studio,pool,True,AG01
U100442,10,7,26.7,studio,standard,True,AG03
U100443,10,7,25.1,studio,standard,True,AG04
U100444,10,3,30.2,1BR,standard,True,AG05
U100445,10,2,25.9,studio,pool,True,AG05
U100446,10,5,24.2,studio,standard,True,AG01
U100447,10,5,24.2,studio,city,True,AG06
U100448,10,7,40.3,1BR Plus,standard,True,AG03
U100449,10,5,22.1,studio,standard,True,AG05
U100450,10,7,33.7,1BR,standard,True,AG02
U100451,10,7,21.3,studio,pool,True,AG01
U100452,10,4,24.9,studio,city,False,AG02
U100453,10,8,36.5,1BR Plus,standard,False,AG04
U100454,10,1,21.7,studio,standard,False,AG03
U100455,10,6,25.7,studio,standard,True,AG02
U100456,10,6,23.8,studio,city,True,AG03
U100457,10,8,31.2,1BR,standard,True,AG02
U100458,10,7,26.7,studio,standard,False,AG03
U100459,10,2,40.9,1BR Plus,standard,True,AG03
U100460,10,1,23.7,studio,standard,True,AG03
U100461,10,4,31.7,1BR,standard,True,AG04
U100462,10,2,23.5,studio,standard,True,AG03
U100463,10,3,24.9,studio,city,True,AG02
U100464,10,7,30.6,1BR,standard,True,AG04
U100465,10,2,29.2,1BR,city,True,AG04
U100466,10,5,25.1,studio,standard,True,AG02
U100467,10,2,23.1,studio,city,True,AG05
U100468,10,6,22.5,studio,pool,True,AG05
U100469,10,7,21.8,studio,standard,False,AG03
U100470,10,4,25.3,studio,pool,True,AG04
U100471,10,5,22.6,studio,standard,True,AG04
U100472,10,8,33.2,1BR,city,True,AG06
U100473,10,5,23.9,studio,city,True,AG06
U100474,10,4,24.7,studio,standard,True,AG03
U100475,10,5,26.5,studio,standard,True,AG06
U100476,10,8,47.0,1BR Plus,city,True,AG05
U100477,10,1,28.7,1BR,pool,False,AG03
U100478,10,4,32.7,1BR,pool,True,AG01
U100479,10,3,24.2,studio,standard,True,AG05
U100480,10,2,35.0,1BR,standard,False,AG04
U100481,10,5,22.1,studio,standard,False,AG04
U100482,10,7,34.5,1BR,standard,True,AG01
U100483,10,7,26.1,studio,standard,True,AG03
U100484,10,4,26.9,studio,standard,True,AG06
U100485,10,8,31.3,1BR,standard,True,AG01
U100486,10,4,35.2,1BR,city,False,AG06
U100487,10,6,25.5,studio,standard,True,AG05
U100488,10,7,43.0,1BR Plus,standard,True,AG03
U100489,10,4,25.9,studio,standard,True,AG03
U100490,10,5,29.2,1BR,standard,True,AG05
U100491,10,8,24.6,studio,pool,True,AG03
U100492,10,5,23.0,studio,standard,False,AG05
U100493,10,1,24.7,studio,standard,True,AG05
U100494,10,4,21.1,studio,standard,False,AG03
U100495,10,6,23.8,studio,standard,True,AG05
U100496,10,4,33.3,1BR,city,True,AG02
U100497,10,2,31.8,1BR,standard,True,AG06
U100498,10,1,38.1,1BR Plus,standard,True,AG03
U100499,10,2,22.3,studio,standard,True,AG01
U100500,10,6,20.9,studio,city,True,AG03
U100501,10,5,21.7,studio,city,True,AG05
U100502,10,5,21.5,studio,standard,True,AG01
U100503,10,1,23.2,studio,standard,True,AG06
U100504,10,1,22.6,studio,pool,True,AG02
U100505,10,6,23.0,studio,standard,True,AG05
U100506,10,2,32.3,1BR,city,True,AG02
U100507,10,4,20.9,studio,standard,True,AG06
U100508,10,2,30.4,1BR,city,False,AG04
U100509,10,4,30.4,1BR,pool,False,AG06
U100510,10,2,31.7,1BR,standard,True,AG05
U100511,10,7,32.6,1BR,standard,True,AG06
U100512,10,6,26.9,studio,city,True,AG04
U100513,10,4,20.6,studio,standard,True,AG02
U100514,10,5,26.1,studio,standard,True,AG03
U100515,10,1,34.8,1BR,city,True,AG05
U100516,10,7,23.0,studio,standard,True,AG01
U100517,10,6,25.5,studio,standard,True,AG01
U100518,10,5,22.0,studio,standard,False,AG03
U100519,10,6,24.1,studio,standard,True,AG06
U100520,10,6,35.0,1BR,city,True,AG03
U100521,10,2,28.1,1BR,standard,True,AG02
U100522,10,6,26.4,studio,standard,True,AG02
U100523,10,1,30.1,1BR,standard,True,AG06
U100524,10,1,24.8,studio,standard,False,AG01
U100525,10,8,23.6,studio,standard,True,AG06
U100526,10,8,36.7,1BR Plus,pool,True,AG04
U100527,10,4,22.7,studio,city,True,AG03
U100528,10,2,23.8,studio,standard,True,AG05
U100529,10,3,30.0,1BR,city,True,AG05
U100530,10,3,21.9,studio,standard,False,AG04
U100531,10,7,21.9,studio,standard,True,AG04
U100532,10,3,21.0,studio,pool,True,AG04
U100533,10,1,24.1,studio,pool,True,AG05
U100534,10,4,23.1,studio,standard,True,AG03
U100535,10,6,24.0,studio,standard,True,AG05
U100536,10,5,21.6,studio,city,True,AG02
U100537,10,3,23.5,studio,standard,True,AG03
U100538,10,3,28.8,1BR,standard,True,AG05
U100539,10,7,26.3,studio,standard,True,AG06
U100540,10,2,43.4,1BR Plus,standard,True,AG02
U100541,10,4,25.5,studio,pool,True,AG05
U100542,10,5,29.4,1BR,standard,False,AG05
U100543,10,7,29.3,1BR,standard,True,AG04
U100544,10,7,26.9,studio,pool,True,AG04
U100545,10,4,24.1,studio,standard,True,AG03
U100546,10,7,21.6,studio,standard,True,AG04
U100547,10,5,20.7,studio,standard,True,AG02
U100548,10,4,41.1,1BR Plus,standard,True,AG05
U100549,10,1,22.8,studio,city,True,AG01
U100550,10,5,24.4,studio,standard,False,AG01
U100551,10,3,41.9,1BR Plus,standard,True,AG04
U100552,10,4,28.4,1BR,pool,True,AG06
U100553,10,6,43.2,1BR Plus,standard,True,AG02
U100554,10,7,26.1,studio,pool,True,AG01
U100555,10,1,33.0,1BR,city,True,AG04
U100556,10,8,26.3,studio,pool,True,AG02
U100557,10,1,22.2,studio,standard,True,AG01
U100558,10,8,25.6,studio,pool,True,AG04
U100559,10,8,23.2,studio,standard,False,AG03
U100560,10,7,21.5,studio,standard,False,AG01
U100561,10,3,43.8,1BR Plus,pool,True,AG05
U100562,10,6,27.5,1BR,standard,False,AG01
U100563,10,2,27.9,1BR,pool,False,AG03
U100564,10,8,24.8,studio,city,False,AG02
U100565,10,4,22.2,studio,city,True,AG04
U100566,10,1,42.9,1BR Plus,standard,True,AG01
U100567,10,4,24.4,studio,pool,True,AG02
U100568,10,4,28.1,1BR,pool,True,AG02
U100569,10,1,26.1,studio,standard,True,AG06
U100570,10,2,44.8,1BR Plus,standard,True,AG02
U100571,10,1,21.9,studio,standard,True,AG06
U100572,10,7,21.8,studio,standard,True,AG01
U100573,10,2,39.2,1BR Plus,city,True,AG05
U100574,10,5,28.4,1BR,standard,False,AG01
U100575,10,6,22.8,studio,standard,True,AG04
U100576,10,6,31.3,1BR,standard,True,AG02
U100577,10,4,26.4,studio,pool,True,AG04
U100578,10,7,23.7,studio,pool,True,AG02
U100579,10,6,24.0,studio,standard,False,AG05
U100580,10,8,27.9,1BR,standard,True,AG05
U100581,10,4,22.9,studio,standard,True,AG02
U100582,10,8,33.1,1BR,city,True,AG03
U100583,10,5,25.6,studio,city,False,AG01
U100584,10,1,22.6,studio,pool,True,AG02
U100585,10,7,23.6,studio,standard,False,AG05
U100586,10,7,21.8,studio,city,True,AG01
U100587,10,3,26.6,studio,standard,True,AG01
U100588,10,6,26.7,studio,city,True,AG03
U100589,10,4,22.9,studio,standard,True,AG01
U100590,10,1,25.8,studio,standard,True,AG01
U100591,10,1,34.7,1BR,standard,False,AG05
U100592,10,4,26.9,studio,standard,True,AG02
U100593,10,1,26.2,studio,city,False,AG04
U100594,10,7,21.6,studio,pool,False,AG02
U100595,10,5,24.2,studio,standard,True,AG04
U100596,10,1,23.9,studio,standard,False,AG02
U100597,10,2,23.3,studio,standard,True,AG04
U100598,10,3,30.6,1BR,pool,True,AG01
U100599,10,3,43.5,1BR Plus,city,False,AG01
U110000,11,6,23.9,studio,standard,True,AG03
U110001,11,7,42.0,1BR Plus,pool,True,AG01
U110002,11,1,34.1,1BR,standard,True,AG04
U110003,11,3,26.5,studio,standard,True,AG02
U110004,11,7,25.0,studio,standard,True,AG04
U110005,11,6,33.6,1BR,standard,True,AG06
U110006,11,8,21.8,studio,standard,False,AG06
U110007,11,6,23.7,studio,city,True,AG04
U110008,11,2,22.0,studio,standard,False,AG01
U110009,11,5,32.9,1BR,city,False,AG01
U110010,11,6,24.1,studio,pool,True,AG06
U110011,11,8,21.2,studio,city,True,AG06
U110012,11,7,27.2,1BR,standard,True,AG04
U110013,11,7,32.1,1BR,standard,True,AG01
U110014,11,4,24.6,studio,standard,True,AG06
U110015,11,2,25.3,studio,city,True,AG04
U110016,11,3,26.5,studio,city,False,AG02
U110017,11,5,24.7,studio,standard,True,AG06
U110018,11,4,31.6,1BR,standard,True,AG01
U110019,11,2,24.5,studio,city,True,AG06
U110020,11,8,21.8,studio,standard,True,AG02
U110021,11,7,22.4,studio,pool,True,AG04
U110022,11,7,25.7,studio,standard,True,AG04
U110023,11,8,28.0,1BR,standard,True,AG05
U110024,11,1,23.0,studio,standard,True,AG01
U110025,11,1,33.8,1BR,pool,True,AG04
U110026,11,8,26.4,studio,standard,True,AG02
U110027,11,8,34.1,1BR,city,False,AG01
U110028,11,5,23.9,studio,standard,True,AG03
U110029,11,6,28.3,1BR,standard,True,AG04
U110030,11,5,25.5,studio,standard,True,AG03
U110031,11,1,28.7,1BR,pool,True,AG05
U110032,11,3,42.4,1BR Plus,city,True,AG05
U110033,11,5,30.1,1BR,pool,True,AG06
U110034,11,2,26.9,studio,city,True,AG05
U110035,11,4,33.7,1BR,city,True,AG06
U110036,11,1,33.1,1BR,city,True,AG03
U110037,11,7,31.2,1BR,standard,False,AG06
U110038,11,6,23.6,studio,pool,True,AG03
U110039,11,7,28.0,1BR,standard,True,AG04
U110040,11,7,44.8,1BR Plus,standard,True,AG03
U110041,11,3,24.5,studio,standard,True,AG01
U110042,11,3,42.9,1BR Plus,city,False,AG02
U110043,11,5,22.7,studio,standard,True,AG02
U110044,11,7,38.2,1BR Plus,standard,True,AG04
U110045,11,8,39.5,1BR Plus,standard,True,AG03
U110046,11,6,22.0,studio,standard,True,AG01
U110047,11,2,23.9,studio,standard,True,AG05
U110048,11,4,20.8,studio,city,True,AG01
U110049,11,2,45.4,1BR Plus,city,True,AG01
U110050,11,8,30.9,1BR,standard,True,AG03
U110051,11,5,38.8,1BR Plus,standard,True,AG04
U110052,11,4,22.9,studio,standard,False,AG03
U110053,11,5,43.5,1BR Plus,standard,True,AG04
U110054,11,6,23.4,studio,city,True,AG06
U110055,11,4,28.4,1BR,city,True,AG05
U110056,11,2,31.6,1BR,city,True,AG01
U110057,11,3,21.2,studio,standard,True,AG04
U110058,11,1,26.4,studio,city,True,AG06
U110059,11,1,22.6,studio,standard,True,AG01
U110060,11,6,23.1,studio,city,True,AG04
U110061,11,8,22.8,studio,standard,True,AG03
U110062,11,3,26.4,studio,city,True,AG04
U110063,11,2,25.8,studio,standard,True,AG05
U110064,11,3,25.6,studio,standard,True,AG02
U110065,11,6,25.4,studio,city,True,AG05
U110066,11,1,31.8,1BR,standard,True,AG04
U110067,11,8,32.0,1BR,standard,True,AG04
U110068,11,5,22.5,studio,pool,True,AG05
U110069,11,8,21.0,studio,pool,False,AG02
U110070,11,8,28.6,1BR,standard,True,AG03
U110071,11,3,24.0,studio,standard,True,AG03
U110072,11,6,30.3,1BR,standard,False,AG01
U110073,11,2,20.8,studio,standard,False,AG01
U110074,11,5,32.6,1BR,standard,True,AG05
U110075,11,5,33.0,1BR,standard,True,AG06
U110076,11,4,20.7,studio,standard,False,AG02
U110077,11,7,28.8,1BR,standard,True,AG04
U110078,11,1,44.4,1BR Plus,city,True,AG01
U110079,11,8,21.6,studio,standard,True,AG06
U110080,11,5,32.9,1BR,standard,True,AG05
U110081,11,1,45.1,1BR Plus,standard,False,AG04
U110082,11,7,29.7,1BR,city,True,AG01
U110083,11,5,26.6,studio,standard,True,AG05
U110084,11,4,25.6,studio,standard,False,AG03
U110085,11,4,31.1,1BR,standard,True,AG06
U110086,11,5,23.6,studio,pool,False,AG03
U110087,11,5,26.1,studio,city,True,AG02
U110088,11,2,37.5,1BR Plus,standard,False,AG04
U110089,11,2,25.4,studio,city,True,AG04
U110090,11,6,29.5,1BR,standard,True,AG02
U110091,11,3,21.5,studio,standard,True,AG01
U110092,11,7,21.6,studio,standard,False,AG02
U110093,11,4,34.5,1BR,city,True,AG03
U110094,11,3,21.1,studio,standard,False,AG05
U110095,11,3,23.7,studio,standard,True,AG02
U110096,11,3,29.3,1BR,standard,True,AG04
U110097,11,3,35.5,1BR Plus,city,False,AG05
U110098,11,7,25.2,studio,standard,True,AG04
U110099,11,1,24.2,studio,standard,True,AG01
U110100,11,7,24.8,studio,standard,True,AG06
U110101,11,2,23.5,studio,standard,True,AG05
U110102,11,4,30.5,1BR,city,True,AG02
U110103,11,7,33.0,1BR,standard,True,AG01
U110104,11,3,24.9,studio,city,True,AG06
U110105,11,2,22.0,studio,standard,True,AG04
U110106,11,5,22.6,studio,standard,True,AG01
U110107,11,1,25.9,studio,pool,True,AG06
U110108,11,8,37.8,1BR Plus,city,True,AG04
U110109,11,6,25.0,studio,standard,True,AG02
U110110,11,7,20.6,studio,city,True,AG03
U110111,11,3,31.6,1BR,city,True,AG02
U110112,11,4,31.3,1BR,city,True,AG05
U110113,11,7,34.3,1BR,standard,True,AG05
U110114,11,4,24.3,studio,city,True,AG06
U110115,11,5,26.4,studio,standard,False,AG01
U110116,11,6,22.0,studio,standard,True,AG03
U110117,11,6,42.4,1BR Plus,standard,True,AG03
U110118,11,1,31.1,1BR,standard,True,AG04
U110119,11,5,25.7,studio,pool,True,AG04
U110120,11,7,26.6,studio,city,True,AG06
U110121,11,4,24.4,studio,city,True,AG02
U110122,11,8,34.9,1BR,city,True,AG01
U110123,11,6,24.0,studio,city,True,AG03
U110124,11,6,25.5,studio,standard,False,AG05
U110125,11,7,45.0,1BR Plus,standard,True,AG01
U110126,11,2,23.1,studio,city,True,AG03
U110127,11,1,27.6,1BR,standard,False,AG01
U110128,11,4,20.8,studio,standard,False,AG04
U110129,11,4,23.8,studio,standard,True,AG06
U110130,11,4,26.7,studio,standard,True,AG03
U110131,11,3,21.9,studio,standard,True,AG01
U110132,11,4,25.2,studio,city,True,AG05
U110133,11,2,25.2,studio,city,True,AG02
U110134,11,2,23.7,studio,standard,False,AG06
U110135,11,8,23.1,studio,standard,True,AG02
U110136,11,3,26.4,studio,city,True,AG04
U110137,11,4,27.4,1BR,standard,False,AG04
U110138,11,7,32.1,1BR,standard,True,AG02
U110139,11,1,21.8,studio,standard,True,AG03
U110140,11,4,24.2,studio,city,False,AG04
U110141,11,8,25.1,studio,city,True,AG02
U110142,11,1,29.6,1BR,city,False,AG01
U110143,11,5,25.0,studio,pool,True,AG05
U110144,11,8,30.9,1BR,pool,True,AG02
U110145,11,1,22.8,studio,standard,True,AG02
U110146,11,6,22.1,studio,standard,True,AG01
U110147,11,2,24.5,studio,standard,True,AG04
U110148,11,3,26.8,studio,city,True,AG03
U110149,11,5,23.8,studio,standard,True,AG01
U110150,11,6,33.6,1BR,city,True,AG03
U110151,11,1,26.6,studio,standard,True,AG05
U110152,11,4,25.8,studio,standard,True,AG06
U110153,11,4,20.9,studio,standard,False,AG03
U110154,11,5,42.9,1BR Plus,pool,True,AG05
U110155,11,3,25.2,studio,standard,True,AG01
U110156,11,5,21.4,studio,pool,True,AG05
U110157,11,3,24.9,studio,city,False,AG05
U110158,11,6,32.5,1BR,city,True,AG02
U110159,11,5,29.2,1BR,pool,True,AG04
U110160,11,1,24.3,studio,standard,True,AG05
U110161,11,2,40.9,1BR Plus,pool,True,AG01
U110162,11,2,25.4,studio,pool,False,AG01
U110163,11,3,40.4,1BR Plus,standard,True,AG04
U110164,11,2,25.0,studio,pool,False,AG06
U110165,11,5,29.3,1BR,pool,True,AG05
U110166,11,4,42.8,1BR Plus,standard,False,AG03
U110167,11,7,29.5,1BR,standard,True,AG04
U110168,11,6,21.9,studio,pool,True,AG04
U110169,11,4,25.4,studio,standard,True,AG05
U110170,11,7,46.1,1BR Plus,standard,True,AG02
U110171,11,2,27.2,1BR,city,False,AG02
U110172,11,6,22.7,studio,standard,False,AG06
U110173,11,5,24.1,studio,pool,False,AG04
U110174,11,5,35.3,1BR,standard,True,AG01
U110175,11,8,23.7,studio,standard,True,AG06
U110176,11,5,34.1,1BR,standard,True,AG01
U110177,11,3,28.3,1BR,city,True,AG04
U110178,11,5,28.6,1BR,standard,True,AG01
U110179,11,6,24.1,studio,standard,True,AG01
U110180,11,7,29.1,1BR,city,True,AG03
U110181,11,1,26.0,studio,standard,True,AG01
U110182,11,3,27.8,1BR,standard,False,AG06
U110183,11,1,24.7,studio,city,False,AG05
U110184,11,4,24.7,studio,pool,True,AG05
U110185,11,7,24.0,studio,pool,True,AG03
U110186,11,8,31.3,1BR,city,True,AG04
U110187,11,8,32.1,1BR,pool,True,AG05
U110188,11,2,22.3,studio,city,True,AG04
U110189,11,3,25.2,studio,standard,True,AG01
U110190,11,8,33.0,1BR,standard,False,AG01
U110191,11,1,21.4,studio,standard,True,AG04
U110192,11,1,29.3,1BR,standard,False,AG01
U110193,11,4,40.7,1BR Plus,standard,True,AG03
U110194,11,3,21.2,studio,standard,True,AG06
U110195,11,7,27.7,1BR,city,True,AG01
U110196,11,6,25.5,studio,standard,True,AG04
U110197,11,5,26.4,studio,standard,True,AG03
U110198,11,8,20.7,studio,city,True,AG01
U110199,11,8,28.5,1BR,standard,True,AG04
U110200,11,3,28.6,1BR,standard,True,AG06
U110201,11,2,29.6,1BR,standard,False,AG04
U110202,11,7,25.0,studio,standard,True,AG03
U110203,11,3,32.2,1BR,standard,True,AG06
U110204,11,7,21.4,studio,city,False,AG02
U110205,11,3,27.9,1BR,pool,True,AG03
U110206,11,1,33.4,1BR,standard,True,AG03
U110207,11,6,22.3,studio,city,True,AG02
U110208,11,6,23.6,studio,standard,True,AG02
U110209,11,3,43.4,1BR Plus,city,True,AG04
U110210,11,7,26.4,studio,city,True,AG05
U110211,11,2,35.5,1BR,standard,True,AG05
U110212,11,6,25.5,studio,standard,True,AG05
U110213,11,2,24.9,studio,standard,True,AG03
U110214,11,7,22.7,studio,standard,True,AG06
U110215,11,2,21.1,studio,standard,False,AG03
U110216,11,8,32.4,1BR,standard,True,AG05
U110217,11,7,20.8,studio,city,True,AG01
U110218,11,1,25.1,studio,standard,True,AG06
U110219,11,7,34.7,1BR,standard,False,AG02
U110220,11,4,22.9,studio,standard,True,AG06
U110221,11,7,30.4,1BR,standard,True,AG05
U110222,11,5,26.3,studio,city,True,AG03
U110223,11,4,26.9,studio,standard,True,AG04
U110224,11,1,21.5,studio,standard,True,AG02
U110225,11,1,29.5,1BR,city,True,AG06
U110226,11,2,23.0,studio,city,True,AG05
U110227,11,4,25.6,studio,standard,True,AG06
U110228,11,6,22.6,studio,pool,False,AG01
U110229,11,4,32.3,1BR,city,True,AG05
U110230,11,3,24.2,studio,standard,True,AG06
U110231,11,3,21.3,studio,standard,True,AG01
U110232,11,5,23.7,studio,standard,False,AG05
U110233,11,1,33.5,1BR,city,True,AG03
U110234,11,3,33.5,1BR,standard,True,AG01
U110235,11,3,20.8,studio,standard,False,AG03
U110236,11,1,31.6,1BR,standard,True,AG03
U110237,11,7,21.1,studio,pool,True,AG05
U110238,11,2,26.1,studio,standard,True,AG04
U110239,11,3,22.4,studio,standard,True,AG03
U110240,11,5,24.1,studio,standard,False,AG06
U110241,11,6,26.9,studio,city,True,AG06
U110242,11,3,35.0,1BR,standard,True,AG02
U110243,11,8,29.1,1BR,standard,True,AG01
U110244,11,8,20.9,studio,standard,True,AG03
U120000,12,8,21.9,studio,standard,True,AG05
U120001,12,3,22.5,studio,city,True,AG01
U120002,12,4,26.5,studio,city,False,AG03
U120003,12,6,25.1,studio,standard,True,AG02
U120004,12,5,28.6,1BR,standard,True,AG03
U120005,12,7,34.8,1BR,city,True,AG02
U120006,12,5,42.3,1BR Plus,standard,True,AG06
U120007,12,8,24.4,studio,standard,True,AG04
U120008,12,7,42.9,1BR Plus,standard,True,AG03
U120009,12,8,28.0,1BR,standard,True,AG02
U120010,12,2,29.9,1BR,pool,True,AG06
U120011,12,8,21.1,studio,standard,False,AG06
U120012,12,1,23.8,studio,pool,True,AG03
U120013,12,8,46.7,1BR Plus,city,False,AG03
U120014,12,6,25.3,studio,standard,False,AG02
U120015,12,4,29.8,1BR,standard,True,AG05
U120016,12,2,31.8,1BR,standard,True,AG03
U120017,12,8,32.1,1BR,standard,False,AG06
U120018,12,3,23.7,studio,city,False,AG01
U120019,12,4,28.5,1BR,standard,False,AG04
U120020,12,5,27.1,1BR,city,False,AG03
U120021,12,3,24.8,studio,pool,False,AG04
U120022,12,8,40.5,1BR Plus,standard,True,AG01
U120023,12,7,32.1,1BR,pool,False,AG05
U120024,12,8,22.1,studio,standard,False,AG05
U120025,12,2,21.8,studio,city,True,AG04
U120026,12,1,30.3,1BR,standard,True,AG03
U120027,12,1,24.5,studio,standard,True,AG06
U120028,12,3,21.5,studio,standard,True,AG05
U120029,12,8,36.3,1BR Plus,city,True,AG01
U120030,12,6,21.0,studio,pool,True,AG06
U120031,12,2,35.4,1BR,standard,True,AG03
U120032,12,3,29.1,1BR,standard,True,AG02
U120033,12,2,30.4,1BR,standard,True,AG05
U120034,12,1,32.1,1BR,standard,True,AG06
U120035,12,1,37.5,1BR Plus,city,True,AG06
U120036,12,5,26.3,studio,standard,True,AG05
U120037,12,3,22.7,studio,standard,True,AG06
U120038,12,7,24.1,studio,standard,True,AG06
U120039,12,2,44.4,1BR Plus,standard,True,AG05
U120040,12,8,26.9,studio,standard,False,AG01
U120041,12,8,23.9,studio,standard,False,AG02
U120042,12,6,32.7,1BR,standard,True,AG03
U120043,12,7,20.9,studio,standard,True,AG04
U120044,12,8,26.4,studio,pool,True,AG04
U120045,12,1,33.6,1BR,standard,True,AG02
U120046,12,1,24.4,studio,city,True,AG04
U120047,12,3,25.8,studio,standard,False,AG04
U120048,12,2,22.6,studio,pool,True,AG01
U120049,12,4,32.6,1BR,standard,True,AG04
U120050,12,6,22.8,studio,standard,False,AG05
U120051,12,3,23.7,studio,pool,True,AG04
U120052,12,4,37.9,1BR Plus,standard,True,AG01
U120053,12,4,32.2,1BR,city,True,AG01
U120054,12,4,22.6,studio,standard,True,AG06
U120055,12,6,46.5,1BR Plus,standard,True,AG05
U120056,12,4,21.2,studio,standard,True,AG01
U120057,12,6,22.7,studio,standard,True,AG05
U120058,12,2,30.4,1BR,standard,True,AG03
U120059,12,3,23.7,studio,city,True,AG04
U120060,12,1,25.0,studio,city,True,AG01
U120061,12,2,31.2,1BR,standard,True,AG01
U120062,12,6,21.6,studio,city,True,AG02
U120063,12,1,24.7,studio,pool,False,AG03
U120064,12,4,24.5,studio,standard,True,AG02
U120065,12,1,32.9,1BR,standard,True,AG06
U120066,12,7,26.6,studio,standard,True,AG05
U120067,12,7,43.7,1BR Plus,pool,False,AG04
U120068,12,1,26.2,studio,standard,True,AG05
U120069,12,2,43.8,1BR Plus,city,False,AG06
U120070,12,5,32.3,1BR,standard,True,AG06
U120071,12,3,26.4,studio,standard,False,AG06
U120072,12,6,31.6,1BR,standard,True,AG05
U120073,12,2,23.4,studio,city,True,AG03
U120074,12,6,27.2,1BR,standard,True,AG03
U120075,12,6,24.8,studio,standard,True,AG02
U120076,12,7,44.3,1BR Plus,standard,True,AG05
U120077,12,4,23.5,studio,standard,False,AG01
U120078,12,3,25.7,studio,city,False,AG06
U120079,12,4,26.3,studio,city,True,AG02
U120080,12,4,37.8,1BR Plus,standard,True,AG06
U120081,12,6,23.8,studio,city,False,AG03
U120082,12,1,30.7,1BR,standard,True,AG03
U120083,12,7,38.4,1BR Plus,pool,True,AG04
U120084,12,2,24.8,studio,standard,False,AG05
U120085,12,1,29.0,1BR,standard,True,AG01
U120086,12,4,31.5,1BR,city,True,AG03
U120087,12,3,26.8,studio,standard,True,AG02
U120088,12,5,34.2,1BR,standard,True,AG01
U120089,12,1,24.6,studio,standard,True,AG04
U120090,12,8,33.2,1BR,standard,True,AG05
U120091,12,7,28.2,1BR,city,True,AG01
U120092,12,7,20.8,studio,standard,True,AG06
U120093,12,4,23.3,studio,standard,True,AG05
U120094,12,8,20.6,studio,standard,False,AG05
U120095,12,1,37.9,1BR Plus,city,True,AG02
U120096,12,6,42.2,1BR Plus,city,True,AG01
U120097,12,7,20.8,studio,standard,True,AG05
U120098,12,5,32.2,1BR,standard,True,AG02
U120099,12,7,25.8,studio,standard,False,AG03
U120100,12,1,23.5,studio,standard,True,AG01
U120101,12,6,22.1,studio,pool,True,AG06
U120102,12,6,26.6,studio,standard,True,AG05
U120103,12,8,32.4,1BR,standard,True,AG01
U120104,12,7,24.5,studio,pool,True,AG06
U120105,12,6,39.8,1BR Plus,pool,True,AG03
U120106,12,7,26.4,studio,city,False,AG02
U120107,12,1,40.6,1BR Plus,standard,False,AG06
U120108,12,7,30.7,1BR,standard,False,AG03
U120109,12,8,25.0,studio,standard,True,AG02
U120110,12,5,33.5,1BR,pool,True,AG03
U120111,12,5,26.2,studio,city,True,AG02
U120112,12,1,33.7,1BR,city,True,AG06
U120113,12,3,23.4,studio,standard,False,AG04
U120114,12,2,42.3,1BR Plus,standard,True,AG01
U120115,12,2,24.0,studio,city,True,AG04
U120116,12,5,22.9,studio,standard,True,AG06
U120117,12,8,25.9,studio,standard,True,AG06
U120118,12,6,33.8,1BR,pool,False,AG02
U120119,12,8,40.3,1BR Plus,city,True,AG04
U120120,12,2,21.4,studio,city,False,AG06
U120121,12,5,26.4,studio,standard,True,AG06
U120122,12,5,25.7,studio,city,False,AG01
U120123,12,4,28.3,1BR,standard,True,AG01
U120124,12,4,26.2,studio,pool,True,AG01
U120125,12,8,28.6,1BR,standard,True,AG04
U120126,12,1,28.7,1BR,standard,True,AG05
U120127,12,5,33.5,1BR,standard,True,AG04
U120128,12,3,26.8,studio,city,True,AG04
U120129,12,2,24.4,studio,pool,True,AG01
U120130,12,3,27.6,1BR,city,True,AG02
U120131,12,7,24.0,studio,standard,True,AG04
U120132,12,6,30.3,1BR,standard,True,AG03
U120133,12,4,22.5,studio,city,True,AG03
U120134,12,8,24.1,studio,pool,True,AG06
U120135,12,2,23.1,studio,pool,True,AG04
U120136,12,2,21.5,studio,standard,True,AG06
U120137,12,3,24.1,studio,standard,False,AG02
U120138,12,2,24.5,studio,standard,True,AG03
U120139,12,3,24.6,studio,standard,True,AG02
U120140,12,4,35.5,1BR,city,True,AG06
U120141,12,4,26.5,studio,standard,False,AG03
U120142,12,5,37.5,1BR Plus,standard,True,AG04
U120143,12,6,33.2,1BR,standard,True,AG01
U120144,12,5,22.4,studio,standard,True,AG03
U120145,12,8,30.8,1BR,city,True,AG02
U120146,12,5,46.2,1BR Plus,city,True,AG06
U120147,12,7,22.7,studio,city,True,AG01
U120148,12,3,21.7,studio,standard,True,AG06
U120149,12,6,20.6,studio,standard,True,AG06
U120150,12,5,35.3,1BR,pool,True,AG03
U120151,12,7,22.9,studio,standard,True,AG06
U120152,12,2,22.4,studio,city,False,AG06
U120153,12,8,31.5,1BR,pool,True,AG04
U120154,12,8,25.5,studio,standard,False,AG06
U120155,12,6,35.1,1BR,city,True,AG04
U120156,12,4,25.4,studio,pool,False,AG04
U120157,12,8,24.1,studio,pool,True,AG03
U120158,12,8,26.6,studio,standard,True,AG01
U120159,12,5,22.7,studio,city,True,AG04
U120160,12,6,22.8,studio,city,False,AG04
U120161,12,1,21.9,studio,standard,True,AG03
U120162,12,6,40.8,1BR Plus,standard,False,AG03
U120163,12,6,25.1,studio,city,False,AG06
U120164,12,8,26.6,studio,city,False,AG04
U120165,12,1,23.6,studio,standard,True,AG05
U120166,12,3,43.1,1BR Plus,pool,False,AG06
U120167,12,8,24.7,studio,standard,False,AG06
U120168,12,6,29.4,1BR,standard,False,AG04
U120169,12,1,37.5,1BR Plus,standard,True,AG05
U120170,12,7,20.7,studio,city,True,AG03
U120171,12,6,30.8,1BR,standard,True,AG05
U120172,12,5,43.7,1BR Plus,standard,True,AG04
U120173,12,8,24.2,studio,pool,True,AG02
U120174,12,6,21.3,studio,city,True,AG05
U120175,12,6,38.9,1BR Plus,standard,True,AG01
U120176,12,1,23.7,studio,standard,True,AG05
U120177,12,4,24.9,studio,standard,True,AG02
U120178,12,7,36.0,1BR Plus,standard,True,AG02
U120179,12,3,25.2,studio,city,False,AG04
U120180,12,1,33.8,1BR,standard,True,AG02
U120181,12,1,31.5,1BR,pool,False,AG02
U120182,12,4,24.9,studio,standard,True,AG05
U120183,12,5,23.5,studio,standard,True,AG02
U120184,12,5,26.6,studio,standard,True,AG04
U120185,12,2,25.9,studio,pool,True,AG02
U120186,12,6,21.1,studio,city,True,AG05
U120187,12,2,21.6,studio,standard,False,AG03
U120188,12,1,23.9,studio,standard,True,AG01
U120189,12,8,26.2,studio,standard,False,AG03
U120190,12,8,29.8,1BR,standard,True,AG01
U120191,12,7,21.2,studio,standard,True,AG04
U120192,12,1,34.1,1BR,pool,False,AG02
U120193,12,8,20.7,studio,standard,True,AG04
U120194,12,2,33.7,1BR,standard,False,AG02
U120195,12,4,22.7,studio,standard,True,AG02
U120196,12,1,20.6,studio,pool,True,AG04
U120197,12,6,35.1,1BR,standard,True,AG02
U120198,12,3,26.4,studio,standard,True,AG03
U120199,12,1,39.4,1BR Plus,standard,True,AG01
U120200,12,5,31.8,1BR,standard,False,AG03
U120201,12,1,29.7,1BR,standard,True,AG03
U120202,12,4,30.9,1BR,standard,True,AG02
U120203,12,3,27.2,1BR,standard,True,AG06
U120204,12,3,22.6,studio,city,True,AG01
U120205,12,2,23.0,studio,city,True,AG02
U120206,12,8,31.1,1BR,city,False,AG03
U120207,12,6,32.8,1BR,city,False,AG06
U120208,12,5,45.8,1BR Plus,standard,False,AG06
U120209,12,6,25.3,studio,city,True,AG01
U120210,12,4,22.3,studio,city,True,AG06
U120211,12,1,31.8,1BR,standard,False,AG05
U120212,12,3,40.7,1BR Plus,standard,True,AG04
U120213,12,8,46.5,1BR Plus,city,False,AG01
U120214,12,2,28.5,1BR,standard,True,AG04
U120215,12,3,26.2,studio,standard,True,AG05
U120216,12,1,35.2,1BR,standard,True,AG01
U120217,12,7,25.6,studio,standard,True,AG05
U120218,12,3,21.0,studio,standard,True,AG04
U120219,12,4,31.9,1BR,standard,True,AG06
U120220,12,6,21.8,studio,standard,False,AG02
U120221,12,2,24.5,studio,standard,False,AG05
U120222,12,2,43.8,1BR Plus,standard,True,AG04
U120223,12,6,32.6,1BR,pool,True,AG05
U120224,12,2,21.0,studio,standard,True,AG02
U120225,12,7,29.2,1BR,standard,True,AG02
U120226,12,6,40.1,1BR Plus,standard,True,AG05
U120227,12,3,24.4,studio,pool,True,AG02
U120228,12,5,20.7,studio,standard,True,AG03
U120229,12,6,24.6,studio,standard,True,AG05
U120230,12,4,22.5,studio,pool,True,AG06
U120231,12,4,32.4,1BR,standard,True,AG06
U120232,12,8,35.4,1BR,standard,False,AG04
U120233,12,7,43.6,1BR Plus,standard,True,AG06
U120234,12,3,29.2,1BR,pool,True,AG03
U120235,12,2,33.7,1BR,city,True,AG03
U120236,12,4,33.4,1BR,standard,True,AG03
U120237,12,2,23.8,studio,standard,True,AG06
U120238,12,2,25.6,studio,city,False,AG05
U120239,12,7,40.6,1BR Plus,standard,False,AG03
U120240,12,6,29.1,1BR,standard,True,AG02
U120241,12,1,29.1,1BR,standard,True,AG02
U120242,12,7,29.0,1BR,city,True,AG05
U120243,12,2,20.7,studio,city,True,AG04
U120244,12,1,27.3,1BR,city,True,AG06
U120245,12,7,21.4,studio,standard,True,AG05
U120246,12,7,29.7,1BR,city,True,AG05
U120247,12,4,31.4,1BR,city,True,AG02
U120248,12,7,21.6,studio,standard,True,AG01
U120249,12,5,25.3,studio,standard,True,AG02
U120250,12,1,24.4,studio,standard,True,AG02
U120251,12,4,27.6,1BR,standard,True,AG04
U120252,12,2,26.4,studio,standard,True,AG06
U120253,12,1,21.5,studio,standard,True,AG02
U120254,12,5,33.4,1BR,standard,True,AG04
U120255,12,1,21.6,studio,standard,True,AG04
U120256,12,5,22.0,studio,standard,True,AG06
U120257,12,5,25.0,studio,standard,True,AG02
U120258,12,8,42.2,1BR Plus,pool,True,AG03
U120259,12,2,23.3,studio,standard,True,AG04
U120260,12,7,21.2,studio,city,True,AG01
U120261,12,2,24.6,studio,standard,True,AG06
U120262,12,8,26.9,studio,standard,True,AG02
U120263,12,1,31.0,1BR,standard,False,AG02
U120264,12,3,21.7,studio,standard,False,AG05
U120265,12,5,24.7,studio,standard,False,AG01
U120266,12,5,29.0,1BR,standard,True,AG02
U120267,12,5,37.0,1BR Plus,city,True,AG02
U120268,12,6,26.4,studio,city,True,AG01
U120269,12,2,34.6,1BR,standard,True,AG03
U120270,12,6,28.6,1BR,city,True,AG05
U120271,12,1,26.7,studio,standard,False,AG02
U120272,12,3,40.1,1BR Plus,standard,True,AG05
U120273,12,6,38.3,1BR Plus,standard,False,AG03
U120274,12,2,25.7,studio,pool,True,AG06
U120275,12,5,28.2,1BR,pool,True,AG04
U120276,12,1,34.7,1BR,city,True,AG06
U120277,12,3,25.5,studio,standard,True,AG04
U120278,12,6,26.0,studio,pool,False,AG02
U120279,12,6,21.2,studio,standard,True,AG02
U120280,12,4,22.8,studio,city,True,AG01
U120281,12,3,46.8,1BR Plus,city,True,AG03
U120282,12,3,24.5,studio,city,True,AG06
U120283,12,6,27.1,1BR,standard,True,AG04
U120284,12,4,26.1,studio,city,True,AG04
U120285,12,6,26.6,studio,standard,False,AG06
U120286,12,7,27.6,1BR,city,True,AG04
U120287,12,5,23.6,studio,pool,True,AG03
U120288,12,1,34.2,1BR,standard,True,AG06
U120289,12,2,33.3,1BR,standard,False,AG05
U120290,12,4,40.4,1BR Plus,standard,True,AG02
U120291,12,8,28.3,1BR,standard,True,AG03
U120292,12,8,24.5,studio,standard,False,AG04
U120293,12,8,34.1,1BR,standard,True,AG06
U120294,12,3,32.8,1BR,standard,True,AG04
U120295,12,6,26.1,studio,standard,False,AG04
U120296,12,8,32.9,1BR,city,True,AG04
U120297,12,5,29.5,1BR,standard,False,AG05
U120298,12,3,23.3,studio,standard,True,AG02
U120299,12,3,35.5,1BR,standard,True,AG01
U120300,12,6,22.5,studio,standard,True,AG01
U120301,12,1,25.5,studio,pool,True,AG02
U120302,12,7,21.4,studio,standard,True,AG02
U120303,12,5,26.0,studio,standard,False,AG05
U120304,12,7,26.7,studio,standard,True,AG03
U120305,12,3,26.8,studio,standard,False,AG04
U120306,12,7,29.6,1BR,city,True,AG03
U120307,12,5,20.9,studio,standard,True,AG02
U120308,12,8,34.7,1BR,standard,True,AG01
U120309,12,4,22.7,studio,city,True,AG06
U120310,12,7,24.4,studio,standard,True,AG05
U120311,12,3,25.9,studio,standard,False,AG06
U120312,12,2,21.1,studio,standard,False,AG04
U120313,12,4,24.4,studio,standard,True,AG06
U120314,12,5,35.3,1BR,standard,False,AG06
U120315,12,4,37.3,1BR Plus,city,True,AG02
U120316,12,7,29.9,1BR,standard,True,AG02
U120317,12,1,25.5,studio,standard,True,AG01
U120318,12,4,25.8,studio,standard,True,AG03
U120319,12,7,21.7,studio,standard,True,AG04
U120320,12,4,24.5,studio,standard,True,AG05
U120321,12,8,21.2,studio,pool,True,AG03
U120322,12,4,34.6,1BR,city,True,AG01
U120323,12,3,46.6,1BR Plus,standard,True,AG04
U120324,12,2,21.1,studio,standard,False,AG05
U120325,12,8,34.8,1BR,city,False,AG01
U120326,12,1,21.1,studio,city,True,AG02
U120327,12,8,24.3,studio,standard,True,AG05
U120328,12,3,26.8,studio,standard,False,AG05
U120329,12,3,25.4,studio,standard,False,AG02
U120330,12,1,41.5,1BR Plus,standard,False,AG04
U120331,12,6,23.8,studio,standard,False,AG06
U120332,12,2,28.9,1BR,standard,True,AG06
U120333,12,6,35.2,1BR,standard,True,AG01
U120334,12,7,27.7,1BR,city,True,AG04
U120335,12,2,40.1,1BR Plus,city,True,AG05
U120336,12,3,33.5,1BR,standard,False,AG05
U120337,12,7,22.2,studio,standard,False,AG03
U120338,12,6,32.6,1BR,standard,True,AG02
U120339,12,1,33.4,1BR,pool,False,AG04
U120340,12,5,25.8,studio,standard,True,AG05
U120341,12,4,22.0,studio,standard,True,AG06
U120342,12,5,29.0,1BR,pool,False,AG05
U120343,12,8,23.1,studio,pool,False,AG06
U120344,12,4,26.7,studio,standard,True,AG05
U120345,12,8,30.6,1BR,standard,True,AG05
U120346,12,3,32.3,1BR,pool,True,AG01
U120347,12,3,31.1,1BR,standard,True,AG03
U120348,12,8,21.0,studio,standard,True,AG06
U120349,12,6,26.7,studio,standard,True,AG01
U120350,12,5,26.9,studio,standard,False,AG02
U120351,12,3,21.0,studio,standard,False,AG04
U120352,12,7,34.8,1BR,standard,False,AG01
U120353,12,5,25.1,studio,standard,True,AG02
U120354,12,2,24.2,studio,standard,False,AG05
U120355,12,6,41.8,1BR Plus,standard,True,AG04
U120356,12,5,33.6,1BR,standard,True,AG01
U120357,12,4,33.8,1BR,standard,True,AG02
U120358,12,4,23.9,studio,pool,True,AG02
U120359,12,5,23.2,studio,standard,False,AG01
U120360,12,2,46.4,1BR Plus,standard,True,AG01
U120361,12,7,37.1,1BR Plus,city,True,AG06
U120362,12,8,34.3,1BR,standard,False,AG04
U120363,12,1,26.6,studio,standard,True,AG04
U120364,12,4,25.5,studio,standard,True,AG05
U120365,12,8,27.6,1BR,city,False,AG02
U120366,12,5,33.5,1BR,standard,True,AG06
U120367,12,6,22.6,studio,standard,True,AG05
U120368,12,4,24.9,studio,city,False,AG06
U120369,12,3,30.4,1BR,standard,False,AG01
U120370,12,4,41.2,1BR Plus,city,True,AG01
U120371,12,2,22.7,studio,city,True,AG03
U120372,12,4,22.0,studio,standard,True,AG01
U120373,12,8,29.0,1BR,standard,True,AG02
U120374,12,4,36.2,1BR Plus,standard,True,AG02
U120375,12,7,27.8,1BR,pool,True,AG02
U120376,12,8,35.1,1BR,standard,True,AG01
U120377,12,8,39.5,1BR Plus,standard,True,AG03
U120378,12,4,26.5,studio,standard,True,AG02
U120379,12,8,20.9,studio,standard,True,AG06
U120380,12,3,21.5,studio,standard,True,AG03
U120381,12,8,22.8,studio,standard,True,AG03
U120382,12,8,26.4,studio,pool,True,AG01
U120383,12,8,25.4,studio,standard,True,AG03
U120384,12,6,20.8,studio,standard,True,AG02
U120385,12,8,25.6,studio,standard,True,AG02
U120386,12,2,32.5,1BR,city,True,AG05
U120387,12,7,27.3,1BR,standard,True,AG05
U120388,12,8,23.1,studio,standard,True,AG03
U120389,12,5,28.1,1BR,standard,True,AG03
U120390,12,6,25.6,studio,standard,True,AG05
U120391,12,6,21.2,studio,pool,True,AG05
U120392,12,3,22.5,studio,standard,True,AG04
U120393,12,1,25.1,studio,city,True,AG05
U120394,12,4,21.9,studio,standard,False,AG01
U120395,12,6,27.9,1BR,standard,True,AG05
U120396,12,2,30.9,1BR,standard,True,AG03
U120397,12,3,23.8,studio,standard,False,AG01
U120398,12,1,46.4,1BR Plus,city,False,AG04
U120399,12,5,22.4,studio,standard,True,AG06
U120400,12,2,25.2,studio,standard,True,AG06
U120401,12,7,24.7,studio,standard,True,AG05
U120402,12,2,29.2,1BR,standard,True,AG05
U120403,12,4,22.1,studio,standard,False,AG05
U120404,12,7,34.9,1BR,standard,True,AG01
U120405,12,6,25.6,studio,city,True,AG01
U120406,12,6,24.1,studio,standard,True,AG02
U120407,12,4,22.9,studio,standard,True,AG05
U120408,12,4,21.6,studio,city,True,AG01
U120409,12,3,34.4,1BR,pool,True,AG02
U120410,12,2,22.5,studio,standard,True,AG04
U120411,12,5,22.5,studio,standard,False,AG04
U120412,12,8,22.8,studio,standard,False,AG04
U120413,12,5,24.6,studio,standard,True,AG03
U120414,12,3,33.8,1BR,standard,True,AG06
U120415,12,1,32.3,1BR,standard,True,AG05
U120416,12,4,29.0,1BR,pool,True,AG03
U120417,12,8,24.1,studio,city,True,AG05
U120418,12,7,22.1,studio,city,True,AG02
U120419,12,3,25.4,studio,city,True,AG04
U120420,12,1,24.5,studio,standard,True,AG02
U120421,12,8,25.2,studio,city,True,AG03
U120422,12,6,21.7,studio,city,False,AG06
U120423,12,2,27.1,1BR,city,True,AG06
U120424,12,4,30.1,1BR,standard,True,AG03
U120425,12,5,24.2,studio,standard,True,AG02
U120426,12,7,25.8,studio,city,True,AG04
U120427,12,2,25.2,studio,standard,True,AG03
U120428,12,3,44.3,1BR Plus,standard,True,AG02
U120429,12,3,26.2,studio,standard,False,AG01
U120430,12,5,24.2,studio,standard,True,AG05
U120431,12,3,45.9,1BR Plus,standard,False,AG04
U120432,12,8,22.2,studio,standard,True,AG02
U120433,12,7,22.0,studio,city,False,AG03
U120434,12,4,24.1,studio,city,True,AG02
U120435,12,5,33.8,1BR,standard,True,AG05
U120436,12,7,24.2,studio,pool,True,AG02
U120437,12,7,22.5,studio,standard,False,AG05
U120438,12,3,22.0,studio,standard,True,AG05
U120439,12,2,23.3,studio,pool,False,AG03
U120440,12,7,33.0,1BR,standard,True,AG06
U120441,12,6,45.9,1BR Plus,standard,True,AG06
U120442,12,6,22.7,studio,standard,True,AG01
U120443,12,5,32.4,1BR,standard,True,AG01
U120444,12,3,28.9,1BR,standard,True,AG04
U120445,12,8,24.2,studio,standard,True,AG02
U120446,12,2,26.3,studio,city,False,AG06
U120447,12,7,34.7,1BR,city,True,AG03
U120448,12,3,22.4,studio,pool,True,AG03
U120449,12,6,26.8,studio,standard,True,AG04
U120450,12,3,39.8,1BR Plus,standard,False,AG03
U120451,12,7,24.6,studio,standard,False,AG04
U120452,12,3,22.6,studio,city,True,AG02
U120453,12,3,34.9,1BR,standard,False,AG03
U120454,12,3,20.8,studio,standard,False,AG03
U120455,12,7,24.0,studio,pool,True,AG02
U120456,12,6,28.9,1BR,standard,True,AG06
U120457,12,7,33.6,1BR,city,True,AG03
U120458,12,2,34.7,1BR,standard,True,AG03
U120459,12,4,36.4,1BR Plus,standard,True,AG02
U120460,12,5,23.3,studio,standard,False,AG05
U120461,12,4,22.3,studio,standard,True,AG04
U120462,12,2,23.7,studio,city,False,AG03
U120463,12,1,27.1,1BR,standard,True,AG04
U120464,12,8,33.6,1BR,city,False,AG02
U120465,12,3,45.2,1BR Plus,standard,True,AG01
U120466,12,4,25.7,studio,standard,False,AG02
U120467,12,2,41.6,1BR Plus,standard,True,AG02
U120468,12,5,30.8,1BR,pool,True,AG03
U120469,12,5,25.4,studio,city,True,AG06
U120470,12,6,21.0,studio,standard,True,AG02
U120471,12,2,24.6,studio,standard,True,AG03
U120472,12,7,23.3,studio,city,True,AG01
U120473,12,5,24.3,studio,city,False,AG02
U120474,12,1,22.5,studio,city,True,AG03
U120475,12,2,29.4,1BR,standard,True,AG01
U120476,12,2,25.1,studio,standard,True,AG06
U120477,12,7,28.1,1BR,city,True,AG04
U120478,12,8,23.4,studio,standard,False,AG01
U120479,12,5,22.4,studio,standard,True,AG06
U120480,12,6,28.7,1BR,standard,True,AG05
U120481,12,1,29.8,1BR,standard,True,AG01
U120482,12,3,22.2,studio,standard,True,AG05
U120483,12,8,26.3,studio,standard,False,AG05
U120484,12,2,24.4,studio,city,True,AG02
U120485,12,7,46.2,1BR Plus,city,False,AG06
U120486,12,1,25.9,studio,standard,True,AG05
U120487,12,5,36.6,1BR Plus,standard,True,AG06
U120488,12,6,31.2,1BR,city,False,AG02
U120489,12,1,26.2,studio,city,True,AG04
U120490,12,4,32.8,1BR,standard,False,AG03
U120491,12,8,33.7,1BR,pool,True,AG05
U120492,12,4,21.1,studio,standard,True,AG06
U120493,12,8,28.4,1BR,standard,True,AG06
U120494,12,5,31.5,1BR,standard,False,AG03
U120495,12,8,30.6,1BR,pool,True,AG05
U120496,12,3,33.1,1BR,pool,False,AG03
U120497,12,7,42.4,1BR Plus,standard,True,AG05
U120498,12,5,29.2,1BR,standard,True,AG01
U120499,12,2,23.5,studio,standard,True,AG02
U120500,12,1,31.0,1BR,pool,True,AG05
U120501,12,4,26.4,studio,city,True,AG03
U120502,12,6,34.4,1BR,city,True,AG04
U120503,12,8,24.0,studio,pool,False,AG02
U120504,12,8,24.0,studio,city,True,AG04
U120505,12,3,20.7,studio,city,True,AG03
U120506,12,4,32.0,1BR,pool,True,AG06
U120507,12,1,23.2,studio,standard,True,AG06
U120508,12,6,25.2,studio,standard,True,AG02
U120509,12,6,29.3,1BR,standard,True,AG04
U120510,12,6,26.0,studio,standard,False,AG06
U120511,12,8,25.3,studio,pool,True,AG05
U120512,12,6,30.1,1BR,standard,False,AG03
U120513,12,5,27.3,1BR,standard,True,AG01
U120514,12,4,35.0,1BR,city,True,AG01
U120515,12,2,21.5,studio,pool,False,AG05
U120516,12,1,23.6,studio,city,True,AG05
U120517,12,3,33.9,1BR,standard,True,AG02
U120518,12,2,28.5,1BR,standard,True,AG06
U120519,12,8,26.2,studio,city,False,AG03
U120520,12,5,32.2,1BR,standard,False,AG01
U120521,12,1,24.5,studio,standard,True,AG03
U120522,12,2,25.3,studio,pool,True,AG02
U120523,12,4,24.5,studio,standard,True,AG02
U120524,12,5,26.8,studio,standard,True,AG01
U120525,12,4,24.6,studio,standard,True,AG01
U120526,12,3,24.1,studio,city,True,AG01
U120527,12,6,24.0,studio,standard,False,AG03
U120528,12,7,21.3,studio,standard,True,AG06
U120529,12,2,40.4,1BR Plus,city,True,AG06
U120530,12,4,23.0,studio,pool,True,AG06
U120531,12,8,23.7,studio,standard,True,AG04
U120532,12,2,22.2,studio,standard,True,AG04
U120533,12,6,31.8,1BR,standard,True,AG04
U120534,12,8,25.3,studio,city,True,AG04
U120535,12,6,22.7,studio,pool,True,AG06
U120536,12,1,26.8,studio,standard,False,AG04
U120537,12,1,24.9,studio,city,True,AG05
U120538,12,2,26.0,studio,standard,True,AG02
U120539,12,8,22.0,studio,standard,True,AG06
U120540,12,5,22.1,studio,standard,False,AG02
U120541,12,8,28.3,1BR,standard,True,AG01
U120542,12,5,26.0,studio,standard,True,AG01
U120543,12,3,24.8,studio,standard,True,AG02
U120544,12,2,25.1,studio,city,False,AG02
U120545,12,4,29.2,1BR,standard,True,AG04
U120546,12,1,23.9,studio,standard,False,AG01
U120547,12,8,30.0,1BR,standard,False,AG06
U120548,12,3,24.9,studio,standard,True,AG01
U120549,12,5,21.1,studio,standard,True,AG05
U120550,12,8,23.0,studio,standard,True,AG03
U120551,12,1,39.7,1BR Plus,standard,True,AG03
U120552,12,1,25.5,studio,standard,True,AG06
U120553,12,3,24.7,studio,standard,True,AG01
U120554,12,3,33.5,1BR,city,True,AG05
U120555,12,4,38.6,1BR Plus,standard,False,AG05
U120556,12,6,28.0,1BR,standard,True,AG04
U120557,12,2,25.4,studio,standard,True,AG05
U120558,12,6,27.0,1BR,standard,True,AG03
U120559,12,6,32.1,1BR,city,True,AG05
U120560,12,1,21.5,studio,standard,True,AG02
U120561,12,1,25.9,studio,city,True,AG05
U120562,12,7,24.0,studio,standard,False,AG03
U120563,12,4,33.3,1BR,standard,True,AG03
U120564,12,5,21.9,studio,standard,True,AG05
U120565,12,3,24.0,studio,standard,True,AG04
U120566,12,2,23.5,studio,standard,True,AG03
U120567,12,2,31.7,1BR,standard,False,AG06
U120568,12,7,20.7,studio,pool,True,AG05
U120569,12,6,24.2,studio,standard,False,AG05
U120570,12,8,35.4,1BR,standard,True,AG06
U120571,12,6,23.1,studio,standard,True,AG05
U120572,12,7,21.7,studio,city,True,AG05
U120573,12,8,39.8,1BR Plus,standard,False,AG03
U120574,12,2,32.8,1BR,pool,True,AG04
U120575,12,8,32.4,1BR,standard,True,AG01
U120576,12,4,27.6,1BR,standard,True,AG01
U120577,12,2,22.1,studio,standard,False,AG05
U120578,12,1,23.8,studio,city,True,AG06
U120579,12,2,27.7,1BR,standard,True,AG03
U120580,12,4,37.9,1BR Plus,standard,True,AG05
U120581,12,2,25.7,studio,city,False,AG03
U120582,12,2,44.7,1BR Plus,city,False,AG05
U120583,12,7,34.0,1BR,standard,True,AG03
U120584,12,5,24.0,studio,city,False,AG06
U120585,12,4,29.6,1BR,pool,True,AG04
U120586,12,5,24.3,studio,city,True,AG02
U120587,12,1,34.8,1BR,standard,True,AG02
U120588,12,3,34.2,1BR,city,True,AG03
U120589,12,6,30.3,1BR,pool,True,AG02
U120590,12,2,21.1,studio,standard,False,AG02
U120591,12,5,28.5,1BR,standard,True,AG01
U120592,12,1,28.6,1BR,city,True,AG06
U120593,12,7,26.7,studio,city,True,AG04
U120594,12,3,33.2,1BR,standard,True,AG02
U120595,12,2,25.7,studio,standard,True,AG05
U120596,12,6,42.7,1BR Plus,pool,True,AG02
U120597,12,6,42.9,1BR Plus,standard,True,AG04
U120598,12,1,23.0,studio,city,True,AG05
U120599,12,5,28.7,1BR,standard,False,AG04
U120600,12,8,26.0,studio,city,True,AG05
U120601,12,4,34.9,1BR,standard,True,AG05
U120602,12,5,36.0,1BR Plus,standard,True,AG03
U120603,12,4,26.4,studio,standard,True,AG04
U120604,12,3,21.3,studio,standard,True,AG03
U120605,12,8,27.1,1BR,standard,True,AG05
U120606,12,5,34.5,1BR,standard,True,AG02
U120607,12,2,24.9,studio,standard,True,AG04
U120608,12,4,24.4,studio,standard,False,AG05
U120609,12,5,30.5,1BR,standard,True,AG05
U120610,12,3,30.2,1BR,standard,True,AG04
U120611,12,4,26.1,studio,city,True,AG02
U120612,12,4,24.3,studio,standard,True,AG05
U120613,12,6,29.9,1BR,city,True,AG01
U120614,12,5,30.4,1BR,pool,True,AG06
U120615,12,2,23.0,studio,pool,True,AG05
U120616,12,3,23.8,studio,standard,False,AG06
U120617,12,6,38.2,1BR Plus,standard,True,AG03
U120618,12,3,25.5,studio,city,True,AG03
U120619,12,5,22.3,studio,city,True,AG05
U120620,12,5,35.3,1BR,standard,False,AG04
U120621,12,2,40.2,1BR Plus,standard,False,AG06
U120622,12,6,40.9,1BR Plus,standard,False,AG03
U120623,12,5,33.5,1BR,city,True,AG01
U120624,12,1,34.5,1BR,city,False,AG01
U120625,12,4,21.9,studio,city,True,AG06
U120626,12,1,25.8,studio,pool,True,AG06
U120627,12,6,21.6,studio,standard,True,AG04
U120628,12,1,26.7,studio,standard,True,AG04
U120629,12,3,32.4,1BR,standard,True,AG03
U120630,12,3,22.2,studio,city,True,AG05
U120631,12,1,34.7,1BR,standard,True,AG06
U120632,12,5,26.2,studio,standard,True,AG02
U120633,12,3,34.3,1BR,standard,True,AG02
U120634,12,3,29.6,1BR,standard,False,AG02
U120635,12,2,25.6,studio,standard,False,AG03
U120636,12,3,29.8,1BR,pool,True,AG03
U120637,12,4,31.4,1BR,city,True,AG03
U120638,12,5,25.4,studio,pool,True,AG02
U120639,12,1,24.8,studio,standard,True,AG04
U120640,12,1,27.7,1BR,standard,False,AG01
U120641,12,7,24.4,studio,standard,True,AG02
U120642,12,1,25.2,studio,standard,True,AG05
U120643,12,2,24.9,studio,pool,True,AG04
U120644,12,1,22.5,studio,city,False,AG04
U120645,12,5,41.6,1BR Plus,standard,True,AG04
U120646,12,2,25.8,studio,pool,False,AG03
U120647,12,2,23.2,studio,pool,True,AG01
U120648,12,2,21.0,studio,standard,True,AG06
U120649,12,4,22.8,studio,pool,True,AG03
U120650,12,6,24.0,studio,standard,False,AG01
U120651,12,7,31.8,1BR,standard,True,AG03
U120652,12,2,26.1,studio,standard,True,AG01
U120653,12,8,22.6,studio,standard,True,AG04
U120654,12,7,34.9,1BR,standard,True,AG05
U120655,12,3,25.0,studio,standard,True,AG04
U120656,12,2,24.3,studio,standard,True,AG04
U120657,12,8,21.3,studio,standard,True,AG06
U120658,12,7,23.8,studio,pool,True,AG02
U120659,12,1,36.8,1BR Plus,pool,True,AG03
U120660,12,3,34.8,1BR,city,True,AG04
U120661,12,7,25.9,studio,city,True,AG03
U120662,12,1,30.9,1BR,standard,True,AG05
U120663,12,1,20.6,studio,standard,False,AG01
U120664,12,7,22.0,studio,standard,False,AG01
U120665,12,2,24.6,studio,standard,True,AG06
U120666,12,4,31.4,1BR,standard,False,AG06
U120667,12,2,29.0,1BR,city,False,AG02
U120668,12,8,41.1,1BR Plus,standard,True,AG05
U120669,12,4,46.1,1BR Plus,standard,False,AG01
U120670,12,3,24.8,studio,standard,True,AG06
U120671,12,1,22.2,studio,city,True,AG04
U120672,12,5,24.2,studio,city,True,AG05
U120673,12,6,23.9,studio,standard,True,AG06
U120674,12,1,26.1,studio,standard,False,AG05
U120675,12,5,27.6,1BR,standard,True,AG06
U120676,12,8,22.0,studio,standard,True,AG03
U120677,12,7,24.8,studio,standard,True,AG03
U120678,12,2,43.6,1BR Plus,standard,True,AG02
U120679,12,6,25.6,studio,standard,True,AG04
U120680,12,7,21.5,studio,standard,False,AG02
U120681,12,5,26.4,studio,standard,True,AG03
U120682,12,7,23.3,studio,standard,True,AG05
U120683,12,4,27.9,1BR,standard,True,AG05
U120684,12,4,25.0,studio,city,True,AG06
U120685,12,7,34.8,1BR,standard,False,AG04
U120686,12,3,22.1,studio,pool,True,AG02
U120687,12,1,26.7,studio,standard,False,AG04
U120688,12,2,30.5,1BR,standard,True,AG06
U120689,12,8,22.7,studio,city,True,AG01
U120690,12,2,21.4,studio,standard,True,AG05
U120691,12,3,25.1,studio,city,False,AG05
U120692,12,2,28.3,1BR,standard,True,AG05
U120693,12,2,25.2,studio,pool,False,AG06
U120694,12,3,23.2,studio,standard,True,AG03
U120695,12,5,27.0,1BR,city,True,AG02
U120696,12,8,31.4,1BR,city,True,AG03
U120697,12,1,31.6,1BR,standard,False,AG04
U120698,12,1,26.5,studio,standard,True,AG06
U120699,12,1,25.0,studio,pool,False,AG04
U120700,12,4,35.0,1BR,standard,True,AG02
U120701,12,7,32.7,1BR,standard,True,AG04
U120702,12,5,25.7,studio,city,True,AG06
U120703,12,8,31.8,1BR,standard,True,AG03
U120704,12,4,23.5,studio,standard,True,AG04
U120705,12,2,27.7,1BR,standard,True,AG03
U120706,12,8,20.6,studio,standard,False,AG01
U120707,12,1,33.5,1BR,standard,True,AG03
U120708,12,4,26.3,studio,pool,True,AG01
U120709,12,2,25.0,studio,pool,True,AG01
U120710,12,4,26.3,studio,standard,False,AG03
U120711,12,4,23.9,studio,pool,False,AG02
U120712,12,8,25.2,studio,standard,True,AG06
U120713,12,2,31.5,1BR,city,False,AG05
U120714,12,1,29.3,1BR,standard,False,AG01
U120715,12,3,24.7,studio,city,True,AG02
U120716,12,8,33.7,1BR,city,True,AG04
U120717,12,5,24.0,studio,standard,True,AG03
U120718,12,7,23.9,studio,standard,False,AG03
U120719,12,3,23.1,studio,city,True,AG02
U120720,12,2,33.0,1BR,city,True,AG01
U120721,12,3,22.9,studio,pool,False,AG03
U120722,12,5,22.0,studio,standard,False,AG04
U120723,12,7,26.1,studio,pool,True,AG05
U120724,12,2,33.2,1BR,standard,True,AG02
U120725,12,7,27.3,1BR,city,True,AG03
U120726,12,4,24.9,studio,standard,True,AG03
U120727,12,1,22.1,studio,standard,True,AG02
U120728,12,7,32.0,1BR,pool,True,AG04
U120729,12,4,40.2,1BR Plus,city,True,AG03
U120730,12,4,28.2,1BR,city,True,AG03
U120731,12,8,25.0,studio,city,True,AG02
U120732,12,1,22.0,studio,city,False,AG04
U120733,12,4,27.3,1BR,standard,True,AG01
U120734,12,3,30.6,1BR,standard,True,AG03
U120735,12,6,23.0,studio,city,True,AG02
U120736,12,2,30.2,1BR,standard,False,AG04
U120737,12,7,23.9,studio,standard,True,AG06
U120738,12,1,34.0,1BR,standard,True,AG06
U120739,12,7,24.9,studio,standard,True,AG04
U120740,12,8,22.3,studio,pool,True,AG03
U120741,12,2,24.8,studio,city,False,AG05
U120742,12,5,25.8,studio,standard,True,AG02
U120743,12,7,27.0,studio,standard,False,AG05
U120744,12,3,22.4,studio,pool,True,AG02
U120745,12,6,31.7,1BR,city,False,AG03
U120746,12,7,35.3,1BR,city,False,AG01
U120747,12,7,23.2,studio,standard,True,AG01
U120748,12,4,31.0,1BR,city,True,AG01
U120749,12,6,29.8,1BR,standard,True,AG04
U120750,12,2,25.5,studio,pool,False,AG03
U120751,12,5,24.8,studio,standard,True,AG04
U120752,12,6,25.8,studio,pool,False,AG06
U120753,12,3,26.3,studio,standard,True,AG02
U120754,12,8,26.2,studio,pool,True,AG01
U120755,12,8,26.8,studio,standard,True,AG01
U120756,12,4,26.9,studio,standard,True,AG06
U120757,12,7,22.3,studio,standard,True,AG03
U120758,12,6,23.4,studio,standard,True,AG05
U120759,12,2,30.6,1BR,city,True,AG05
U120760,12,1,22.0,studio,standard,True,AG01
U120761,12,1,24.8,studio,standard,True,AG03
U120762,12,5,23.6,studio,standard,True,AG01
U120763,12,6,23.7,studio,city,True,AG03
U120764,12,6,21.4,studio,standard,False,AG02
U120765,12,6,27.5,1BR,city,True,AG05
U120766,12,2,39.5,1BR Plus,city,True,AG06
U120767,12,3,30.2,1BR,city,True,AG06
U120768,12,5,23.5,studio,city,True,AG06
U120769,12,1,43.8,1BR Plus,standard,True,AG02
U120770,12,4,32.2,1BR,standard,True,AG01
U120771,12,1,26.8,studio,standard,True,AG03
U120772,12,6,22.9,studio,pool,True,AG04
U120773,12,1,23.9,studio,standard,True,AG04
U120774,12,2,29.2,1BR,pool,True,AG01
U120775,12,5,23.7,studio,standard,True,AG04
U120776,12,8,34.7,1BR,standard,True,AG02
U120777,12,6,32.7,1BR,pool,True,AG03
U120778,12,4,42.9,1BR Plus,pool,True,AG06
U120779,12,2,31.3,1BR,pool,True,AG05
U120780,12,5,23.5,studio,standard,True,AG03
U120781,12,6,34.6,1BR,standard,True,AG06
U120782,12,1,30.1,1BR,city,True,AG06
U120783,12,6,24.8,studio,standard,False,AG05
U120784,12,7,46.9,1BR Plus,standard,False,AG06
U120785,12,4,21.2,studio,city,True,AG06
U120786,12,5,34.9,1BR,standard,True,AG06
U120787,12,4,30.3,1BR,standard,True,AG04
U120788,12,4,21.6,studio,city,True,AG02
U120789,12,2,40.1,1BR Plus,pool,False,AG06
U120790,12,1,20.7,studio,standard,True,AG03
U120791,12,4,21.1,studio,pool,True,AG02
U120792,12,2,21.8,studio,standard,False,AG05
U120793,12,2,42.8,1BR Plus,standard,True,AG03
U120794,12,4,26.8,studio,standard,True,AG04
U120795,12,5,20.8,studio,pool,True,AG02
U120796,12,3,30.5,1BR,pool,True,AG06
U120797,12,1,27.4,1BR,standard,True,AG03
U120798,12,7,26.6,studio,city,True,AG01
U120799,12,8,43.1,1BR Plus,city,True,AG01
U120800,12,1,44.7,1BR Plus,city,True,AG04
U120801,12,4,39.4,1BR Plus,city,True,AG01
U120802,12,1,28.9,1BR,pool,True,AG06
U120803,12,8,20.8,studio,standard,True,AG02
U120804,12,7,24.9,studio,standard,True,AG05
U120805,12,5,26.0,studio,standard,True,AG03
U120806,12,2,24.5,studio,standard,False,AG06
U120807,12,3,34.2,1BR,city,True,AG04
U120808,12,8,26.0,studio,standard,True,AG04
U120809,12,7,24.8,studio,standard,False,AG01
U120810,12,6,34.6,1BR,standard,False,AG05
U120811,12,2,42.7,1BR Plus,pool,True,AG04
U120812,12,6,28.8,1BR,standard,True,AG03
U120813,12,1,22.7,studio,pool,True,AG03
U120814,12,3,32.8,1BR,standard,True,AG05
U120815,12,6,23.3,studio,city,True,AG02
U120816,12,4,30.9,1BR,standard,True,AG06
U120817,12,3,25.6,studio,city,True,AG06
U120818,12,3,27.2,1BR,standard,True,AG06
U120819,12,2,21.7,studio,standard,False,AG01
U120820,12,3,30.6,1BR,standard,True,AG03
U120821,12,6,21.7,studio,standard,True,AG02
U120822,12,3,22.2,studio,standard,True,AG03
U120823,12,1,26.8,studio,city,True,AG06
U120824,12,8,24.2,studio,city,True,AG01
U120825,12,7,24.5,studio,standard,True,AG06
U120826,12,4,31.5,1BR,standard,False,AG01
U120827,12,7,42.0,1BR Plus,standard,False,AG01
U120828,12,3,24.6,studio,standard,False,AG04
U120829,12,3,23.6,studio,standard,True,AG05
U120830,12,1,25.6,studio,standard,True,AG01
U120831,12,5,23.4,studio,standard,True,AG03
U120832,12,4,32.8,1BR,pool,True,AG02
U120833,12,1,25.2,studio,standard,True,AG02
U120834,12,4,32.1,1BR,standard,True,AG02
U120835,12,3,25.9,studio,standard,True,AG01
U120836,12,4,43.7,1BR Plus,pool,True,AG02
U120837,12,4,45.2,1BR Plus,standard,True,AG06
U120838,12,7,29.9,1BR,standard,False,AG04
U120839,12,6,26.3,studio,standard,True,AG04
U120840,12,7,29.6,1BR,pool,True,AG01
U120841,12,7,21.6,studio,standard,True,AG06
U120842,12,1,42.6,1BR Plus,standard,False,AG01
U120843,12,5,33.8,1BR,city,True,AG05
U120844,12,5,37.4,1BR Plus,standard,True,AG03
U120845,12,5,25.7,studio,city,True,AG01
U120846,12,2,32.3,1BR,standard,True,AG02
U120847,12,3,33.1,1BR,standard,True,AG06
U120848,12,1,24.9,studio,city,False,AG02
U120849,12,2,25.6,studio,standard,True,AG06
U120850,12,4,33.4,1BR,standard,True,AG05
U120851,12,3,22.1,studio,standard,True,AG01
U120852,12,3,22.8,studio,standard,True,AG06
U120853,12,3,39.7,1BR Plus,city,True,AG03
U120854,12,5,22.1,studio,standard,True,AG04
U120855,12,2,35.5,1BR Plus,standard,False,AG06
U120856,12,7,40.8,1BR Plus,standard,True,AG03
U120857,12,5,24.9,studio,city,True,AG01
U120858,12,7,30.6,1BR,standard,True,AG06
U120859,12,7,23.3,studio,city,True,AG03
U120860,12,7,21.7,studio,standard,True,AG01
U120861,12,6,22.3,studio,standard,True,AG03
U120862,12,7,27.1,1BR,city,True,AG04
U120863,12,2,24.8,studio,pool,True,AG06
U120864,12,5,26.6,studio,pool,True,AG02
U120865,12,1,37.3,1BR Plus,city,False,AG05
U120866,12,5,35.4,1BR,city,True,AG03
U120867,12,3,32.6,1BR,city,True,AG03
U120868,12,3,24.7,studio,pool,True,AG05
U120869,12,3,26.1,studio,standard,True,AG06
U120870,12,1,25.2,studio,standard,False,AG04
U120871,12,8,24.0,studio,standard,True,AG02
U120872,12,1,21.7,studio,standard,False,AG03
U120873,12,6,22.7,studio,standard,True,AG01
U120874,12,5,26.0,studio,city,False,AG03
U120875,12,3,28.5,1BR,standard,True,AG02
U120876,12,4,28.5,1BR,standard,True,AG01
U120877,12,6,24.7,studio,standard,True,AG06
U120878,12,7,22.7,studio,standard,True,AG02
U120879,12,4,22.8,studio,standard,True,AG01
U120880,12,3,26.3,studio,standard,False,AG04
U120881,12,1,31.2,1BR,pool,True,AG06
U120882,12,5,31.8,1BR,city,True,AG01
U120883,12,6,24.3,studio,standard,False,AG04
U120884,12,1,25.7,studio,standard,False,AG05
U120885,12,1,24.8,studio,standard,True,AG01
U120886,12,4,46.0,1BR Plus,standard,True,AG06
U120887,12,1,23.3,studio,standard,False,AG06
U120888,12,1,45.0,1BR Plus,standard,True,AG01
U120889,12,5,33.3,1BR,standard,True,AG03
U120890,12,2,23.2,studio,standard,True,AG05
U120891,12,4,30.8,1BR,city,False,AG03
U120892,12,5,32.1,1BR,pool,False,AG03
U120893,12,6,22.7,studio,standard,True,AG03
U120894,12,5,34.4,1BR,standard,False,AG05
U120895,12,8,32.2,1BR,pool,True,AG05
U120896,12,3,28.5,1BR,standard,True,AG05
U120897,12,6,31.3,1BR,standard,False,AG06
U120898,12,7,25.1,studio,city,True,AG01
U120899,12,2,30.8,1BR,standard,True,AG06
U120900,12,6,24.2,studio,city,True,AG05
U120901,12,6,22.8,studio,city,False,AG02
U120902,12,3,26.1,studio,standard,False,AG05
U120903,12,7,39.0,1BR Plus,pool,True,AG03
U120904,12,7,32.5,1BR,standard,False,AG02
U120905,12,4,34.1,1BR,standard,True,AG01
U120906,12,1,28.8,1BR,standard,True,AG02
U120907,12,2,26.3,studio,standard,False,AG01
U120908,12,4,24.9,studio,standard,True,AG06
U120909,12,8,23.3,studio,city,True,AG02
U120910,12,2,21.6,studio,city,True,AG04
U120911,12,1,21.7,studio,city,False,AG02
U120912,12,6,37.1,1BR Plus,standard,True,AG04
U120913,12,5,23.9,studio,city,True,AG01
U120914,12,7,33.3,1BR,city,False,AG04
U120915,12,4,26.3,studio,standard,True,AG02
U120916,12,6,34.8,1BR,standard,True,AG06
U120917,12,4,25.9,studio,standard,True,AG04
U120918,12,6,29.4,1BR,standard,True,AG05
U120919,12,8,30.8,1BR,standard,True,AG01
U120920,12,5,25.0,studio,standard,True,AG03
U120921,12,4,30.6,1BR,standard,True,AG05
U120922,12,4,28.0,1BR,standard,True,AG06
U120923,12,3,21.6,studio,standard,True,AG05
U120924,12,1,22.1,studio,standard,True,AG03
U120925,12,1,45.4,1BR Plus,city,True,AG03
U120926,12,4,24.2,studio,pool,True,AG05
U120927,12,1,30.9,1BR,standard,True,AG02
U120928,12,2,27.8,1BR,city,True,AG06
U120929,12,6,20.6,studio,standard,True,AG03
U120930,12,5,25.7,studio,standard,True,AG06
U120931,12,1,24.5,studio,standard,False,AG04
U120932,12,7,29.4,1BR,city,True,AG01
U120933,12,4,29.5,1BR,standard,True,AG01
U120934,12,6,22.0,studio,city,False,AG03
U120935,12,2,25.2,studio,pool,False,AG06
U120936,12,7,34.7,1BR,standard,True,AG02
U120937,12,8,35.7,1BR Plus,standard,True,AG01
U120938,12,8,23.3,studio,standard,True,AG06
U120939,12,6,21.8,studio,city,True,AG02
U120940,12,2,32.9,1BR,city,True,AG04
U120941,12,4,26.5,studio,standard,True,AG01
U120942,12,5,29.3,1BR,city,False,AG02
U120943,12,4,21.9,studio,standard,False,AG03
U120944,12,5,23.9,studio,pool,True,AG04
U120945,12,2,33.9,1BR,standard,False,AG06
U120946,12,1,31.9,1BR,city,True,AG04
U120947,12,1,34.9,1BR,standard,False,AG04
U120948,12,7,23.2,studio,pool,True,AG06
U120949,12,7,26.9,studio,standard,False,AG01
U120950,12,3,22.8,studio,standard,True,AG04
U120951,12,5,22.4,studio,standard,True,AG01
U120952,12,4,25.9,studio,pool,True,AG04
U120953,12,7,26.3,studio,city,False,AG06
U120954,12,1,24.5,studio,pool,False,AG04
U120955,12,8,35.5,1BR Plus,standard,True,AG02
U120956,12,8,28.9,1BR,city,True,AG05
U120957,12,7,26.0,studio,city,True,AG02
U120958,12,7,31.0,1BR,standard,False,AG06
U120959,12,6,21.3,studio,city,True,AG04
U120960,12,2,26.3,studio,standard,True,AG04
U120961,12,1,21.6,studio,standard,True,AG03
U120962,12,1,24.4,studio,pool,True,AG05
U120963,12,2,26.1,studio,city,True,AG03
U120964,12,4,29.2,1BR,standard,True,AG06
U120965,12,1,32.6,1BR,standard,True,AG02
U120966,12,2,31.9,1BR,standard,True,AG04
U120967,12,5,45.3,1BR Plus,city,False,AG06
U120968,12,1,44.4,1BR Plus,standard,True,AG03
U120969,12,4,32.2,1BR,city,True,AG01
U120970,12,4,27.5,1BR,city,True,AG06
U120971,12,2,23.8,studio,standard,False,AG05
U120972,12,5,25.2,studio,standard,False,AG03
U120973,12,2,22.0,studio,standard,True,AG05
U130000,13,5,22.9,studio,standard,True,AG04
U130001,13,7,21.3,studio,standard,False,AG03
U130002,13,3,21.9,studio,city,True,AG02
U130003,13,8,46.5,1BR Plus,city,True,AG04
U130004,13,1,20.9,studio,standard,True,AG04
U130005,13,3,21.5,studio,standard,True,AG06
U130006,13,5,45.5,1BR Plus,standard,True,AG05
U130007,13,6,22.2,studio,standard,True,AG02
U130008,13,7,22.0,studio,standard,True,AG02
U130009,13,7,30.6,1BR,city,True,AG01
U130010,13,3,26.0,studio,pool,True,AG01
U130011,13,7,21.9,studio,city,True,AG01
U130012,13,4,26.5,studio,city,True,AG06
U130013,13,4,21.7,studio,pool,True,AG03
U130014,13,7,23.0,studio,standard,True,AG04
U130015,13,3,38.9,1BR Plus,standard,True,AG02
U130016,13,8,25.0,studio,standard,True,AG06
U130017,13,3,22.0,studio,city,True,AG03
U130018,13,2,34.8,1BR,standard,True,AG03
U130019,13,5,22.6,studio,standard,False,AG06
U130020,13,2,31.5,1BR,standard,True,AG02
U130021,13,4,26.4,studio,standard,True,AG05
U130022,13,5,34.6,1BR,standard,True,AG06
U130023,13,8,33.8,1BR,standard,True,AG05
U130024,13,7,32.8,1BR,standard,True,AG04
U130025,13,5,29.6,1BR,city,True,AG05
U130026,13,7,25.9,studio,city,True,AG02
U130027,13,8,25.7,studio,standard,True,AG01
U130028,13,6,26.4,studio,pool,False,AG02
U130029,13,5,34.0,1BR,pool,True,AG02
U130030,13,3,27.9,1BR,city,False,AG01
U130031,13,6,26.9,studio,pool,True,AG05
U130032,13,7,26.4,studio,standard,True,AG02
U130033,13,2,23.2,studio,standard,True,AG05
U130034,13,2,28.4,1BR,standard,True,AG02
U130035,13,5,34.1,1BR,city,True,AG03
U130036,13,4,29.5,1BR,standard,True,AG06
U130037,13,3,28.9,1BR,pool,True,AG05
U130038,13,5,25.8,studio,standard,True,AG02
U130039,13,5,33.2,1BR,city,True,AG02
U130040,13,3,25.0,studio,city,True,AG02
U130041,13,6,29.7,1BR,standard,True,AG02
U130042,13,8,22.3,studio,pool,True,AG06
U130043,13,1,22.8,studio,standard,True,AG04
U130044,13,8,23.1,studio,pool,True,AG05
U130045,13,3,21.8,studio,standard,True,AG03
U130046,13,6,26.7,studio,city,True,AG06
U130047,13,4,37.0,1BR Plus,standard,True,AG03
U130048,13,7,23.0,studio,standard,True,AG03
U130049,13,1,45.2,1BR Plus,city,False,AG05
U130050,13,6,35.0,1BR,pool,True,AG05
U130051,13,2,21.0,studio,city,False,AG05
U130052,13,4,30.8,1BR,standard,True,AG04
U130053,13,8,38.4,1BR Plus,standard,True,AG04
U130054,13,6,24.0,studio,standard,True,AG06
U130055,13,2,32.6,1BR,city,True,AG06
U130056,13,7,20.7,studio,standard,False,AG02
U130057,13,2,40.7,1BR Plus,city,True,AG06
U130058,13,8,24.0,studio,standard,True,AG01
U130059,13,6,20.6,studio,standard,True,AG05
U130060,13,4,25.2,studio,city,True,AG04
U130061,13,4,22.5,studio,standard,True,AG02
U130062,13,7,24.2,studio,city,True,AG04
U130063,13,3,26.5,studio,city,True,AG05
U130064,13,6,24.5,studio,standard,False,AG02
U130065,13,2,24.3,studio,standard,True,AG02
U130066,13,1,26.4,studio,standard,True,AG02
U130067,13,8,26.9,studio,standard,False,AG02
U130068,13,3,25.9,studio,standard,False,AG02
U130069,13,5,34.9,1BR,city,True,AG01
U130070,13,4,31.7,1BR,city,False,AG04
U130071,13,5,26.6,studio,standard,False,AG01
U130072,13,5,20.8,studio,pool,True,AG03
U130073,13,6,21.8,studio,standard,False,AG05
U130074,13,5,46.7,1BR Plus,standard,True,AG06
U130075,13,2,26.9,studio,standard,True,AG01
U130076,13,7,31.7,1BR,standard,False,AG04
U130077,13,7,33.4,1BR,standard,True,AG02
U130078,13,1,21.2,studio,standard,True,AG03
U130079,13,4,37.7,1BR Plus,standard,True,AG02
U130080,13,4,30.1,1BR,standard,True,AG06
U130081,13,7,21.5,studio,standard,False,AG03
U130082,13,8,32.2,1BR,standard,True,AG03
U130083,13,4,38.5,1BR Plus,standard,True,AG02
U130084,13,4,24.1,studio,standard,True,AG05
U130085,13,6,22.7,studio,pool,True,AG03
U130086,13,5,21.4,studio,city,False,AG01
U130087,13,3,27.5,1BR,standard,False,AG05
U130088,13,4,22.8,studio,city,True,AG05
U130089,13,2,27.8,1BR,standard,False,AG02
U130090,13,2,23.4,studio,standard,True,AG06
U130091,13,6,28.1,1BR,city,False,AG06
U130092,13,7,21.6,studio,city,True,AG02
U130093,13,8,23.6,studio,standard,True,AG05
U130094,13,5,25.3,studio,standard,True,AG04
U130095,13,5,25.7,studio,city,True,AG04
U130096,13,1,33.5,1BR,pool,True,AG03
U130097,13,7,26.4,studio,city,True,AG05
U130098,13,2,21.5,studio,standard,False,AG01
U130099,13,7,25.7,studio,standard,True,AG02
U130100,13,4,23.0,studio,city,True,AG03
U130101,13,6,33.3,1BR,standard,True,AG04
U130102,13,5,32.5,1BR,city,True,AG01
U130103,13,5,26.3,studio,standard,True,AG04
U130104,13,5,25.9,studio,standard,True,AG05
U130105,13,7,31.9,1BR,standard,True,AG01
U130106,13,1,26.7,studio,standard,True,AG04
U130107,13,5,41.9,1BR Plus,standard,True,AG03
U130108,13,6,30.3,1BR,standard,True,AG06
U130109,13,1,24.8,studio,city,True,AG04
U130110,13,4,23.5,studio,city,True,AG05
U130111,13,7,42.3,1BR Plus,standard,True,AG06
U130112,13,7,31.2,1BR,standard,True,AG06
U130113,13,1,23.4,studio,pool,True,AG02
U130114,13,3,20.8,studio,city,True,AG06
U130115,13,1,24.7,studio,standard,True,AG04
U130116,13,5,26.7,studio,city,True,AG06
U130117,13,1,29.6,1BR,standard,True,AG01
U130118,13,3,22.1,studio,standard,False,AG04
U130119,13,1,33.8,1BR,city,True,AG02
U130120,13,6,45.3,1BR Plus,standard,True,AG01
U130121,13,7,31.9,1BR,standard,True,AG05
U130122,13,4,28.9,1BR,standard,True,AG02
U130123,13,3,24.9,studio,city,True,AG01
U130124,13,1,34.0,1BR,standard,True,AG06
U130125,13,4,29.2,1BR,city,True,AG05
U130126,13,2,33.9,1BR,standard,True,AG06
U130127,13,8,25.7,studio,standard,True,AG02
U130128,13,4,31.8,1BR,standard,False,AG06
U130129,13,4,26.2,studio,pool,True,AG02
U130130,13,6,22.7,studio,pool,True,AG01
U130131,13,2,24.7,studio,standard,True,AG02
U130132,13,4,26.2,studio,standard,True,AG04
U130133,13,3,24.5,studio,standard,True,AG06
U130134,13,6,35.5,1BR,standard,True,AG03
U130135,13,6,34.5,1BR,city,True,AG06
U130136,13,3,24.2,studio,standard,False,AG04
U130137,13,6,33.7,1BR,standard,False,AG06
U130138,13,6,22.3,studio,standard,False,AG01
U130139,13,8,25.5,studio,standard,True,AG06
U130140,13,8,43.4,1BR Plus,pool,False,AG03
U130141,13,5,32.2,1BR,standard,True,AG03
U130142,13,8,24.6,studio,standard,True,AG06
U130143,13,4,34.5,1BR,standard,True,AG06
U130144,13,7,24.7,studio,city,False,AG04
U130145,13,5,21.3,studio,city,False,AG01
U130146,13,2,28.5,1BR,standard,True,AG01
U130147,13,2,43.5,1BR Plus,standard,True,AG05
U130148,13,1,23.1,studio,standard,False,AG04
U130149,13,2,25.2,studio,standard,False,AG05
U130150,13,1,24.8,studio,city,True,AG04
U130151,13,7,34.9,1BR,standard,True,AG01
U130152,13,7,31.3,1BR,city,False,AG06
U130153,13,4,40.2,1BR Plus,pool,False,AG06
U130154,13,6,20.9,studio,standard,False,AG04
U130155,13,3,33.1,1BR,pool,True,AG01
U130156,13,3,40.1,1BR Plus,pool,True,AG03
U130157,13,6,20.9,studio,standard,False,AG01
U130158,13,2,22.1,studio,standard,True,AG03
U130159,13,6,26.4,studio,standard,True,AG05
U130160,13,3,21.0,studio,standard,True,AG04
U130161,13,1,31.8,1BR,pool,False,AG06
U130162,13,7,23.6,studio,standard,True,AG05
U130163,13,4,26.4,studio,standard,False,AG06
U130164,13,4,25.7,studio,standard,True,AG03
U130165,13,4,24.9,studio,standard,True,AG04
U130166,13,4,30.9,1BR,pool,False,AG05
U130167,13,3,31.6,1BR,standard,True,AG05
U130168,13,3,34.8,1BR,standard,False,AG01
U130169,13,5,25.6,studio,standard,True,AG04
U130170,13,4,22.3,studio,pool,False,AG01
U130171,13,6,30.7,1BR,pool,True,AG04
U130172,13,5,26.6,studio,standard,True,AG02
U130173,13,2,31.0,1BR,standard,True,AG01
U130174,13,5,25.1,studio,city,True,AG01
U130175,13,8,43.5,1BR Plus,city,True,AG01
U130176,13,6,22.0,studio,standard,True,AG04
U130177,13,8,30.9,1BR,city,True,AG03
U130178,13,2,35.4,1BR,standard,True,AG04
U130179,13,5,30.6,1BR,city,True,AG04
U130180,13,6,21.0,studio,pool,False,AG03
U130181,13,5,44.6,1BR Plus,pool,False,AG05
U130182,13,3,24.4,studio,standard,True,AG06
U130183,13,2,26.9,studio,pool,True,AG05
U130184,13,5,28.0,1BR,standard,True,AG04
U130185,13,3,23.5,studio,city,True,AG04
U130186,13,7,30.1,1BR,standard,False,AG01
U130187,13,6,22.4,studio,pool,False,AG03
U130188,13,4,24.4,studio,city,True,AG01
U130189,13,7,23.6,studio,standard,False,AG04
U130190,13,3,30.2,1BR,city,True,AG01
U130191,13,8,22.6,studio,standard,True,AG06
U130192,13,6,34.2,1BR,standard,False,AG05
U130193,13,4,23.5,studio,standard,True,AG04
U130194,13,4,23.0,studio,city,False,AG05
U130195,13,1,26.1,studio,standard,True,AG03
U130196,13,3,31.2,1BR,pool,True,AG05
U130197,13,3,26.5,studio,city,True,AG03
U130198,13,8,31.6,1BR,city,True,AG02
U130199,13,3,24.4,studio,standard,False,AG01
U130200,13,3,39.8,1BR Plus,standard,False,AG06
U130201,13,1,28.3,1BR,standard,True,AG02
U130202,13,3,30.9,1BR,standard,True,AG05
U130203,13,5,29.2,1BR,city,True,AG03
U130204,13,3,46.2,1BR Plus,standard,False,AG01
U130205,13,8,44.4,1BR Plus,standard,False,AG04
U130206,13,5,20.7,studio,city,True,AG03
U130207,13,3,26.9,studio,standard,True,AG02
U130208,13,2,20.9,studio,city,False,AG06
U130209,13,1,26.8,studio,standard,True,AG05
U130210,13,5,22.1,studio,city,True,AG04
U130211,13,8,32.5,1BR,standard,False,AG01
U130212,13,5,25.3,studio,standard,True,AG04
U130213,13,6,21.6,studio,standard,True,AG05
U130214,13,2,34.3,1BR,standard,True,AG03
U130215,13,2,23.0,studio,standard,True,AG06
U130216,13,2,26.2,studio,standard,True,AG03
U130217,13,2,32.0,1BR,standard,True,AG01
U130218,13,7,39.2,1BR Plus,pool,True,AG02
U130219,13,2,33.2,1BR,standard,True,AG04
U130220,13,4,32.8,1BR,standard,True,AG04
U130221,13,7,23.4,studio,standard,True,AG02
U130222,13,4,47.0,1BR Plus,city,True,AG01
U130223,13,3,20.9,studio,standard,True,AG02
U130224,13,1,23.8,studio,city,False,AG04
U130225,13,2,30.6,1BR,city,True,AG02
U130226,13,6,35.4,1BR,standard,True,AG02
U130227,13,7,26.6,studio,standard,True,AG03
U130228,13,8,26.2,studio,pool,True,AG02
U130229,13,1,21.5,studio,standard,True,AG06
U130230,13,2,25.1,studio,pool,True,AG02
U130231,13,8,34.0,1BR,standard,True,AG02
U130232,13,7,24.5,studio,pool,True,AG03
U130233,13,2,25.7,studio,city,True,AG02
U130234,13,6,30.8,1BR,standard,False,AG05
U130235,13,4,24.5,studio,standard,True,AG06
U130236,13,5,31.1,1BR,city,True,AG05
U140000,14,8,22.5,studio,city,False,AG03
U140001,14,4,28.7,1BR,standard,True,AG05
U140002,14,2,26.3,studio,city,True,AG05
U140003,14,8,23.0,studio,pool,False,AG05
U140004,14,2,22.6,studio,standard,True,AG02
U140005,14,5,26.5,studio,standard,True,AG06
U140006,14,4,25.7,studio,standard,False,AG04
U140007,14,5,23.6,studio,pool,True,AG05
U140008,14,4,44.9,1BR Plus,standard,True,AG03
U140009,14,6,43.2,1BR Plus,pool,True,AG03
U140010,14,5,35.3,1BR,city,True,AG05
U140011,14,8,39.8,1BR Plus,pool,False,AG01
U140012,14,6,29.0,1BR,standard,True,AG05
U140013,14,5,28.8,1BR,standard,True,AG03
U140014,14,3,25.0,studio,standard,False,AG06
U140015,14,1,23.5,studio,standard,True,AG02
U140016,14,6,24.6,studio,standard,True,AG06
U140017,14,1,25.4,studio,city,False,AG05
U140018,14,4,26.8,studio,standard,False,AG05
U140019,14,4,23.1,studio,pool,False,AG06
U140020,14,2,31.5,1BR,city,True,AG06
U140021,14,7,29.6,1BR,standard,True,AG03
U140022,14,6,23.8,studio,standard,False,AG03
U140023,14,3,23.3,studio,pool,True,AG01
U140024,14,1,21.9,studio,pool,True,AG04
U140025,14,1,23.3,studio,city,True,AG06
U140026,14,6,28.7,1BR,standard,True,AG05
U140027,14,1,28.0,1BR,standard,True,AG03
U140028,14,2,24.3,studio,standard,False,AG03
U140029,14,8,33.5,1BR,standard,True,AG05
U140030,14,2,21.6,studio,standard,True,AG03
U140031,14,1,23.9,studio,standard,True,AG05
U140032,14,3,25.3,studio,city,False,AG06
U140033,14,2,25.7,studio,standard,True,AG06
U140034,14,4,25.8,studio,pool,True,AG04
U140035,14,1,27.2,1BR,standard,True,AG06
U140036,14,2,32.7,1BR,standard,True,AG02
U140037,14,6,22.4,studio,city,True,AG04
U140038,14,4,23.8,studio,standard,True,AG04
U140039,14,6,34.6,1BR,pool,True,AG03
U140040,14,1,25.0,studio,standard,False,AG06
U140041,14,6,44.0,1BR Plus,city,False,AG04
U140042,14,6,39.8,1BR Plus,pool,True,AG01
U140043,14,6,38.2,1BR Plus,city,True,AG04
U140044,14,4,33.7,1BR,city,True,AG01
U140045,14,1,33.0,1BR,standard,False,AG03
U140046,14,6,34.4,1BR,standard,True,AG06
U140047,14,1,25.2,studio,pool,True,AG03
U140048,14,2,23.4,studio,city,False,AG02
U140049,14,5,23.2,studio,standard,True,AG04
U140050,14,3,33.9,1BR,standard,False,AG06
U140051,14,7,26.4,studio,city,True,AG01
U140052,14,2,24.0,studio,standard,True,AG02
U140053,14,3,21.7,studio,standard,True,AG02
U140054,14,4,44.9,1BR Plus,standard,False,AG01
U140055,14,3,25.2,studio,standard,True,AG03
U140056,14,4,24.8,studio,city,True,AG05
U140057,14,8,39.5,1BR Plus,standard,True,AG04
U140058,14,6,31.0,1BR,standard,True,AG01
U140059,14,6,21.3,studio,standard,True,AG03
U140060,14,3,24.1,studio,standard,True,AG05
U140061,14,5,32.4,1BR,standard,True,AG02
U140062,14,6,21.7,studio,standard,True,AG03
U140063,14,2,32.4,1BR,standard,True,AG04
U140064,14,2,28.8,1BR,standard,True,AG02
U140065,14,8,37.2,1BR Plus,city,True,AG04
U140066,14,2,38.7,1BR Plus,standard,True,AG02
U140067,14,6,25.2,studio,pool,True,AG06
U140068,14,4,27.0,1BR,standard,True,AG05
U140069,14,8,29.6,1BR,standard,False,AG04
U140070,14,8,32.4,1BR,standard,True,AG03
U140071,14,1,31.1,1BR,pool,True,AG01
U140072,14,5,23.8,studio,standard,False,AG02
U140073,14,2,41.5,1BR Plus,standard,True,AG02
U140074,14,6,21.4,studio,city,True,AG05
U140075,14,7,29.4,1BR,standard,True,AG05
U140076,14,1,25.2,studio,standard,True,AG06
U140077,14,7,25.6,studio,standard,True,AG01
U140078,14,8,44.3,1BR Plus,standard,True,AG06
U140079,14,2,35.2,1BR,standard,True,AG03
U140080,14,6,26.3,studio,standard,True,AG06
U140081,14,1,25.9,studio,standard,False,AG04
U140082,14,4,22.7,studio,pool,True,AG05
U140083,14,6,26.9,studio,standard,False,AG01
U140084,14,5,34.4,1BR,standard,True,AG06
U140085,14,3,25.5,studio,standard,False,AG06
U140086,14,4,39.7,1BR Plus,standard,True,AG01
U140087,14,8,30.8,1BR,city,True,AG02
U140088,14,2,32.7,1BR,standard,False,AG05
U140089,14,7,21.5,studio,standard,True,AG02
U140090,14,2,27.3,1BR,standard,True,AG04
U140091,14,8,24.8,studio,standard,False,AG06
U140092,14,3,20.7,studio,standard,True,AG01
U140093,14,1,35.7,1BR Plus,city,True,AG05
U140094,14,1,35.1,1BR,pool,True,AG05
U140095,14,8,33.5,1BR,standard,True,AG06
U140096,14,5,25.0,studio,standard,True,AG06
U140097,14,7,25.9,studio,standard,True,AG04
U140098,14,3,26.0,studio,standard,True,AG05
U140099,14,2,26.6,studio,pool,True,AG06
U140100,14,5,20.7,studio,city,True,AG03
U140101,14,3,28.1,1BR,city,True,AG05
U140102,14,1,21.3,studio,city,True,AG02
U140103,14,5,35.2,1BR,standard,True,AG05
U140104,14,1,21.5,studio,standard,True,AG03
U140105,14,1,22.6,studio,city,True,AG04
U140106,14,2,26.3,studio,pool,True,AG02
U140107,14,6,33.3,1BR,standard,True,AG03
U140108,14,2,31.3,1BR,standard,True,AG06
U140109,14,3,21.0,studio,city,True,AG03
U140110,14,4,31.0,1BR,city,True,AG05
U140111,14,3,23.1,studio,standard,True,AG02
U140112,14,8,22.6,studio,city,False,AG02
U140113,14,7,35.9,1BR Plus,pool,True,AG06
U140114,14,4,25.9,studio,standard,True,AG05
U140115,14,6,39.4,1BR Plus,city,False,AG03
U140116,14,8,35.0,1BR,pool,True,AG02
U140117,14,1,42.2,1BR Plus,city,True,AG02
U140118,14,7,26.6,studio,standard,False,AG06
U140119,14,5,36.9,1BR Plus,standard,True,AG05
U140120,14,2,32.9,1BR,standard,True,AG04
U140121,14,5,23.6,studio,standard,True,AG06
U140122,14,6,21.6,studio,standard,True,AG02
U140123,14,6,26.4,studio,pool,True,AG03
U140124,14,5,29.3,1BR,standard,True,AG03
U140125,14,5,35.0,1BR,standard,True,AG02
U140126,14,7,24.0,studio,city,True,AG04
U140127,14,2,44.8,1BR Plus,standard,True,AG01
U140128,14,6,25.7,studio,standard,True,AG04
U140129,14,8,34.6,1BR,city,False,AG01
U140130,14,7,32.0,1BR,city,True,AG01
U140131,14,7,24.3,studio,city,True,AG05
U140132,14,2,24.5,studio,pool,False,AG05
U140133,14,8,26.3,studio,standard,True,AG06
U140134,14,5,21.0,studio,city,True,AG03
U140135,14,5,25.0,studio,standard,False,AG06
U140136,14,7,25.4,studio,city,True,AG02
U140137,14,8,39.0,1BR Plus,city,True,AG04
U140138,14,5,25.6,studio,pool,True,AG01
U140139,14,5,29.4,1BR,standard,False,AG03
U140140,14,2,39.1,1BR Plus,standard,True,AG06
U140141,14,4,25.2,studio,standard,True,AG01
U140142,14,7,26.8,studio,standard,True,AG02
U140143,14,8,36.9,1BR Plus,city,True,AG05
U140144,14,5,33.2,1BR,standard,True,AG05
U140145,14,6,37.0,1BR Plus,standard,True,AG04
U140146,14,2,21.6,studio,city,True,AG05
U140147,14,5,23.0,studio,city,False,AG06
U140148,14,6,21.9,studio,pool,True,AG02
U140149,14,5,24.7,studio,pool,True,AG03
U140150,14,4,24.5,studio,standard,True,AG03
U140151,14,3,45.7,1BR Plus,standard,True,AG02
U140152,14,1,26.1,studio,standard,True,AG01
U140153,14,6,33.3,1BR,standard,True,AG04
U140154,14,8,26.8,studio,pool,True,AG04
U140155,14,3,23.5,studio,pool,False,AG02
U140156,14,1,28.5,1BR,city,True,AG02
U140157,14,1,35.0,1BR,standard,True,AG05
U140158,14,2,24.7,studio,pool,True,AG01
U140159,14,8,31.7,1BR,pool,True,AG04
U140160,14,1,23.0,studio,standard,True,AG04
U140161,14,5,25.2,studio,standard,True,AG03
U140162,14,7,22.2,studio,pool,True,AG06
U140163,14,5,22.2,studio,standard,True,AG04
U140164,14,5,25.3,studio,standard,True,AG03
U140165,14,7,26.4,studio,standard,True,AG05
U140166,14,1,27.9,1BR,standard,True,AG03
U140167,14,6,26.1,studio,standard,True,AG06
U140168,14,4,28.6,1BR,city,True,AG04
U140169,14,5,20.8,studio,standard,True,AG05
U140170,14,1,25.2,studio,standard,True,AG01
U140171,14,3,22.0,studio,pool,False,AG06
U140172,14,8,43.3,1BR Plus,standard,True,AG03
U140173,14,7,35.7,1BR Plus,standard,True,AG02
U140174,14,5,32.1,1BR,city,True,AG04
U140175,14,4,31.7,1BR,standard,True,AG01
U140176,14,2,29.3,1BR,pool,True,AG01
U140177,14,6,34.7,1BR,standard,True,AG02
U140178,14,4,22.3,studio,standard,True,AG05
U140179,14,4,33.7,1BR,pool,True,AG06
U140180,14,4,21.2,studio,standard,False,AG03
U140181,14,2,27.4,1BR,standard,True,AG04
U140182,14,1,28.5,1BR,city,True,AG05
U140183,14,7,24.5,studio,city,True,AG01
U140184,14,1,31.4,1BR,standard,True,AG01
U140185,14,3,21.6,studio,pool,True,AG02
U140186,14,5,21.2,studio,city,False,AG06
U140187,14,8,35.2,1BR,standard,True,AG01
U140188,14,7,34.7,1BR,city,False,AG01
U140189,14,3,23.0,studio,city,False,AG03
U140190,14,8,26.4,studio,standard,True,AG02
U140191,14,7,21.5,studio,pool,True,AG06
U140192,14,3,28.8,1BR,standard,True,AG06
U140193,14,2,24.4,studio,standard,True,AG06
U140194,14,4,30.8,1BR,city,True,AG02
U140195,14,5,20.9,studio,standard,True,AG03
U140196,14,5,30.6,1BR,standard,False,AG02
U140197,14,8,43.7,1BR Plus,standard,True,AG03
U140198,14,4,43.8,1BR Plus,pool,False,AG04
U140199,14,2,36.0,1BR Plus,standard,False,AG02
U140200,14,5,46.1,1BR Plus,city,False,AG06
U140201,14,5,22.4,studio,standard,True,AG05
U140202,14,4,23.2,studio,standard,True,AG01
U140203,14,1,32.5,1BR,standard,False,AG01
U140204,14,1,24.7,studio,standard,False,AG04
U140205,14,5,22.6,studio,city,False,AG02
U140206,14,4,26.2,studio,standard,True,AG06
U140207,14,3,22.9,studio,standard,True,AG02
U140208,14,3,34.0,1BR,standard,True,AG05
U140209,14,4,20.9,studio,pool,True,AG05
U140210,14,4,23.1,studio,standard,True,AG06
U140211,14,2,24.3,studio,standard,True,AG02
U140212,14,4,31.9,1BR,standard,True,AG01
U140213,14,5,24.0,studio,city,False,AG06
U140214,14,2,23.9,studio,standard,True,AG05
U140215,14,7,39.7,1BR Plus,standard,True,AG04
U140216,14,4,24.3,studio,standard,True,AG03
U140217,14,7,42.8,1BR Plus,city,True,AG03
U140218,14,1,47.1,1BR Plus,city,True,AG03
U140219,14,8,25.6,studio,standard,True,AG05
U140220,14,5,29.6,1BR,standard,True,AG05
U140221,14,2,26.6,studio,city,True,AG02
U140222,14,5,21.0,studio,city,False,AG06
U140223,14,4,31.2,1BR,standard,False,AG01
U140224,14,6,26.6,studio,pool,True,AG02
U140225,14,7,26.2,studio,city,True,AG03
U140226,14,4,23.2,studio,standard,False,AG02
U140227,14,5,21.3,studio,standard,False,AG04
U140228,14,7,26.9,studio,city,True,AG04
U140229,14,8,39.0,1BR Plus,pool,False,AG01
U140230,14,7,24.9,studio,pool,True,AG01
U140231,14,6,21.7,studio,city,True,AG02
U140232,14,3,31.7,1BR,pool,True,AG05
U140233,14,1,25.9,studio,standard,True,AG02
U140234,14,7,35.7,1BR Plus,standard,True,AG04
U140235,14,8,42.7,1BR Plus,standard,True,AG06
U140236,14,4,26.9,studio,standard,False,AG05
U140237,14,7,33.1,1BR,standard,True,AG03
U140238,14,5,27.8,1BR,city,True,AG01
U140239,14,4,44.3,1BR Plus,standard,True,AG03
U140240,14,3,25.0,studio,standard,True,AG02
U140241,14,3,42.0,1BR Plus,standard,True,AG05
U140242,14,6,21.3,studio,standard,True,AG05
U140243,14,7,35.6,1BR Plus,city,True,AG03
U140244,14,4,37.0,1BR Plus,standard,True,AG03
U140245,14,5,28.6,1BR,pool,True,AG05
U140246,14,5,27.6,1BR,standard,True,AG02
U140247,14,7,39.7,1BR Plus,standard,True,AG01
U140248,14,3,25.4,studio,pool,True,AG02
U140249,14,7,29.7,1BR,city,True,AG02
U140250,14,2,33.8,1BR,pool,True,AG04
U140251,14,8,20.6,studio,city,True,AG02
U140252,14,8,30.7,1BR,pool,True,AG01
U140253,14,6,20.8,studio,pool,False,AG03
U140254,14,3,28.0,1BR,standard,True,AG05
U140255,14,2,24.4,studio,standard,True,AG05
U140256,14,7,33.0,1BR,pool,True,AG06
U140257,14,7,28.9,1BR,standard,True,AG02
U140258,14,4,21.2,studio,standard,True,AG03
U140259,14,8,22.5,studio,pool,True,AG04
U140260,14,6,37.3,1BR Plus,pool,True,AG06
U140261,14,2,26.6,studio,standard,True,AG05
U140262,14,8,23.2,studio,standard,False,AG01
U140263,14,8,26.2,studio,standard,True,AG04
U140264,14,2,24.6,studio,standard,True,AG06
U140265,14,1,45.4,1BR Plus,city,False,AG06
U140266,14,6,32.7,1BR,standard,True,AG06
U140267,14,1,21.9,studio,pool,True,AG05
U140268,14,5,26.6,studio,standard,True,AG02
U140269,14,6,25.3,studio,standard,True,AG02
U140270,14,4,24.4,studio,city,True,AG06
U140271,14,6,26.6,studio,city,True,AG06
U140272,14,6,20.7,studio,standard,True,AG03
U140273,14,2,30.9,1BR,city,False,AG01
U140274,14,8,24.7,studio,standard,True,AG03
U140275,14,3,30.0,1BR,standard,True,AG05
U140276,14,3,43.4,1BR Plus,standard,True,AG02
U140277,14,5,26.1,studio,standard,True,AG03
U140278,14,2,22.0,studio,standard,True,AG04
U140279,14,5,35.5,1BR,city,True,AG05
U140280,14,3,33.3,1BR,pool,True,AG05
U140281,14,7,32.4,1BR,city,True,AG01
U140282,14,5,31.9,1BR,standard,True,AG05
U140283,14,5,24.4,studio,city,False,AG05
U140284,14,2,22.0,studio,standard,True,AG01
U140285,14,4,32.1,1BR,standard,True,AG04
U140286,14,1,22.5,studio,standard,True,AG01
U140287,14,6,35.2,1BR,pool,True,AG03
U140288,14,1,26.0,studio,city,True,AG01
U140289,14,5,38.2,1BR Plus,city,True,AG05
U140290,14,6,31.2,1BR,standard,True,AG04
U140291,14,4,21.4,studio,standard,True,AG05
U140292,14,7,29.0,1BR,city,True,AG06
U140293,14,8,23.1,studio,standard,True,AG05
U140294,14,1,23.7,studio,standard,True,AG04
U140295,14,4,25.4,studio,standard,True,AG03
U140296,14,8,32.4,1BR,standard,True,AG04
U140297,14,5,21.5,studio,standard,True,AG06
U140298,14,5,24.7,studio,standard,True,AG04
U140299,14,1,26.6,studio,standard,True,AG02
U140300,14,3,25.5,studio,city,False,AG03
U140301,14,5,22.5,studio,standard,True,AG04
U140302,14,8,33.0,1BR,standard,True,AG06
U140303,14,1,25.3,studio,pool,True,AG01
U140304,14,2,24.3,studio,city,True,AG05
U140305,14,8,32.9,1BR,standard,True,AG06
U140306,14,5,33.8,1BR,standard,True,AG01
U140307,14,3,34.6,1BR,standard,True,AG03
U140308,14,1,33.5,1BR,standard,True,AG03
U140309,14,8,22.9,studio,standard,True,AG02
U140310,14,4,26.5,studio,pool,False,AG05
U140311,14,2,25.3,studio,standard,True,AG04
U140312,14,8,30.4,1BR,standard,True,AG05
U140313,14,5,26.9,studio,pool,True,AG04
U140314,14,7,23.9,studio,city,True,AG05
U140315,14,7,41.5,1BR Plus,standard,True,AG01
U140316,14,2,44.6,1BR Plus,city,True,AG05
U140317,14,5,32.6,1BR,pool,True,AG01
U140318,14,4,34.9,1BR,standard,True,AG04
U140319,14,4,30.6,1BR,city,True,AG02
U140320,14,3,25.7,studio,standard,False,AG06
U140321,14,6,29.2,1BR,pool,True,AG03
U140322,14,6,22.0,studio,standard,True,AG04
U140323,14,4,29.0,1BR,standard,True,AG04
U140324,14,1,22.1,studio,standard,True,AG02
U140325,14,8,20.8,studio,standard,True,AG06
U140326,14,6,26.0,studio,standard,True,AG03
U140327,14,7,31.7,1BR,pool,True,AG02
U140328,14,1,22.8,studio,city,True,AG03
U140329,14,4,34.9,1BR,city,True,AG03
U140330,14,4,24.2,studio,city,True,AG03
U140331,14,1,39.2,1BR Plus,standard,False,AG04
U140332,14,6,21.1,studio,standard,True,AG06
U140333,14,1,46.5,1BR Plus,city,False,AG04
U140334,14,5,23.2,studio,standard,True,AG06
U140335,14,6,28.4,1BR,standard,True,AG02
U140336,14,6,28.9,1BR,standard,True,AG02
U140337,14,2,32.0,1BR,standard,True,AG03
U140338,14,3,38.3,1BR Plus,city,True,AG02
U140339,14,8,25.6,studio,city,True,AG06
U140340,14,3,32.1,1BR,pool,True,AG02
U140341,14,8,23.8,studio,standard,False,AG05
U140342,14,7,32.1,1BR,city,True,AG06
U140343,14,7,28.5,1BR,city,True,AG02
U140344,14,4,32.3,1BR,standard,False,AG04
U140345,14,2,21.9,studio,standard,True,AG05
U140346,14,7,29.7,1BR,standard,True,AG06
U140347,14,2,24.5,studio,standard,True,AG03
U140348,14,8,33.9,1BR,standard,False,AG01
U140349,14,3,24.6,studio,standard,True,AG06
U140350,14,5,33.8,1BR,standard,True,AG01
U140351,14,6,22.9,studio,standard,False,AG03
U140352,14,5,27.6,1BR,standard,False,AG01
U140353,14,4,20.6,studio,standard,True,AG06
U140354,14,3,27.8,1BR,standard,True,AG02
U140355,14,3,27.2,1BR,standard,True,AG04
U140356,14,7,28.0,1BR,standard,False,AG01
U140357,14,4,28.1,1BR,standard,True,AG02
U140358,14,8,23.0,studio,city,True,AG01
U140359,14,2,30.9,1BR,standard,True,AG02
U140360,14,7,21.9,studio,standard,True,AG02
U140361,14,6,20.7,studio,standard,True,AG02
U140362,14,1,20.7,studio,pool,True,AG05
U140363,14,5,24.7,studio,standard,False,AG03
U140364,14,5,22.4,studio,city,False,AG04
U140365,14,4,32.5,1BR,standard,False,AG03
U140366,14,5,44.9,1BR Plus,standard,True,AG02
U140367,14,3,35.1,1BR,pool,True,AG06
U140368,14,6,23.2,studio,standard,True,AG01
U140369,14,6,23.2,studio,standard,True,AG05
U140370,14,4,23.5,studio,pool,True,AG02
U140371,14,7,45.4,1BR Plus,standard,True,AG01
U140372,14,6,21.0,studio,pool,True,AG03
U140373,14,1,26.3,studio,pool,True,AG02
U140374,14,2,22.6,studio,standard,True,AG06
U140375,14,6,33.2,1BR,standard,True,AG04
U140376,14,1,21.5,studio,standard,True,AG04
U140377,14,2,32.3,1BR,standard,True,AG04
U140378,14,2,31.3,1BR,standard,True,AG05
U140379,14,5,38.4,1BR Plus,standard,True,AG04
U140380,14,6,25.6,studio,city,True,AG05
U140381,14,6,30.8,1BR,standard,True,AG02
U140382,14,4,21.3,studio,standard,True,AG06
U140383,14,2,30.4,1BR,standard,True,AG06
U140384,14,2,22.9,studio,standard,False,AG03
U140385,14,4,21.2,studio,city,True,AG06
U140386,14,2,22.0,studio,standard,True,AG05
U140387,14,5,23.3,studio,city,True,AG06
U140388,14,7,21.5,studio,standard,True,AG02
U140389,14,8,31.2,1BR,city,True,AG04
U140390,14,5,26.9,studio,standard,True,AG03
U140391,14,2,27.2,1BR,standard,False,AG01
U140392,14,5,21.2,studio,pool,True,AG04
U140393,14,5,22.9,studio,standard,False,AG06
U140394,14,6,31.4,1BR,standard,True,AG05
U140395,14,8,40.6,1BR Plus,city,True,AG01
U140396,14,8,21.7,studio,standard,False,AG03
U140397,14,8,27.6,1BR,standard,True,AG01
U140398,14,6,32.2,1BR,standard,True,AG02
U140399,14,6,28.2,1BR,standard,True,AG05
U140400,14,2,28.5,1BR,standard,True,AG03
U140401,14,3,35.0,1BR,standard,True,AG04
U140402,14,5,25.9,studio,standard,True,AG05
U140403,14,1,26.9,studio,standard,True,AG06
U140404,14,3,43.0,1BR Plus,city,True,AG01
U140405,14,3,33.8,1BR,city,True,AG04
U140406,14,6,21.8,studio,pool,True,AG03
U140407,14,7,28.0,1BR,standard,True,AG01
U140408,14,2,27.7,1BR,city,True,AG01
U140409,14,6,25.4,studio,standard,False,AG02
U140410,14,2,26.8,studio,standard,True,AG05
U140411,14,3,30.7,1BR,pool,False,AG06
U140412,14,1,29.8,1BR,standard,False,AG06
U140413,14,5,26.9,studio,standard,True,AG04
U140414,14,7,20.8,studio,city,False,AG05
U140415,14,4,23.3,studio,standard,True,AG04
U140416,14,8,32.6,1BR,city,False,AG02
U140417,14,2,24.5,studio,standard,False,AG04
U140418,14,5,30.0,1BR,standard,True,AG06
U140419,14,4,38.1,1BR Plus,standard,False,AG01
U140420,14,7,23.7,studio,standard,True,AG06
U140421,14,1,26.6,studio,standard,True,AG03
U140422,14,2,47.0,1BR Plus,standard,False,AG01
U140423,14,4,46.7,1BR Plus,standard,True,AG05
U140424,14,4,30.6,1BR,city,True,AG01
U140425,14,5,24.0,studio,city,True,AG01
U140426,14,6,40.5,1BR Plus,standard,False,AG02
U140427,14,6,25.8,studio,standard,True,AG01
U140428,14,3,25.8,studio,city,True,AG06
U140429,14,4,22.2,studio,standard,False,AG02
U140430,14,5,26.1,studio,standard,True,AG05
U140431,14,7,33.0,1BR,standard,False,AG02
U140432,14,3,23.9,studio,standard,True,AG04
U140433,14,1,34.4,1BR,city,False,AG04
U140434,14,1,24.1,studio,standard,True,AG06
U140435,14,1,20.6,studio,standard,True,AG03
U140436,14,1,24.0,studio,standard,True,AG06
U140437,14,1,31.6,1BR,standard,True,AG01
U140438,14,4,22.2,studio,city,True,AG02
U140439,14,4,22.3,studio,standard,False,AG04
U140440,14,5,26.5,studio,standard,True,AG02
U140441,14,2,29.8,1BR,city,True,AG05
U140442,14,1,27.3,1BR,standard,True,AG06
U140443,14,5,43.2,1BR Plus,standard,True,AG01
U140444,14,6,25.0,studio,standard,True,AG04
U140445,14,1,24.8,studio,standard,True,AG01
U140446,14,4,30.2,1BR,standard,True,AG04
U140447,14,1,24.2,studio,pool,True,AG05
U140448,14,4,26.7,studio,standard,True,AG04
U140449,14,8,26.2,studio,pool,True,AG02
U140450,14,7,41.7,1BR Plus,standard,False,AG05
U140451,14,4,25.8,studio,standard,True,AG02
U140452,14,8,23.0,studio,pool,True,AG01
U140453,14,1,29.6,1BR,standard,True,AG01
U140454,14,3,22.4,studio,city,True,AG02
U140455,14,2,23.6,studio,standard,True,AG01
U140456,14,4,34.3,1BR,standard,True,AG04
U140457,14,7,24.7,studio,standard,True,AG06
U140458,14,6,28.1,1BR,city,True,AG03
U140459,14,6,26.3,studio,standard,True,AG06
U140460,14,5,20.9,studio,standard,True,AG04
U140461,14,2,23.3,studio,city,True,AG05
U140462,14,6,42.8,1BR Plus,standard,True,AG04
U140463,14,7,41.2,1BR Plus,pool,True,AG03
U140464,14,4,23.0,studio,standard,True,AG05
U140465,14,7,28.9,1BR,standard,True,AG04
U140466,14,1,36.0,1BR Plus,standard,True,AG05
U140467,14,2,24.9,studio,standard,True,AG04
U140468,14,5,35.1,1BR,standard,False,AG01
U140469,14,8,33.4,1BR,standard,True,AG03
U140470,14,3,34.7,1BR,pool,True,AG04
U140471,14,5,22.6,studio,standard,True,AG04
U140472,14,7,22.2,studio,standard,True,AG03
U140473,14,5,25.0,studio,standard,True,AG02
U140474,14,4,23.0,studio,standard,False,AG06
U140475,14,1,26.3,studio,standard,False,AG01
U140476,14,1,20.7,studio,city,False,AG04
U140477,14,8,20.7,studio,standard,True,AG06
U140478,14,6,26.5,studio,city,True,AG03
U140479,14,1,25.3,studio,standard,True,AG04
U140480,14,6,31.6,1BR,standard,False,AG01
U140481,14,8,27.8,1BR,city,True,AG03
U140482,14,3,21.4,studio,city,True,AG06
U140483,14,8,25.5,studio,standard,False,AG06
U140484,14,4,26.8,studio,standard,True,AG05
U140485,14,6,37.4,1BR Plus,city,True,AG06
U140486,14,3,22.1,studio,pool,False,AG01
U140487,14,3,23.8,studio,standard,False,AG03
U140488,14,8,21.9,studio,city,True,AG01
U140489,14,7,29.8,1BR,city,True,AG06
U140490,14,6,33.0,1BR,standard,False,AG02
U140491,14,5,42.5,1BR Plus,city,True,AG01
U140492,14,7,21.7,studio,city,False,AG06
U140493,14,6,21.3,studio,standard,True,AG01
U140494,14,2,26.2,studio,pool,True,AG02
U140495,14,1,33.6,1BR,standard,True,AG03
U140496,14,2,21.8,studio,city,True,AG02
U140497,14,4,24.8,studio,standard,True,AG02
U140498,14,2,31.5,1BR,standard,False,AG01
U140499,14,4,38.6,1BR Plus,city,True,AG02
U140500,14,5,23.3,studio,standard,False,AG03
U140501,14,7,25.5,studio,standard,True,AG02
U140502,14,2,29.7,1BR,pool,False,AG01
U140503,14,6,24.3,studio,standard,True,AG04
U140504,14,3,24.7,studio,standard,True,AG02
U140505,14,7,34.1,1BR,city,True,AG05
U140506,14,7,20.8,studio,standard,True,AG03
U140507,14,5,31.4,1BR,pool,False,AG04
U140508,14,5,22.7,studio,pool,True,AG04
U140509,14,1,34.6,1BR,standard,True,AG06
U140510,14,2,25.0,studio,pool,True,AG06
U140511,14,3,33.9,1BR,city,True,AG05
U140512,14,2,22.2,studio,standard,True,AG04
U140513,14,2,24.1,studio,pool,True,AG06
U140514,14,1,35.2,1BR,standard,True,AG05
U140515,14,6,23.0,studio,standard,True,AG03
U140516,14,8,23.9,studio,standard,True,AG02
U140517,14,3,22.4,studio,standard,False,AG04
U140518,14,4,25.8,studio,city,True,AG02
U140519,14,8,21.3,studio,standard,False,AG05
U140520,14,6,32.3,1BR,standard,False,AG02
U140521,14,7,25.0,studio,standard,False,AG04
U140522,14,4,26.7,studio,standard,True,AG05
U140523,14,1,24.1,studio,city,False,AG05
U140524,14,4,35.8,1BR Plus,standard,True,AG01
U140525,14,1,46.4,1BR Plus,city,False,AG03
U140526,14,8,36.3,1BR Plus,standard,False,AG02
U140527,14,5,33.0,1BR,standard,True,AG05
U140528,14,7,25.1,studio,standard,True,AG06
U140529,14,1,40.0,1BR Plus,city,True,AG02
U140530,14,8,46.9,1BR Plus,pool,False,AG02
U140531,14,7,35.1,1BR,city,False,AG05
U140532,14,5,22.1,studio,city,False,AG06
U140533,14,4,25.4,studio,standard,False,AG01
U140534,14,3,30.9,1BR,standard,True,AG06
U140535,14,2,32.3,1BR,standard,False,AG06
U140536,14,6,23.9,studio,standard,True,AG02
U140537,14,1,26.3,studio,standard,False,AG04
U140538,14,6,23.5,studio,pool,False,AG01
U140539,14,1,23.1,studio,city,False,AG06
U140540,14,5,23.8,studio,standard,True,AG03
U140541,14,2,22.5,studio,city,True,AG04
U140542,14,2,31.1,1BR,city,True,AG01
U140543,14,6,24.5,studio,standard,True,AG06
U140544,14,8,24.9,studio,pool,True,AG01
U140545,14,3,21.8,studio,standard,False,AG04
U140546,14,1,20.7,studio,standard,False,AG02
U140547,14,1,30.0,1BR,city,True,AG05
U140548,14,4,21.1,studio,standard,True,AG04
U140549,14,6,23.0,studio,city,False,AG03
U140550,14,6,33.1,1BR,standard,True,AG04
U140551,14,5,28.5,1BR,city,True,AG03
U140552,14,4,22.3,studio,city,True,AG01
U140553,14,5,26.2,studio,standard,True,AG03
U140554,14,7,29.9,1BR,pool,True,AG06
U140555,14,2,21.8,studio,city,True,AG03
U140556,14,6,25.1,studio,pool,True,AG03
U140557,14,2,25.8,studio,city,True,AG01
U140558,14,4,27.6,1BR,standard,True,AG01
U140559,14,8,22.4,studio,pool,True,AG01
U140560,14,7,33.9,1BR,standard,True,AG03
U140561,14,8,31.5,1BR,standard,True,AG04
U140562,14,3,23.7,studio,city,True,AG01
U140563,14,8,34.2,1BR,city,True,AG02
U140564,14,6,43.2,1BR Plus,standard,True,AG05
U140565,14,3,28.9,1BR,standard,True,AG06
U140566,14,1,40.8,1BR Plus,standard,True,AG01
U140567,14,7,22.1,studio,city,False,AG04
U140568,14,1,43.2,1BR Plus,standard,True,AG05
U140569,14,8,41.0,1BR Plus,city,True,AG06
U140570,14,8,41.1,1BR Plus,standard,True,AG02
U140571,14,6,35.4,1BR,pool,True,AG03
U140572,14,3,31.6,1BR,pool,False,AG06
U140573,14,8,26.9,studio,standard,True,AG06
U140574,14,7,24.1,studio,city,False,AG01
U140575,14,1,23.5,studio,standard,True,AG03
U140576,14,8,40.1,1BR Plus,pool,True,AG03
U140577,14,1,25.6,studio,city,True,AG06
U140578,14,6,27.0,studio,pool,True,AG04
U140579,14,1,20.9,studio,standard,False,AG01
U140580,14,1,25.8,studio,standard,True,AG01
U140581,14,1,27.2,1BR,city,False,AG06
U140582,14,4,25.9,studio,standard,True,AG01
U140583,14,2,31.9,1BR,standard,True,AG01
U140584,14,8,35.4,1BR,pool,True,AG05
U140585,14,6,21.9,studio,city,True,AG01
U140586,14,2,20.7,studio,standard,True,AG05
U140587,14,4,25.6,studio,city,True,AG04
U150000,15,7,24.8,studio,city,True,AG02
U150001,15,1,20.9,studio,standard,True,AG05
U150002,15,4,44.0,1BR Plus,standard,True,AG02
U150003,15,1,34.3,1BR,pool,False,AG01
U150004,15,2,29.1,1BR,city,True,AG06
U150005,15,2,34.9,1BR,standard,True,AG05
U150006,15,6,22.3,studio,standard,True,AG02
U150007,15,8,28.0,1BR,standard,True,AG03
U150008,15,8,24.9,studio,city,True,AG05
U150009,15,7,23.3,studio,standard,True,AG02
U150010,15,2,31.6,1BR,pool,True,AG03
U150011,15,6,30.0,1BR,standard,True,AG04
U150012,15,6,22.1,studio,standard,True,AG02
U150013,15,5,26.8,studio,pool,True,AG03
U150014,15,4,43.7,1BR Plus,standard,False,AG02
U150015,15,3,24.3,studio,standard,False,AG01
U150016,15,7,26.9,studio,standard,True,AG04
U150017,15,7,34.2,1BR,pool,True,AG05
U150018,15,3,23.1,studio,city,False,AG02
U150019,15,5,21.0,studio,standard,True,AG03
U150020,15,2,34.1,1BR,standard,False,AG05
U150021,15,1,23.8,studio,standard,True,AG03
U150022,15,3,25.6,studio,city,True,AG01
U150023,15,4,28.3,1BR,standard,True,AG02
U150024,15,8,23.7,studio,standard,True,AG06
U150025,15,1,21.7,studio,city,True,AG01
U150026,15,6,26.5,studio,standard,True,AG05
U150027,15,5,22.7,studio,standard,True,AG06
U150028,15,6,27.4,1BR,standard,True,AG05
U150029,15,1,20.6,studio,standard,False,AG05
U150030,15,4,22.8,studio,standard,True,AG06
U150031,15,3,22.9,studio,standard,True,AG02
U150032,15,2,34.3,1BR,standard,True,AG02
U150033,15,3,28.7,1BR,city,False,AG04
U150034,15,5,34.3,1BR,standard,True,AG02
U150035,15,8,24.5,studio,standard,False,AG04
U150036,15,1,34.6,1BR,standard,True,AG03
U150037,15,5,28.5,1BR,standard,True,AG06
U150038,15,2,31.8,1BR,standard,False,AG03
U150039,15,4,31.0,1BR,standard,True,AG06
U150040,15,3,44.2,1BR Plus,city,True,AG03
U150041,15,2,25.9,studio,standard,True,AG03
U150042,15,6,30.5,1BR,standard,True,AG05
U150043,15,2,33.3,1BR,city,False,AG04
U150044,15,4,35.4,1BR,standard,True,AG01
U150045,15,8,25.4,studio,standard,True,AG04
U150046,15,6,32.2,1BR,city,True,AG01
U150047,15,8,46.5,1BR Plus,city,True,AG04
U150048,15,3,23.8,studio,pool,True,AG01
U150049,15,6,31.8,1BR,city,True,AG05
U150050,15,5,24.9,studio,standard,True,AG06
U150051,15,8,26.3,studio,city,True,AG03
U150052,15,4,25.6,studio,standard,True,AG04
U150053,15,4,26.8,studio,standard,True,AG03
U150054,15,3,26.5,studio,pool,True,AG02
U150055,15,4,27.6,1BR,city,True,AG04
U150056,15,8,21.5,studio,standard,True,AG05
U150057,15,1,24.4,studio,city,True,AG01
U150058,15,4,24.7,studio,city,False,AG05
U150059,15,6,22.4,studio,pool,True,AG04
U150060,15,1,43.1,1BR Plus,pool,True,AG04
U150061,15,7,28.1,1BR,city,True,AG03
U150062,15,3,30.1,1BR,standard,False,AG01
U150063,15,4,23.2,studio,standard,True,AG05
U150064,15,4,26.9,studio,standard,True,AG03
U150065,15,3,22.0,studio,standard,True,AG04
U150066,15,5,24.2,studio,city,True,AG06
U150067,15,6,24.0,studio,standard,True,AG02
U150068,15,3,24.9,studio,city,True,AG04
U150069,15,8,22.5,studio,pool,False,AG01
U150070,15,7,22.8,studio,pool,False,AG06
U150071,15,8,28.8,1BR,city,True,AG03
U150072,15,3,22.7,studio,standard,False,AG06
U150073,15,6,22.7,studio,standard,True,AG04
U150074,15,2,26.5,studio,standard,True,AG02
U150075,15,3,22.6,studio,standard,True,AG01
U150076,15,6,37.0,1BR Plus,standard,True,AG06
U150077,15,4,26.7,studio,pool,True,AG04
U150078,15,2,34.8,1BR,pool,True,AG01
U150079,15,6,21.7,studio,pool,True,AG03
U150080,15,2,42.2,1BR Plus,city,False,AG05
U150081,15,1,34.6,1BR,city,True,AG04
U150082,15,3,32.7,1BR,standard,True,AG06
U150083,15,5,22.6,studio,standard,True,AG02
U150084,15,4,26.9,studio,standard,False,AG06
U150085,15,1,28.8,1BR,pool,True,AG04
U150086,15,6,22.9,studio,standard,False,AG03
U150087,15,6,31.6,1BR,standard,False,AG02
U150088,15,5,29.5,1BR,pool,True,AG05
U150089,15,8,32.8,1BR,pool,True,AG06
U150090,15,4,23.7,studio,city,True,AG03
U150091,15,2,32.7,1BR,standard,True,AG01
U150092,15,6,25.4,studio,city,False,AG02
U150093,15,6,34.3,1BR,standard,True,AG01
U150094,15,8,21.4,studio,city,False,AG02
U150095,15,6,34.3,1BR,standard,True,AG04
U150096,15,8,34.6,1BR,city,True,AG04
U150097,15,6,35.0,1BR,city,False,AG02
U150098,15,7,27.1,1BR,standard,True,AG04
U150099,15,2,34.0,1BR,standard,True,AG05
U150100,15,7,24.7,studio,standard,True,AG05
U150101,15,5,27.9,1BR,pool,True,AG01
U150102,15,5,38.7,1BR Plus,city,True,AG06
U150103,15,2,23.2,studio,standard,True,AG06
U150104,15,6,23.6,studio,standard,True,AG02
U150105,15,7,22.1,studio,standard,True,AG03
U150106,15,7,26.9,studio,standard,True,AG02
U150107,15,3,22.5,studio,city,True,AG03
U150108,15,8,33.1,1BR,standard,False,AG01
U150109,15,3,24.0,studio,city,True,AG01
U150110,15,1,24.6,studio,standard,True,AG05
U150111,15,4,37.9,1BR Plus,city,True,AG01
U150112,15,5,26.3,studio,standard,True,AG03
U150113,15,6,29.0,1BR,city,True,AG01
U150114,15,3,27.7,1BR,pool,True,AG05
U150115,15,3,23.2,studio,standard,True,AG01
U150116,15,3,32.2,1BR,pool,True,AG03
U150117,15,4,24.4,studio,standard,True,AG04
U150118,15,7,26.0,studio,standard,True,AG01
U150119,15,3,21.1,studio,standard,True,AG02
U150120,15,1,31.5,1BR,standard,True,AG04
U150121,15,5,21.9,studio,standard,True,AG04
U150122,15,7,25.1,studio,standard,True,AG01
U150123,15,1,34.2,1BR,standard,True,AG01
U150124,15,8,28.4,1BR,pool,True,AG06
U150125,15,2,21.4,studio,city,True,AG05
U150126,15,5,25.7,studio,standard,True,AG03
U150127,15,4,43.4,1BR Plus,standard,True,AG01
U150128,15,1,20.9,studio,standard,True,AG05
U150129,15,2,34.8,1BR,standard,True,AG02
U150130,15,6,24.1,studio,standard,True,AG03
U150131,15,8,24.2,studio,pool,True,AG05
U150132,15,6,22.3,studio,standard,True,AG03
U150133,15,3,22.3,studio,standard,False,AG04
U150134,15,8,27.3,1BR,pool,True,AG06
U150135,15,2,24.4,studio,standard,True,AG06
U150136,15,6,22.0,studio,standard,True,AG01
U150137,15,6,36.8,1BR Plus,standard,False,AG04
U150138,15,2,24.2,studio,standard,True,AG06
U150139,15,5,33.5,1BR,standard,True,AG04
U150140,15,1,31.6,1BR,city,True,AG05
U150141,15,6,23.8,studio,standard,True,AG01
U150142,15,7,21.0,studio,city,True,AG03
U150143,15,2,31.9,1BR,standard,True,AG01
U150144,15,5,34.3,1BR,standard,True,AG05
U150145,15,7,22.4,studio,city,True,AG03
U150146,15,4,23.6,studio,standard,True,AG06
U150147,15,6,27.4,1BR,city,True,AG05
U150148,15,7,23.0,studio,city,True,AG04
U150149,15,1,22.5,studio,standard,False,AG05
U150150,15,5,22.9,studio,pool,True,AG04
U150151,15,7,30.7,1BR,pool,True,AG05
U150152,15,1,26.0,studio,city,True,AG05
U150153,15,6,26.5,studio,standard,True,AG04
U150154,15,4,46.4,1BR Plus,standard,True,AG05
U150155,15,3,23.6,studio,standard,True,AG03
U150156,15,7,23.6,studio,standard,True,AG02
U150157,15,5,29.7,1BR,city,True,AG03
U150158,15,4,21.3,studio,standard,True,AG05
U150159,15,2,24.1,studio,standard,True,AG06
U150160,15,3,21.4,studio,standard,True,AG04
U150161,15,8,26.2,studio,city,True,AG02
U150162,15,1,20.8,studio,standard,False,AG01
U150163,15,1,29.1,1BR,standard,True,AG05
U150164,15,7,31.4,1BR,standard,False,AG06
U150165,15,5,28.7,1BR,pool,True,AG06
U150166,15,8,24.8,studio,standard,False,AG03
U150167,15,2,26.3,studio,standard,True,AG06
U150168,15,4,28.5,1BR,standard,False,AG03
U150169,15,6,26.7,studio,standard,True,AG04
U150170,15,8,34.6,1BR,standard,True,AG04
U150171,15,7,41.8,1BR Plus,standard,True,AG05
U150172,15,3,26.6,studio,standard,False,AG06
U150173,15,8,26.6,studio,standard,True,AG03
U150174,15,1,23.6,studio,pool,True,AG05
U150175,15,8,24.2,studio,standard,False,AG01
U150176,15,5,25.8,studio,standard,False,AG01
U150177,15,7,22.1,studio,pool,True,AG05
U150178,15,5,34.3,1BR,standard,True,AG02
U150179,15,1,27.7,1BR,pool,False,AG06
U150180,15,5,26.6,studio,standard,False,AG03
U150181,15,4,25.2,studio,city,False,AG04
U150182,15,5,39.1,1BR Plus,pool,True,AG02
U150183,15,5,21.5,studio,city,True,AG04
U150184,15,3,37.8,1BR Plus,standard,True,AG01
U150185,15,1,35.0,1BR,standard,True,AG04
U150186,15,4,21.3,studio,standard,True,AG04
U150187,15,6,27.4,1BR,standard,True,AG04
U150188,15,5,21.0,studio,standard,False,AG05
U150189,15,2,25.8,studio,standard,True,AG01
U150190,15,7,22.1,studio,city,True,AG06
U150191,15,4,35.8,1BR Plus,standard,True,AG03
U150192,15,3,24.6,studio,standard,True,AG04
U150193,15,4,29.0,1BR,city,True,AG06
U150194,15,5,29.3,1BR,standard,False,AG06
U150195,15,5,35.5,1BR,standard,False,AG03
U150196,15,6,20.9,studio,standard,False,AG02
U150197,15,7,30.4,1BR,standard,True,AG04
U150198,15,5,29.5,1BR,standard,False,AG06
U150199,15,6,20.7,studio,pool,False,AG03
U150200,15,7,22.7,studio,standard,True,AG06
U150201,15,1,27.9,1BR,standard,True,AG05
U150202,15,2,31.9,1BR,standard,True,AG04
U150203,15,3,20.8,studio,city,False,AG01
U150204,15,4,33.3,1BR,standard,True,AG05
U150205,15,6,21.5,studio,standard,True,AG02
U150206,15,4,31.6,1BR,standard,True,AG05
U150207,15,6,23.0,studio,standard,True,AG02
U150208,15,4,41.5,1BR Plus,standard,True,AG05
U150209,15,1,29.1,1BR,standard,False,AG06
U150210,15,3,29.4,1BR,pool,False,AG05
U150211,15,6,31.3,1BR,city,True,AG02
U150212,15,3,23.5,studio,standard,False,AG01
U150213,15,7,21.2,studio,standard,True,AG04
U150214,15,2,34.5,1BR,standard,True,AG03
U150215,15,5,32.5,1BR,standard,True,AG04
U150216,15,1,20.7,studio,standard,True,AG01
U150217,15,1,21.5,studio,city,True,AG05
U150218,15,6,23.7,studio,standard,True,AG01
U150219,15,8,23.4,studio,standard,True,AG03
U150220,15,4,20.7,studio,standard,True,AG04
U150221,15,2,21.6,studio,standard,True,AG02
U150222,15,7,25.0,studio,standard,True,AG01
U150223,15,3,26.2,studio,pool,True,AG01
U150224,15,4,30.2,1BR,standard,False,AG04
U150225,15,7,31.2,1BR,pool,True,AG04
U150226,15,7,40.6,1BR Plus,standard,True,AG03
U150227,15,2,20.9,studio,city,True,AG01
U150228,15,1,21.1,studio,standard,False,AG01
U150229,15,7,22.3,studio,standard,True,AG04
U150230,15,4,22.5,studio,standard,True,AG04
U150231,15,2,20.7,studio,standard,True,AG02
U150232,15,2,34.5,1BR,standard,False,AG03
U150233,15,3,32.9,1BR,city,True,AG05
U150234,15,3,22.6,studio,city,True,AG05
U150235,15,4,24.5,studio,standard,True,AG02
U150236,15,1,32.3,1BR,city,False,AG06
U150237,15,6,21.1,studio,standard,True,AG04
U150238,15,2,26.4,studio,standard,False,AG05
U150239,15,5,21.2,studio,standard,True,AG02
U150240,15,4,36.1,1BR Plus,standard,True,AG04
U150241,15,7,20.8,studio,standard,True,AG03
U150242,15,5,23.3,studio,city,True,AG03
U150243,15,3,46.2,1BR Plus,standard,True,AG02
U150244,15,6,21.3,studio,standard,True,AG02
U150245,15,1,20.8,studio,standard,True,AG03
U150246,15,6,25.2,studio,city,True,AG01
U150247,15,3,21.3,studio,city,False,AG04
U150248,15,7,40.9,1BR Plus,standard,True,AG05
U150249,15,1,40.4,1BR Plus,standard,True,AG03
U150250,15,6,21.8,studio,standard,True,AG06
U150251,15,6,32.2,1BR,city,True,AG05
U150252,15,4,22.9,studio,standard,True,AG04
U150253,15,7,23.4,studio,standard,True,AG05
U150254,15,6,23.0,studio,standard,True,AG06
U150255,15,1,22.6,studio,city,True,AG01
U150256,15,5,41.0,1BR Plus,standard,True,AG03
U150257,15,4,23.0,studio,standard,True,AG03
U150258,15,8,28.4,1BR,city,True,AG05
U150259,15,1,26.3,studio,city,False,AG05
U150260,15,7,26.4,studio,standard,True,AG03
U150261,15,7,25.7,studio,standard,True,AG03
U150262,15,8,26.3,studio,standard,True,AG04
U150263,15,7,28.2,1BR,pool,True,AG04
U150264,15,1,33.8,1BR,standard,False,AG02
U150265,15,3,34.9,1BR,city,True,AG05
U150266,15,4,38.4,1BR Plus,pool,True,AG06
U150267,15,5,24.9,studio,standard,True,AG06
U150268,15,6,32.3,1BR,city,True,AG06
U150269,15,5,24.9,studio,standard,True,AG01
U150270,15,6,21.2,studio,standard,True,AG05
U150271,15,2,37.3,1BR Plus,standard,False,AG01
U150272,15,3,29.0,1BR,standard,False,AG04
U150273,15,8,27.4,1BR,standard,True,AG02
U150274,15,6,23.3,studio,city,False,AG03
U150275,15,4,30.4,1BR,standard,True,AG01
U150276,15,5,35.5,1BR,standard,False,AG03
U150277,15,4,23.5,studio,standard,True,AG02
U150278,15,8,35.1,1BR,pool,False,AG02
U150279,15,2,30.7,1BR,standard,True,AG01
U150280,15,4,21.0,studio,standard,True,AG03
U150281,15,2,24.4,studio,city,True,AG05
U150282,15,2,22.6,studio,city,True,AG02
U150283,15,7,21.5,studio,pool,False,AG06
U150284,15,7,22.7,studio,city,True,AG03
U150285,15,8,29.4,1BR,standard,True,AG01
U150286,15,1,23.2,studio,standard,True,AG05
U150287,15,5,29.2,1BR,standard,False,AG03
U150288,15,1,43.4,1BR Plus,standard,True,AG01
U150289,15,4,27.6,1BR,standard,True,AG02
U150290,15,6,21.6,studio,standard,True,AG02
U150291,15,6,26.8,studio,standard,True,AG02
U150292,15,6,22.7,studio,city,True,AG06
U150293,15,3,26.5,studio,city,True,AG01
U150294,15,7,36.5,1BR Plus,pool,False,AG04
U150295,15,2,45.3,1BR Plus,standard,True,AG02
U150296,15,4,29.2,1BR,standard,True,AG01
U150297,15,1,24.1,studio,pool,False,AG01
U150298,15,2,31.6,1BR,city,True,AG05
U150299,15,7,32.6,1BR,pool,True,AG03
U150300,15,5,20.9,studio,standard,True,AG06
U150301,15,6,47.1,1BR Plus,standard,True,AG06
U150302,15,1,21.2,studio,standard,True,AG01
U150303,15,8,23.1,studio,pool,True,AG05
U150304,15,1,29.6,1BR,standard,True,AG06
U150305,15,5,25.6,studio,standard,True,AG02
U150306,15,4,25.8,studio,city,True,AG01
U150307,15,8,25.8,studio,standard,True,AG03
U150308,15,2,22.1,studio,pool,False,AG06
U150309,15,4,21.3,studio,city,False,AG02
U150310,15,6,45.4,1BR Plus,pool,True,AG03
U150311,15,7,36.2,1BR Plus,standard,False,AG02
U150312,15,3,22.8,studio,standard,True,AG04
U150313,15,2,26.0,studio,city,True,AG01
U150314,15,4,25.6,studio,standard,True,AG05
U150315,15,1,27.5,1BR,city,True,AG01
U150316,15,2,23.4,studio,standard,True,AG03
U150317,15,2,33.8,1BR,city,True,AG06
U150318,15,4,23.2,studio,pool,True,AG01
U150319,15,3,29.4,1BR,standard,True,AG01
U150320,15,7,21.0,studio,city,True,AG04
U150321,15,1,27.3,1BR,standard,True,AG02
U150322,15,3,33.6,1BR,city,True,AG03
U150323,15,8,25.4,studio,standard,True,AG02
U150324,15,7,32.8,1BR,city,True,AG01
U150325,15,7,23.1,studio,standard,False,AG03
U150326,15,1,24.4,studio,standard,True,AG06
U150327,15,2,21.4,studio,city,True,AG01
U150328,15,2,23.3,studio,city,False,AG06
U150329,15,1,31.2,1BR,standard,True,AG04
U150330,15,1,22.3,studio,standard,True,AG06
U150331,15,1,31.6,1BR,standard,True,AG06
U150332,15,3,23.3,studio,standard,False,AG05
U150333,15,2,25.4,studio,pool,True,AG01
U150334,15,2,21.3,studio,standard,True,AG03
U150335,15,6,24.1,studio,pool,False,AG01
U150336,15,8,27.3,1BR,pool,False,AG01
U150337,15,6,25.3,studio,standard,True,AG01
U150338,15,5,42.7,1BR Plus,pool,True,AG05
U150339,15,7,33.7,1BR,standard,False,AG03
U150340,15,6,22.8,studio,standard,False,AG02
U150341,15,4,29.8,1BR,standard,True,AG03
U150342,15,8,35.9,1BR Plus,standard,True,AG04
U150343,15,8,24.8,studio,standard,False,AG03
U150344,15,3,20.8,studio,standard,True,AG02
U150345,15,6,29.5,1BR,standard,True,AG04
U150346,15,3,29.4,1BR,city,True,AG03
U150347,15,1,25.1,studio,pool,True,AG05
U150348,15,6,23.7,studio,standard,True,AG01
U150349,15,6,20.9,studio,standard,False,AG02
U150350,15,4,21.2,studio,standard,True,AG05
U150351,15,4,33.8,1BR,city,True,AG04
U150352,15,5,25.8,studio,city,False,AG06
U150353,15,5,26.2,studio,standard,False,AG03
U150354,15,5,30.2,1BR,standard,True,AG06
U150355,15,6,28.3,1BR,standard,True,AG02
U150356,15,3,23.2,studio,standard,True,AG03
U150357,15,4,24.9,studio,standard,True,AG06
U150358,15,2,24.8,studio,standard,False,AG03
U150359,15,6,29.4,1BR,standard,False,AG05
U150360,15,2,44.2,1BR Plus,standard,True,AG06
U150361,15,8,20.9,studio,standard,True,AG06
U150362,15,1,23.0,studio,pool,True,AG04
U150363,15,1,32.3,1BR,standard,True,AG04
U150364,15,6,22.2,studio,city,True,AG01
U150365,15,4,22.8,studio,pool,True,AG05
U150366,15,4,27.5,1BR,standard,True,AG01
U150367,15,6,28.8,1BR,city,True,AG04
U150368,15,8,24.7,studio,standard,True,AG01
U150369,15,7,28.8,1BR,standard,True,AG03
U150370,15,1,44.4,1BR Plus,standard,True,AG01
U150371,15,6,22.4,studio,standard,True,AG03
U150372,15,7,30.1,1BR,standard,False,AG06
U150373,15,6,23.2,studio,standard,True,AG05
U150374,15,8,26.6,studio,standard,True,AG03
U150375,15,1,21.9,studio,standard,True,AG02
U150376,15,8,27.5,1BR,city,True,AG05
U150377,15,4,29.3,1BR,city,False,AG02
U150378,15,5,21.7,studio,standard,True,AG01
U150379,15,8,32.4,1BR,standard,False,AG04
U150380,15,2,33.1,1BR,city,True,AG04
U150381,15,4,29.4,1BR,city,False,AG01
U150382,15,5,36.6,1BR Plus,pool,True,AG02
U150383,15,3,32.2,1BR,standard,True,AG06
U150384,15,5,34.5,1BR,pool,True,AG04
U150385,15,4,21.3,studio,city,False,AG06
U150386,15,8,32.0,1BR,standard,False,AG05
U150387,15,3,31.1,1BR,standard,True,AG04
U150388,15,4,29.7,1BR,standard,True,AG06
U150389,15,3,25.9,studio,city,True,AG05
U150390,15,7,22.0,studio,pool,True,AG03
U150391,15,7,21.9,studio,standard,True,AG01
U150392,15,2,20.7,studio,standard,True,AG05
U150393,15,2,21.2,studio,standard,True,AG01
U150394,15,7,32.2,1BR,standard,True,AG05
U150395,15,7,23.4,studio,city,True,AG06
U150396,15,5,42.5,1BR Plus,standard,True,AG04
U150397,15,3,22.8,studio,standard,True,AG02
U150398,15,5,35.4,1BR,standard,True,AG06
U150399,15,4,22.7,studio,standard,False,AG04
U150400,15,3,27.3,1BR,standard,True,AG03
U150401,15,8,30.0,1BR,standard,False,AG02
U150402,15,2,22.8,studio,pool,True,AG02
U150403,15,7,26.2,studio,city,True,AG03
U150404,15,3,32.6,1BR,standard,True,AG02
U150405,15,1,26.0,studio,city,True,AG06
U150406,15,1,27.4,1BR,city,False,AG06
U150407,15,1,21.4,studio,standard,False,AG06
U150408,15,6,22.1,studio,city,True,AG04
U150409,15,7,32.6,1BR,standard,True,AG02
U150410,15,3,25.7,studio,city,True,AG01
U150411,15,5,43.5,1BR Plus,standard,True,AG06
U150412,15,5,21.7,studio,standard,True,AG04
U150413,15,5,22.6,studio,standard,True,AG04
U150414,15,1,25.3,studio,standard,True,AG01
U150415,15,6,26.1,studio,standard,False,AG02
U150416,15,3,24.0,studio,standard,True,AG01
U150417,15,3,34.9,1BR,city,False,AG06
U150418,15,3,34.3,1BR,standard,True,AG03
U150419,15,5,21.6,studio,pool,False,AG01
U150420,15,8,34.2,1BR,standard,True,AG06
U150421,15,4,26.1,studio,pool,True,AG06
U150422,15,1,25.1,studio,standard,True,AG05
U150423,15,2,23.3,studio,standard,False,AG05
U150424,15,4,24.4,studio,standard,True,AG02
U150425,15,7,26.7,studio,standard,True,AG02
U150426,15,4,26.8,studio,city,True,AG03
U150427,15,6,35.4,1BR,standard,False,AG04
U150428,15,2,36.6,1BR Plus,standard,True,AG05
U150429,15,5,32.1,1BR,city,True,AG06
U150430,15,4,42.4,1BR Plus,standard,True,AG06
U150431,15,2,21.5,studio,city,False,AG06
U150432,15,6,43.5,1BR Plus,standard,True,AG04
U150433,15,7,44.7,1BR Plus,standard,True,AG03
U150434,15,5,23.9,studio,city,True,AG01
U150435,15,7,22.0,studio,standard,True,AG01
U150436,15,4,25.3,studio,standard,True,AG06
U150437,15,3,21.5,studio,standard,True,AG05
U150438,15,8,32.0,1BR,standard,True,AG02
U150439,15,5,25.4,studio,standard,False,AG01
U150440,15,1,32.9,1BR,standard,True,AG06
U150441,15,7,23.5,studio,standard,True,AG06
U150442,15,5,25.8,studio,pool,True,AG04
U150443,15,8,27.7,1BR,standard,True,AG01
U150444,15,8,25.5,studio,standard,True,AG06
U150445,15,3,25.2,studio,standard,True,AG01
U150446,15,7,45.6,1BR Plus,city,False,AG03
U150447,15,7,36.7,1BR Plus,standard,True,AG04
U150448,15,2,24.8,studio,standard,False,AG05
U150449,15,5,34.6,1BR,standard,True,AG03
U150450,15,5,40.4,1BR Plus,standard,True,AG02
U150451,15,5,25.3,studio,city,True,AG05
U150452,15,4,33.0,1BR,city,True,AG05
U150453,15,3,43.0,1BR Plus,standard,False,AG04
U150454,15,8,28.0,1BR,standard,True,AG06
U150455,15,2,24.7,studio,standard,True,AG02
U150456,15,2,40.7,1BR Plus,standard,True,AG06
U150457,15,2,22.2,studio,standard,True,AG06
U150458,15,3,32.8,1BR,standard,True,AG06
U150459,15,4,36.3,1BR Plus,standard,True,AG02
U150460,15,7,31.6,1BR,standard,True,AG06
U150461,15,6,26.2,studio,standard,True,AG01
U150462,15,8,32.0,1BR,standard,False,AG04
U150463,15,1,21.5,studio,standard,True,AG04
U150464,15,5,29.3,1BR,pool,False,AG02
U150465,15,7,22.3,studio,standard,True,AG02
U150466,15,5,28.0,1BR,city,True,AG03
U150467,15,4,44.7,1BR Plus,city,True,AG05
U150468,15,1,34.3,1BR,standard,True,AG03
U150469,15,5,23.2,studio,city,True,AG06
U150470,15,5,20.6,studio,standard,True,AG06
U150471,15,2,25.1,studio,standard,True,AG05
U150472,15,8,30.1,1BR,city,True,AG04
U150473,15,4,25.9,studio,standard,True,AG05
U150474,15,1,26.9,studio,standard,False,AG06
U150475,15,5,23.9,studio,city,True,AG02
U150476,15,1,21.6,studio,standard,True,AG06
U150477,15,2,23.4,studio,standard,True,AG03
U150478,15,4,21.8,studio,city,False,AG06
U150479,15,5,24.5,studio,city,True,AG02
U150480,15,5,21.7,studio,city,True,AG05
U150481,15,8,26.1,studio,pool,True,AG04
U150482,15,7,41.7,1BR Plus,standard,True,AG01
U150483,15,8,35.6,1BR Plus,city,False,AG05
U150484,15,5,30.6,1BR,standard,True,AG04
U150485,15,6,26.9,studio,standard,True,AG06
U150486,15,3,32.3,1BR,standard,True,AG03
U150487,15,4,21.9,studio,standard,True,AG06
U150488,15,6,21.1,studio,standard,True,AG02
U150489,15,4,28.5,1BR,standard,True,AG02
U150490,15,4,26.6,studio,standard,True,AG02
U150491,15,1,21.7,studio,standard,True,AG05
U150492,15,3,26.9,studio,standard,False,AG01
U150493,15,7,35.1,1BR,city,False,AG01
U150494,15,7,25.5,studio,city,True,AG02
U150495,15,5,32.1,1BR,standard,True,AG06
U150496,15,1,21.4,studio,standard,True,AG01
U150497,15,1,29.5,1BR,pool,True,AG04
U150498,15,3,32.7,1BR,standard,True,AG06
U150499,15,4,23.6,studio,standard,True,AG04
U150500,15,7,23.2,studio,standard,True,AG03
U150501,15,4,25.9,studio,standard,True,AG06
U150502,15,8,42.5,1BR Plus,standard,True,AG03
U150503,15,7,25.4,studio,standard,True,AG02
U150504,15,1,27.5,1BR,city,True,AG04
U150505,15,4,26.4,studio,city,False,AG04
U150506,15,5,25.8,studio,standard,True,AG03
U150507,15,7,24.4,studio,city,False,AG04
U150508,15,2,39.9,1BR Plus,city,True,AG02
U150509,15,2,23.0,studio,standard,False,AG02
U150510,15,4,26.2,studio,standard,True,AG02
U150511,15,4,23.2,studio,standard,True,AG05
U150512,15,3,21.2,studio,standard,True,AG01
U150513,15,4,22.4,studio,standard,True,AG05
U150514,15,3,20.9,studio,standard,False,AG04
U150515,15,3,28.0,1BR,standard,True,AG01
U150516,15,3,37.7,1BR Plus,city,True,AG01
U150517,15,2,32.9,1BR,city,True,AG01
U150518,15,2,25.6,studio,standard,True,AG04
U150519,15,3,22.8,studio,standard,True,AG01
U150520,15,6,24.0,studio,standard,True,AG05
U150521,15,2,22.0,studio,city,True,AG04
U150522,15,7,20.6,studio,standard,True,AG04
U150523,15,2,30.8,1BR,standard,True,AG02
U150524,15,3,26.8,studio,standard,True,AG01
U150525,15,6,31.5,1BR,standard,True,AG01
U150526,15,6,20.7,studio,standard,True,AG02
U150527,15,5,21.9,studio,standard,True,AG01
U150528,15,3,24.7,studio,standard,True,AG03
U150529,15,5,44.1,1BR Plus,standard,True,AG06
U150530,15,8,23.0,studio,standard,True,AG02
U150531,15,1,28.9,1BR,standard,True,AG02
U150532,15,8,22.1,studio,standard,True,AG04
U150533,15,5,24.3,studio,standard,True,AG01
U150534,15,2,25.9,studio,city,True,AG03
U150535,15,4,22.2,studio,standard,True,AG06
U150536,15,7,20.9,studio,standard,True,AG03
U150537,15,6,32.8,1BR,standard,False,AG02
U150538,15,4,35.3,1BR,standard,True,AG04
U150539,15,4,24.3,studio,city,False,AG03
U150540,15,7,33.2,1BR,standard,True,AG03
U150541,15,2,30.2,1BR,pool,True,AG01
U150542,15,2,25.9,studio,standard,True,AG06
U150543,15,8,28.1,1BR,standard,True,AG04
U150544,15,4,30.7,1BR,standard,True,AG05
U150545,15,3,27.0,1BR,pool,True,AG02
U150546,15,6,23.5,studio,standard,True,AG03
U150547,15,8,41.9,1BR Plus,city,True,AG02
U150548,15,1,41.0,1BR Plus,standard,True,AG04
U150549,15,1,22.2,studio,standard,True,AG06
U150550,15,6,36.3,1BR Plus,pool,True,AG01
U150551,15,2,24.7,studio,standard,True,AG01
U150552,15,8,31.2,1BR,standard,False,AG02
U150553,15,1,24.2,studio,city,False,AG01
U150554,15,5,25.6,studio,pool,True,AG03
U150555,15,8,26.6,studio,city,True,AG02
U150556,15,7,21.3,studio,standard,True,AG01
U150557,15,4,44.5,1BR Plus,city,False,AG02
U150558,15,7,20.6,studio,standard,False,AG03
U150559,15,2,23.6,studio,standard,False,AG04
U150560,15,3,28.9,1BR,standard,False,AG01
U150561,15,8,24.6,studio,city,True,AG05
U150562,15,2,29.7,1BR,city,True,AG02
U150563,15,4,27.8,1BR,standard,True,AG06
U150564,15,3,29.8,1BR,standard,True,AG06
U150565,15,4,26.1,studio,standard,False,AG04
U150566,15,3,24.8,studio,standard,True,AG02
U150567,15,4,21.5,studio,standard,True,AG04
U150568,15,8,22.4,studio,pool,True,AG05
U150569,15,3,21.5,studio,standard,True,AG04
U150570,15,5,31.8,1BR,standard,True,AG05
U150571,15,1,32.6,1BR,standard,True,AG01
U150572,15,8,23.8,studio,standard,True,AG02
U150573,15,1,22.7,studio,pool,True,AG04
U150574,15,4,21.0,studio,standard,True,AG01
U150575,15,8,20.7,studio,standard,True,AG01
U150576,15,3,23.8,studio,standard,True,AG05
U150577,15,7,25.9,studio,city,True,AG05
U150578,15,8,33.2,1BR,standard,True,AG04
U160000,16,3,25.6,studio,city,True,AG02
U160001,16,1,46.5,1BR Plus,standard,True,AG01
U160002,16,3,35.0,1BR,standard,True,AG01
U160003,16,1,24.2,studio,standard,True,AG05
U160004,16,5,25.7,studio,standard,True,AG01
U160005,16,1,23.0,studio,standard,True,AG05
U160006,16,2,46.1,1BR Plus,city,False,AG02
U160007,16,2,23.3,studio,standard,True,AG02
U160008,16,7,21.1,studio,standard,True,AG05
U160009,16,2,32.8,1BR,standard,False,AG03
U160010,16,1,22.7,studio,standard,False,AG05
U160011,16,1,22.1,studio,pool,True,AG05
U160012,16,3,33.4,1BR,city,True,AG06
U160013,16,5,21.7,studio,pool,True,AG03
U160014,16,7,25.5,studio,pool,False,AG03
U160015,16,6,22.5,studio,standard,True,AG01
U160016,16,6,23.1,studio,pool,True,AG02
U160017,16,2,20.7,studio,standard,True,AG05
U160018,16,5,27.1,1BR,city,True,AG03
U160019,16,2,21.2,studio,standard,True,AG05
U160020,16,2,21.3,studio,standard,True,AG03
U160021,16,3,21.2,studio,standard,True,AG02
U160022,16,8,24.8,studio,standard,False,AG02
U160023,16,2,22.8,studio,standard,True,AG02
U160024,16,2,27.1,1BR,standard,True,AG05
U160025,16,2,23.5,studio,pool,True,AG04
U160026,16,8,23.8,studio,standard,True,AG01
U160027,16,5,28.2,1BR,standard,True,AG03
U160028,16,4,26.3,studio,city,True,AG01
U160029,16,7,29.8,1BR,standard,True,AG02
U160030,16,6,25.8,studio,standard,True,AG04
U160031,16,1,41.3,1BR Plus,city,False,AG01
U160032,16,6,30.5,1BR,pool,True,AG06
U160033,16,1,31.1,1BR,standard,True,AG04
U160034,16,8,21.0,studio,standard,True,AG02
U160035,16,2,31.5,1BR,pool,True,AG06
U160036,16,5,46.9,1BR Plus,city,True,AG01
U160037,16,7,25.8,studio,city,True,AG01
U160038,16,4,21.1,studio,pool,True,AG02
U160039,16,4,34.3,1BR,standard,True,AG01
U160040,16,4,21.5,studio,standard,True,AG05
U160041,16,4,33.1,1BR,city,True,AG01
U160042,16,1,32.1,1BR,city,True,AG01
U160043,16,5,25.4,studio,pool,False,AG02
U160044,16,1,29.1,1BR,standard,True,AG05
U160045,16,8,25.2,studio,standard,False,AG06
U160046,16,4,26.6,studio,standard,True,AG02
U160047,16,4,24.8,studio,standard,True,AG03
U160048,16,2,24.5,studio,standard,True,AG05
U160049,16,1,25.1,studio,standard,True,AG05
U160050,16,8,20.9,studio,standard,True,AG05
U160051,16,3,29.7,1BR,standard,False,AG06
U160052,16,1,23.1,studio,city,True,AG01
U160053,16,5,23.6,studio,city,False,AG03
U160054,16,7,25.6,studio,standard,False,AG01
U160055,16,8,23.6,studio,city,True,AG02
U160056,16,5,30.6,1BR,pool,True,AG05
U160057,16,3,27.0,studio,standard,True,AG05
U160058,16,7,26.4,studio,pool,True,AG02
U160059,16,8,23.8,studio,standard,True,AG01
U160060,16,6,30.5,1BR,city,True,AG04
U160061,16,1,33.0,1BR,city,True,AG04
U160062,16,8,33.4,1BR,standard,True,AG05
U160063,16,6,26.4,studio,standard,True,AG06
U160064,16,7,32.3,1BR,standard,True,AG03
U160065,16,7,23.8,studio,pool,False,AG05
U160066,16,5,27.9,1BR,standard,True,AG04
U160067,16,4,31.3,1BR,pool,False,AG05
U160068,16,6,23.7,studio,standard,False,AG04
U160069,16,2,21.9,studio,standard,False,AG04
U160070,16,3,23.5,studio,standard,True,AG05
U160071,16,2,25.8,studio,standard,False,AG01
U160072,16,7,23.6,studio,standard,False,AG05
U160073,16,5,21.7,studio,standard,True,AG06
U160074,16,4,25.1,studio,standard,True,AG01
U160075,16,8,22.0,studio,standard,True,AG03
U160076,16,2,28.0,1BR,standard,True,AG05
U160077,16,3,30.0,1BR,city,False,AG03
U160078,16,6,24.8,studio,city,True,AG05
U160079,16,6,24.5,studio,city,True,AG03
U160080,16,2,44.6,1BR Plus,standard,True,AG03
U160081,16,8,23.7,studio,standard,True,AG03
U160082,16,7,26.0,studio,standard,True,AG01
U160083,16,4,24.2,studio,city,True,AG01
U160084,16,5,26.8,studio,standard,True,AG04
U160085,16,6,25.5,studio,city,True,AG02
U160086,16,7,25.9,studio,standard,True,AG02
U160087,16,8,21.5,studio,standard,True,AG01
U160088,16,8,24.2,studio,standard,True,AG02
U160089,16,3,34.6,1BR,pool,True,AG01
U160090,16,6,25.6,studio,pool,True,AG04
U160091,16,2,23.1,studio,city,False,AG05
U160092,16,7,21.1,studio,standard,True,AG02
U160093,16,6,30.2,1BR,city,True,AG01
U160094,16,4,29.7,1BR,standard,True,AG01
U160095,16,5,26.3,studio,standard,True,AG05
U160096,16,2,24.8,studio,standard,True,AG06
U160097,16,1,26.1,studio,city,True,AG05
U160098,16,2,25.4,studio,standard,True,AG06
U160099,16,1,27.0,studio,standard,True,AG03
U160100,16,7,44.7,1BR Plus,city,True,AG01
U160101,16,2,33.7,1BR,city,True,AG01
U160102,16,3,20.8,studio,standard,True,AG02
U160103,16,4,23.0,studio,standard,True,AG04
U160104,16,7,24.0,studio,standard,True,AG01
U160105,16,2,34.8,1BR,city,False,AG05
U160106,16,6,24.3,studio,pool,True,AG02
U160107,16,5,22.6,studio,city,True,AG05
U160108,16,3,23.2,studio,standard,False,AG05
U160109,16,6,26.7,studio,pool,False,AG04
U160110,16,6,22.5,studio,pool,True,AG04
U160111,16,3,22.5,studio,standard,False,AG04
U160112,16,1,22.2,studio,standard,True,AG05
U160113,16,3,46.7,1BR Plus,pool,True,AG03
U160114,16,3,31.7,1BR,standard,True,AG01
U160115,16,5,25.5,studio,standard,True,AG05
U160116,16,5,24.6,studio,city,True,AG02
U160117,16,2,24.3,studio,standard,True,AG04
U160118,16,4,25.4,studio,standard,True,AG01
U160119,16,3,22.8,studio,standard,True,AG04
U160120,16,4,20.8,studio,standard,True,AG06
U160121,16,6,23.1,studio,standard,True,AG04
U160122,16,5,26.1,studio,pool,True,AG06
U160123,16,1,29.3,1BR,standard,True,AG01
U160124,16,4,24.4,studio,standard,True,AG02
U160125,16,2,24.2,studio,standard,True,AG05
U160126,16,5,25.7,studio,standard,True,AG03
U160127,16,2,33.4,1BR,standard,True,AG02
U160128,16,4,27.7,1BR,standard,True,AG04
U160129,16,3,21.1,studio,city,True,AG03
U160130,16,5,21.3,studio,city,False,AG06
U160131,16,6,30.3,1BR,standard,True,AG04
U160132,16,6,30.4,1BR,standard,False,AG06
U160133,16,7,22.7,studio,standard,True,AG04
U160134,16,7,21.7,studio,standard,True,AG03
U160135,16,4,22.0,studio,pool,True,AG03
U160136,16,4,22.2,studio,standard,True,AG03
U160137,16,1,23.5,studio,standard,True,AG02
U160138,16,1,31.8,1BR,pool,True,AG06
U160139,16,1,32.2,1BR,standard,True,AG02
U160140,16,5,21.3,studio,standard,True,AG03
U160141,16,8,23.0,studio,standard,True,AG06
U160142,16,8,22.6,studio,city,False,AG03
U160143,16,4,23.2,studio,standard,True,AG01
U160144,16,3,40.2,1BR Plus,standard,True,AG05
U160145,16,8,23.7,studio,standard,True,AG03
U160146,16,3,26.2,studio,city,False,AG02
U160147,16,1,25.9,studio,pool,True,AG01
U160148,16,6,22.8,studio,standard,True,AG02
U160149,16,5,44.3,1BR Plus,standard,True,AG03
U160150,16,4,36.4,1BR Plus,standard,True,AG04
U160151,16,2,26.5,studio,standard,False,AG04
U160152,16,2,26.4,studio,standard,False,AG04
U160153,16,1,25.6,studio,standard,False,AG06
U160154,16,8,26.5,studio,standard,True,AG02
U160155,16,7,35.0,1BR,pool,True,AG02
U160156,16,1,40.0,1BR Plus,standard,True,AG01
U160157,16,3,22.2,studio,city,True,AG06
U160158,16,5,39.3,1BR Plus,standard,True,AG06
U160159,16,8,24.6,studio,standard,False,AG05
U160160,16,1,30.3,1BR,standard,True,AG04
U160161,16,1,37.3,1BR Plus,standard,False,AG04
U160162,16,4,30.5,1BR,city,True,AG01
U160163,16,4,25.0,studio,standard,False,AG02
U160164,16,2,29.1,1BR,standard,True,AG01
U160165,16,8,20.9,studio,standard,False,AG04
U160166,16,8,27.8,1BR,standard,True,AG06
U160167,16,8,23.6,studio,city,True,AG03
U160168,16,7,30.3,1BR,standard,True,AG04
U160169,16,7,36.3,1BR Plus,standard,True,AG03
U160170,16,7,24.0,studio,standard,True,AG01
U160171,16,7,25.8,studio,standard,True,AG05
U160172,16,2,31.6,1BR,standard,False,AG02
U160173,16,8,25.2,studio,city,True,AG04
U160174,16,4,37.9,1BR Plus,standard,False,AG02
U160175,16,4,24.3,studio,standard,True,AG04
U160176,16,5,20.7,studio,city,True,AG02
U160177,16,1,20.7,studio,standard,False,AG01
U160178,16,4,33.3,1BR,pool,True,AG05
U160179,16,7,25.6,studio,city,False,AG06
U160180,16,5,27.5,1BR,standard,True,AG02
U160181,16,5,26.3,studio,pool,True,AG05
U160182,16,3,38.2,1BR Plus,city,True,AG06
U160183,16,2,24.5,studio,standard,True,AG06
U160184,16,5,23.1,studio,city,False,AG02
U160185,16,4,23.3,studio,standard,True,AG03
U160186,16,1,32.7,1BR,standard,False,AG05
U160187,16,3,25.5,studio,city,True,AG04
U160188,16,7,24.9,studio,pool,False,AG03
U160189,16,1,45.5,1BR Plus,standard,False,AG01
U160190,16,1,29.6,1BR,standard,False,AG04
U160191,16,2,23.2,studio,city,True,AG01
U160192,16,6,21.5,studio,city,True,AG02
U160193,16,3,26.4,studio,standard,True,AG01
U160194,16,8,37.7,1BR Plus,standard,True,AG01
U160195,16,2,38.4,1BR Plus,city,True,AG03
U160196,16,6,26.9,studio,standard,True,AG04
U160197,16,3,31.1,1BR,city,False,AG01
U160198,16,8,30.8,1BR,standard,True,AG01
U160199,16,7,43.2,1BR Plus,standard,False,AG03
U160200,16,4,30.2,1BR,standard,True,AG06
U160201,16,5,40.7,1BR Plus,standard,True,AG03
U160202,16,3,25.7,studio,standard,True,AG01
U160203,16,6,21.2,studio,standard,True,AG03
U160204,16,5,24.2,studio,standard,True,AG01
U160205,16,6,31.0,1BR,pool,True,AG03
U160206,16,5,26.7,studio,standard,True,AG02
U160207,16,5,34.2,1BR,pool,True,AG03
U160208,16,1,26.7,studio,pool,False,AG03
U160209,16,8,35.5,1BR Plus,city,True,AG05
U160210,16,8,24.3,studio,standard,False,AG05
U160211,16,3,22.8,studio,city,True,AG01
U160212,16,7,26.1,studio,standard,True,AG02
U160213,16,3,31.8,1BR,city,True,AG01
U160214,16,1,26.6,studio,standard,True,AG06
U160215,16,2,28.2,1BR,city,True,AG03
U160216,16,6,24.1,studio,standard,True,AG03
U160217,16,2,26.5,studio,city,True,AG06
U160218,16,8,22.0,studio,standard,True,AG02
U160219,16,4,41.9,1BR Plus,standard,True,AG05
U160220,16,1,22.6,studio,standard,True,AG05
U160221,16,3,26.8,studio,pool,True,AG03
U160222,16,3,21.3,studio,pool,True,AG02
U160223,16,3,35.4,1BR,pool,True,AG06
U160224,16,6,30.7,1BR,city,True,AG01
U160225,16,8,32.4,1BR,standard,True,AG02
U160226,16,5,29.7,1BR,standard,True,AG06
U160227,16,5,24.8,studio,city,True,AG03
U160228,16,6,34.5,1BR,standard,True,AG02
U160229,16,5,36.6,1BR Plus,standard,True,AG02
U160230,16,2,23.8,studio,standard,True,AG03
U160231,16,1,34.3,1BR,pool,True,AG04
U160232,16,1,28.0,1BR,standard,True,AG06
U160233,16,4,31.2,1BR,pool,True,AG03
U160234,16,3,31.3,1BR,standard,True,AG06
U160235,16,1,22.6,studio,city,True,AG02
U160236,16,3,24.0,studio,city,False,AG01
U160237,16,2,21.5,studio,standard,True,AG03
U160238,16,2,32.4,1BR,standard,True,AG04
U160239,16,4,23.0,studio,pool,True,AG04
U160240,16,6,30.7,1BR,pool,True,AG06
U160241,16,1,24.2,studio,standard,False,AG06
U160242,16,6,39.0,1BR Plus,standard,True,AG02
U160243,16,7,39.7,1BR Plus,standard,True,AG03
U160244,16,4,25.1,studio,city,True,AG01
U160245,16,2,25.3,studio,pool,True,AG06
U160246,16,1,21.6,studio,city,False,AG05
U160247,16,5,25.1,studio,standard,True,AG06
U160248,16,8,31.7,1BR,standard,True,AG01
U160249,16,2,23.2,studio,standard,True,AG05
U160250,16,6,35.0,1BR,standard,True,AG01
U160251,16,3,24.1,studio,standard,True,AG01
U160252,16,7,26.5,studio,city,True,AG03
U160253,16,2,22.1,studio,standard,False,AG06
U160254,16,6,24.1,studio,standard,True,AG01
U160255,16,6,30.0,1BR,standard,True,AG02
U160256,16,4,26.3,studio,standard,True,AG05
U160257,16,6,21.0,studio,standard,True,AG03
U160258,16,6,31.0,1BR,standard,True,AG06
U160259,16,6,33.8,1BR,pool,True,AG04
U160260,16,7,45.8,1BR Plus,city,False,AG06
U160261,16,1,26.4,studio,standard,False,AG03
U160262,16,2,21.4,studio,standard,True,AG02
U160263,16,4,25.0,studio,standard,True,AG02
U160264,16,1,45.5,1BR Plus,city,True,AG02
U160265,16,7,21.7,studio,city,True,AG01
U160266,16,5,21.9,studio,standard,True,AG04
U160267,16,7,25.8,studio,standard,True,AG02
U160268,16,3,27.5,1BR,standard,True,AG01
U160269,16,8,33.3,1BR,city,True,AG02
U160270,16,8,25.7,studio,standard,True,AG05
U160271,16,6,22.2,studio,standard,True,AG05
U160272,16,5,22.2,studio,city,False,AG01
U160273,16,4,22.8,studio,pool,False,AG06
U160274,16,7,25.9,studio,pool,True,AG04
U160275,16,7,42.4,1BR Plus,standard,True,AG06
U160276,16,1,25.6,studio,standard,True,AG01
U160277,16,2,33.4,1BR,standard,True,AG01
U160278,16,2,23.9,studio,city,True,AG05
U160279,16,8,21.8,studio,city,False,AG01
U160280,16,5,22.8,studio,standard,True,AG04
U160281,16,7,23.2,studio,pool,False,AG03
U160282,16,7,25.3,studio,city,True,AG02
U160283,16,7,31.1,1BR,city,True,AG01
U160284,16,4,22.1,studio,standard,False,AG05
U160285,16,8,33.2,1BR,city,True,AG04
U160286,16,6,21.9,studio,city,True,AG01
U160287,16,5,26.1,studio,standard,False,AG05
U160288,16,5,24.2,studio,standard,True,AG05
U160289,16,4,23.7,studio,standard,True,AG05
U160290,16,8,24.6,studio,standard,True,AG02
U160291,16,4,26.9,studio,pool,False,AG06
U160292,16,3,26.7,studio,standard,True,AG03
U160293,16,2,30.4,1BR,pool,True,AG03
U160294,16,5,28.8,1BR,standard,True,AG04
U160295,16,1,35.1,1BR,standard,False,AG05
U160296,16,4,26.8,studio,city,False,AG05
U160297,16,4,32.5,1BR,standard,False,AG04
U160298,16,2,25.1,studio,standard,True,AG04
U160299,16,2,22.4,studio,standard,True,AG05
U160300,16,6,24.9,studio,standard,True,AG04
U160301,16,1,24.7,studio,city,True,AG02
U160302,16,7,23.9,studio,standard,False,AG05
U160303,16,1,21.2,studio,pool,True,AG02
U160304,16,7,23.6,studio,city,True,AG03
U160305,16,4,44.5,1BR Plus,pool,True,AG06
U160306,16,6,22.4,studio,city,True,AG06
U160307,16,1,23.8,studio,pool,True,AG03
U160308,16,4,33.5,1BR,standard,True,AG02
U160309,16,7,23.3,studio,standard,True,AG01
U160310,16,1,26.7,studio,standard,False,AG01
U160311,16,8,25.4,studio,standard,True,AG01
U160312,16,1,41.7,1BR Plus,city,True,AG03
U160313,16,5,21.2,studio,standard,True,AG06
U160314,16,7,24.2,studio,standard,True,AG04
U160315,16,3,24.5,studio,city,False,AG05
U160316,16,4,21.9,studio,pool,False,AG04
U160317,16,1,43.2,1BR Plus,standard,False,AG05
U160318,16,8,21.8,studio,standard,True,AG01
U160319,16,3,21.9,studio,pool,True,AG01
U160320,16,6,26.8,studio,city,True,AG02
U160321,16,8,26.8,studio,standard,True,AG05
U160322,16,6,24.3,studio,standard,True,AG06
U160323,16,5,21.0,studio,city,True,AG05
U160324,16,6,21.0,studio,pool,True,AG06
U160325,16,7,27.2,1BR,city,True,AG03
U160326,16,6,23.8,studio,pool,False,AG04
U160327,16,4,22.5,studio,standard,False,AG04
U160328,16,8,31.2,1BR,standard,True,AG02
U160329,16,1,34.6,1BR,standard,True,AG03
U160330,16,7,31.8,1BR,pool,False,AG02
U160331,16,8,26.0,studio,pool,False,AG02
U160332,16,3,23.0,studio,standard,True,AG01
U160333,16,5,34.6,1BR,city,True,AG04
U160334,16,4,24.1,studio,city,False,AG02
U160335,16,6,29.7,1BR,standard,True,AG05
U160336,16,7,21.5,studio,city,True,AG05
U160337,16,1,26.1,studio,standard,False,AG05
U160338,16,6,32.0,1BR,pool,True,AG01
U160339,16,5,28.3,1BR,standard,True,AG01
U160340,16,6,28.3,1BR,pool,True,AG04
U160341,16,7,23.4,studio,standard,True,AG01
U160342,16,5,24.4,studio,city,False,AG03
U160343,16,7,25.3,studio,standard,False,AG05
U160344,16,1,20.8,studio,standard,True,AG04
U160345,16,1,23.7,studio,standard,True,AG03
U160346,16,4,21.0,studio,standard,False,AG05
U160347,16,5,26.9,studio,standard,True,AG05
U160348,16,7,29.1,1BR,city,True,AG05
U160349,16,1,35.4,1BR,city,False,AG03
U160350,16,7,23.0,studio,city,False,AG03
U160351,16,7,27.7,1BR,standard,True,AG03
U160352,16,4,25.4,studio,standard,True,AG04
U160353,16,1,38.2,1BR Plus,city,True,AG02
U160354,16,5,29.1,1BR,city,True,AG02
U160355,16,3,22.6,studio,pool,True,AG01
U160356,16,3,21.5,studio,city,True,AG03
U160357,16,6,22.9,studio,pool,True,AG06
U160358,16,3,21.4,studio,standard,False,AG01
U160359,16,1,28.1,1BR,pool,True,AG03
U160360,16,3,35.4,1BR,pool,True,AG03
U160361,16,8,32.8,1BR,pool,True,AG01
U160362,16,7,22.5,studio,city,True,AG06
U160363,16,6,25.6,studio,standard,True,AG06
U160364,16,5,26.2,studio,standard,False,AG01
U160365,16,6,24.0,studio,standard,True,AG03
U160366,16,8,25.7,studio,standard,True,AG06
U160367,16,7,21.1,studio,standard,True,AG02
U160368,16,8,28.4,1BR,standard,True,AG06
U160369,16,5,29.0,1BR,standard,False,AG04
U160370,16,5,27.4,1BR,city,True,AG03
U160371,16,8,27.2,1BR,city,False,AG02
U160372,16,8,27.2,1BR,standard,False,AG05
U160373,16,1,28.2,1BR,standard,True,AG05
U160374,16,1,24.8,studio,pool,True,AG02
U160375,16,4,24.2,studio,standard,False,AG04
U160376,16,4,34.6,1BR,standard,False,AG04
U160377,16,4,30.8,1BR,standard,True,AG05
U160378,16,3,26.8,studio,pool,False,AG04
U160379,16,5,21.5,studio,city,True,AG03
U160380,16,4,30.1,1BR,standard,True,AG02
U160381,16,4,26.8,studio,standard,False,AG04
U160382,16,2,23.8,studio,standard,True,AG03
U160383,16,5,23.2,studio,standard,True,AG04
U160384,16,8,26.3,studio,standard,False,AG05
U160385,16,3,41.3,1BR Plus,pool,False,AG03
U160386,16,5,24.3,studio,pool,True,AG05
U160387,16,5,21.4,studio,standard,True,AG01
U160388,16,3,39.0,1BR Plus,standard,False,AG01
U160389,16,5,27.1,1BR,city,False,AG02
U160390,16,4,25.8,studio,standard,True,AG04
U160391,16,4,20.6,studio,standard,True,AG06
U160392,16,3,25.8,studio,standard,True,AG03
U160393,16,3,21.4,studio,standard,True,AG02
U160394,16,4,31.1,1BR,pool,True,AG06
U160395,16,4,25.8,studio,pool,True,AG06
U160396,16,7,24.7,studio,pool,False,AG01
U160397,16,6,33.3,1BR,standard,True,AG04
U160398,16,8,21.5,studio,city,True,AG03
U160399,16,5,32.0,1BR,standard,True,AG05
U160400,16,5,45.7,1BR Plus,standard,True,AG04
U160401,16,5,29.0,1BR,standard,True,AG05
U160402,16,7,26.1,studio,pool,True,AG04
U160403,16,8,23.6,studio,standard,True,AG01
U160404,16,1,24.2,studio,standard,True,AG01
U160405,16,4,21.7,studio,city,True,AG01
U160406,16,5,46.6,1BR Plus,pool,True,AG05
U160407,16,6,21.6,studio,standard,False,AG03
U160408,16,3,34.3,1BR,standard,True,AG02
U160409,16,5,24.9,studio,standard,True,AG03
U160410,16,6,26.9,studio,standard,True,AG02
U160411,16,6,23.0,studio,standard,True,AG04
U160412,16,5,31.0,1BR,standard,True,AG01
U160413,16,2,25.0,studio,standard,False,AG01
U160414,16,2,33.3,1BR,standard,True,AG06
U160415,16,7,39.0,1BR Plus,standard,True,AG05
U160416,16,4,33.8,1BR,standard,True,AG01
U160417,16,7,21.3,studio,standard,True,AG06
U160418,16,3,26.9,studio,standard,True,AG03
U160419,16,7,31.6,1BR,city,True,AG04
U160420,16,3,27.1,1BR,standard,True,AG02
U160421,16,2,21.0,studio,standard,True,AG03
U160422,16,8,40.2,1BR Plus,city,True,AG03
U160423,16,3,31.2,1BR,city,False,AG01
U160424,16,6,21.8,studio,city,False,AG06
U160425,16,4,27.5,1BR,standard,True,AG01
U160426,16,4,28.8,1BR,city,True,AG05
U160427,16,7,24.3,studio,standard,True,AG06
U160428,16,5,24.6,studio,pool,True,AG03
U160429,16,5,20.7,studio,standard,False,AG03
U160430,16,5,23.6,studio,pool,True,AG01
U160431,16,7,33.8,1BR,standard,True,AG05
U160432,16,2,33.5,1BR,city,False,AG04
U160433,16,7,25.7,studio,standard,True,AG01
U160434,16,8,36.2,1BR Plus,standard,False,AG02
U160435,16,8,33.4,1BR,standard,True,AG05
U160436,16,8,29.4,1BR,standard,True,AG04
U160437,16,5,31.2,1BR,standard,True,AG05
U160438,16,2,26.8,studio,pool,True,AG06
U160439,16,6,26.3,studio,standard,True,AG03
U160440,16,8,23.3,studio,city,True,AG01
U160441,16,8,20.8,studio,standard,True,AG05
U160442,16,7,20.9,studio,pool,True,AG02
U160443,16,6,41.4,1BR Plus,city,True,AG02
U160444,16,7,24.2,studio,standard,True,AG04
U160445,16,8,26.9,studio,standard,True,AG02
U160446,16,5,27.7,1BR,city,True,AG05
U160447,16,7,23.4,studio,city,True,AG05
U160448,16,7,32.1,1BR,standard,True,AG06
U160449,16,7,37.0,1BR Plus,standard,True,AG01
U160450,16,7,21.9,studio,pool,False,AG05
U160451,16,7,22.4,studio,standard,True,AG01
U160452,16,4,23.3,studio,city,True,AG02
U160453,16,2,23.6,studio,city,False,AG03
U160454,16,5,26.6,studio,standard,True,AG03
U160455,16,1,22.7,studio,pool,True,AG06
U160456,16,4,28.5,1BR,standard,True,AG02
U160457,16,4,22.1,studio,standard,True,AG01
U160458,16,4,22.0,studio,standard,False,AG02
U160459,16,2,46.3,1BR Plus,standard,False,AG05
U160460,16,7,25.7,studio,standard,True,AG05
U160461,16,6,29.3,1BR,city,True,AG01
U160462,16,8,23.4,studio,city,False,AG05
U160463,16,4,29.0,1BR,standard,True,AG03
U160464,16,4,24.1,studio,standard,True,AG03
U160465,16,6,28.1,1BR,standard,True,AG05
U160466,16,4,26.7,studio,standard,False,AG04
U160467,16,7,40.2,1BR Plus,city,True,AG04
U160468,16,6,34.8,1BR,standard,True,AG01
U160469,16,5,25.5,studio,pool,True,AG03
U160470,16,8,28.9,1BR,standard,True,AG06
U160471,16,5,22.2,studio,city,True,AG02
U160472,16,4,33.3,1BR,standard,True,AG03
U160473,16,1,30.1,1BR,standard,False,AG05
U160474,16,5,21.2,studio,standard,True,AG02
U160475,16,1,25.6,studio,standard,True,AG05
U160476,16,1,26.6,studio,standard,False,AG01
U160477,16,1,26.9,studio,city,False,AG01
U160478,16,8,25.6,studio,standard,False,AG04
U160479,16,5,27.7,1BR,standard,False,AG01
U160480,16,2,23.1,studio,city,True,AG03
U160481,16,2,34.2,1BR,standard,True,AG02
U160482,16,8,22.7,studio,city,True,AG04
U160483,16,5,24.3,studio,pool,True,AG01
U160484,16,7,24.8,studio,standard,False,AG05
U160485,16,8,22.5,studio,standard,True,AG01
U160486,16,7,31.1,1BR,standard,True,AG02
U160487,16,4,26.8,studio,city,True,AG06
U160488,16,8,29.2,1BR,standard,True,AG06
U160489,16,1,23.6,studio,standard,False,AG04
U160490,16,1,23.0,studio,standard,True,AG03
U160491,16,6,22.6,studio,standard,True,AG02
U160492,16,4,21.1,studio,standard,True,AG02
U160493,16,4,32.0,1BR,standard,False,AG04
U160494,16,2,26.6,studio,city,True,AG03
U160495,16,2,22.6,studio,standard,True,AG04
U160496,16,6,24.9,studio,city,True,AG05
U160497,16,1,25.9,studio,standard,False,AG01
U160498,16,7,25.9,studio,pool,True,AG01
U160499,16,7,28.5,1BR,standard,True,AG05
U160500,16,5,45.4,1BR Plus,standard,False,AG04
U160501,16,4,28.7,1BR,standard,True,AG05
U160502,16,3,21.1,studio,standard,False,AG04
U160503,16,3,31.1,1BR,standard,False,AG03
U160504,16,2,26.1,studio,city,True,AG03
U160505,16,5,24.4,studio,standard,True,AG06
U160506,16,3,30.6,1BR,standard,True,AG01
U160507,16,4,21.9,studio,standard,False,AG02
U160508,16,1,28.1,1BR,pool,False,AG04
U160509,16,6,21.0,studio,pool,False,AG03
U160510,16,8,25.7,studio,standard,True,AG01
U160511,16,4,31.8,1BR,standard,True,AG05
U160512,16,5,23.1,studio,standard,True,AG03
U160513,16,6,42.1,1BR Plus,pool,False,AG05
U160514,16,4,33.9,1BR,standard,True,AG02
U160515,16,1,32.9,1BR,standard,True,AG02
U170000,17,5,29.3,1BR,standard,True,AG03
U170001,17,2,24.6,studio,standard,True,AG06
U170002,17,2,25.0,studio,standard,True,AG01
U170003,17,7,34.1,1BR,pool,True,AG04
U170004,17,7,24.1,studio,standard,True,AG04
U170005,17,8,27.6,1BR,standard,True,AG03
U170006,17,2,27.0,studio,standard,True,AG06
U170007,17,4,31.3,1BR,city,False,AG05
U170008,17,6,26.8,studio,city,True,AG04
U170009,17,8,22.0,studio,standard,True,AG01
U170010,17,6,45.2,1BR Plus,city,True,AG01
U170011,17,7,22.4,studio,pool,False,AG05
U170012,17,3,30.5,1BR,standard,True,AG01
U170013,17,1,21.1,studio,standard,True,AG01
U170014,17,2,22.7,studio,city,True,AG04
U170015,17,6,22.8,studio,city,True,AG04
U170016,17,3,20.7,studio,standard,False,AG04
U170017,17,3,22.0,studio,standard,False,AG05
U170018,17,8,22.2,studio,standard,False,AG02
U170019,17,1,21.4,studio,standard,True,AG02
U170020,17,2,28.7,1BR,standard,True,AG02
U170021,17,3,25.8,studio,city,True,AG06
U170022,17,4,24.9,studio,pool,True,AG04
U170023,17,6,25.4,studio,standard,False,AG02
U170024,17,3,45.8,1BR Plus,standard,True,AG05
U170025,17,5,25.9,studio,standard,True,AG05
U170026,17,8,23.5,studio,standard,True,AG03
U170027,17,6,24.0,studio,standard,True,AG02
U170028,17,2,34.8,1BR,standard,True,AG03
U170029,17,4,21.6,studio,standard,True,AG06
U170030,17,2,39.4,1BR Plus,city,True,AG06
U170031,17,5,20.7,studio,city,False,AG04
U170032,17,6,31.6,1BR,city,False,AG03
U170033,17,6,22.2,studio,standard,False,AG03
U170034,17,6,24.6,studio,standard,True,AG04
U170035,17,3,45.0,1BR Plus,standard,True,AG01
U170036,17,3,23.3,studio,city,False,AG05
U170037,17,4,33.1,1BR,pool,True,AG01
U170038,17,1,30.6,1BR,city,True,AG05
U170039,17,4,23.5,studio,standard,True,AG05
U170040,17,1,32.1,1BR,standard,False,AG06
U170041,17,7,22.1,studio,standard,False,AG01
U170042,17,5,24.6,studio,standard,True,AG04
U170043,17,2,21.7,studio,standard,True,AG04
U170044,17,2,23.7,studio,standard,False,AG02
U170045,17,1,23.7,studio,city,True,AG06
U170046,17,4,32.6,1BR,standard,True,AG04
U170047,17,6,23.6,studio,pool,False,AG02
U170048,17,2,31.0,1BR,standard,True,AG04
U170049,17,7,25.3,studio,standard,True,AG03
U170050,17,3,26.4,studio,pool,True,AG01
U170051,17,1,26.3,studio,standard,True,AG01
U170052,17,2,30.7,1BR,standard,True,AG05
U170053,17,2,34.0,1BR,standard,True,AG05
U170054,17,2,24.8,studio,city,True,AG01
U170055,17,7,32.5,1BR,city,False,AG06
U170056,17,8,33.4,1BR,standard,True,AG04
U170057,17,2,31.8,1BR,city,False,AG02
U170058,17,7,33.9,1BR,standard,True,AG05
U170059,17,5,37.9,1BR Plus,standard,True,AG05
U170060,17,4,21.4,studio,city,True,AG06
U170061,17,7,20.8,studio,city,True,AG04
U170062,17,4,31.2,1BR,standard,True,AG05
U170063,17,1,21.5,studio,standard,True,AG04
U170064,17,3,22.1,studio,city,True,AG03
U170065,17,7,22.8,studio,standard,True,AG01
U170066,17,3,20.7,studio,standard,True,AG04
U170067,17,2,26.1,studio,city,True,AG04
U170068,17,2,24.6,studio,standard,False,AG06
U170069,17,5,33.8,1BR,standard,True,AG04
U170070,17,7,31.4,1BR,standard,True,AG05
U170071,17,3,21.5,studio,city,False,AG06
U170072,17,7,23.9,studio,standard,True,AG05
U170073,17,4,25.6,studio,pool,True,AG03
U170074,17,7,39.8,1BR Plus,standard,True,AG03
U170075,17,2,26.4,studio,standard,False,AG03
U170076,17,6,30.6,1BR,standard,True,AG05
U170077,17,5,23.4,studio,standard,False,AG04
U170078,17,4,23.0,studio,city,False,AG06
U170079,17,5,25.9,studio,standard,True,AG04
U170080,17,8,28.5,1BR,standard,False,AG04
U170081,17,1,33.5,1BR,standard,False,AG01
U170082,17,1,46.1,1BR Plus,standard,True,AG03
U170083,17,2,26.6,studio,city,True,AG05
U170084,17,5,29.4,1BR,city,True,AG04
U170085,17,2,31.3,1BR,standard,False,AG03
U170086,17,1,31.7,1BR,standard,True,AG01
U170087,17,2,21.6,studio,standard,True,AG04
U170088,17,3,29.2,1BR,standard,True,AG02
U170089,17,1,23.7,studio,pool,True,AG06
U170090,17,3,24.8,studio,standard,True,AG04
U170091,17,7,28.7,1BR,standard,True,AG05
U170092,17,7,32.7,1BR,standard,True,AG04
U170093,17,7,34.7,1BR,pool,True,AG06
U170094,17,1,21.2,studio,standard,False,AG01
U170095,17,1,31.6,1BR,standard,True,AG05
U170096,17,3,23.9,studio,standard,False,AG01
U170097,17,3,20.8,studio,standard,True,AG02
U170098,17,3,24.9,studio,standard,True,AG05
U170099,17,1,46.7,1BR Plus,pool,True,AG04
U170100,17,1,22.8,studio,standard,True,AG02
U170101,17,4,27.0,1BR,pool,True,AG01
U170102,17,5,28.8,1BR,standard,True,AG05
U170103,17,6,24.2,studio,standard,True,AG04
U170104,17,5,21.5,studio,standard,True,AG02
U170105,17,7,31.9,1BR,standard,True,AG05
U170106,17,6,21.3,studio,standard,True,AG02
U170107,17,7,21.3,studio,standard,False,AG03
U170108,17,2,34.1,1BR,pool,True,AG01
U170109,17,4,43.2,1BR Plus,city,True,AG04
U170110,17,2,26.9,studio,pool,True,AG02
U170111,17,3,24.2,studio,city,True,AG04
U170112,17,7,21.6,studio,standard,False,AG03
U170113,17,2,26.4,studio,city,True,AG06
U170114,17,1,21.1,studio,city,True,AG01
U170115,17,3,27.7,1BR,standard,True,AG05
U170116,17,1,27.8,1BR,city,False,AG03
U170117,17,2,22.2,studio,pool,False,AG03
U170118,17,2,34.0,1BR,standard,True,AG06
U170119,17,8,27.2,1BR,city,True,AG05
U170120,17,8,21.6,studio,city,True,AG03
U170121,17,1,24.2,studio,pool,True,AG05
U170122,17,5,23.5,studio,standard,True,AG05
U170123,17,5,26.4,studio,standard,True,AG06
U170124,17,1,32.5,1BR,standard,False,AG02
U170125,17,7,29.8,1BR,city,True,AG04
U170126,17,4,25.3,studio,pool,True,AG03
U170127,17,2,22.3,studio,standard,False,AG04
U170128,17,4,34.8,1BR,pool,True,AG05
U170129,17,5,24.3,studio,city,True,AG02
U170130,17,2,21.3,studio,standard,True,AG02
U170131,17,2,27.0,studio,standard,False,AG01
U170132,17,2,25.4,studio,standard,True,AG01
U170133,17,4,21.9,studio,standard,False,AG05
U170134,17,2,26.8,studio,pool,True,AG01
U170135,17,4,26.3,studio,standard,True,AG03
U170136,17,5,36.5,1BR Plus,pool,True,AG03
U170137,17,1,40.3,1BR Plus,standard,False,AG05
U170138,17,2,23.6,studio,standard,True,AG06
U170139,17,1,24.8,studio,standard,True,AG03
U170140,17,8,28.2,1BR,standard,True,AG06
U170141,17,8,32.1,1BR,standard,True,AG04
U170142,17,8,23.0,studio,city,True,AG03
U170143,17,2,30.6,1BR,standard,True,AG04
U170144,17,1,26.4,studio,city,True,AG03
U170145,17,4,22.0,studio,standard,True,AG05
U170146,17,5,24.8,studio,pool,True,AG04
U170147,17,6,33.4,1BR,city,True,AG05
U170148,17,4,20.8,studio,standard,False,AG06
U170149,17,5,23.5,studio,pool,True,AG04
U170150,17,5,36.0,1BR Plus,standard,True,AG03
U170151,17,8,31.3,1BR,pool,True,AG02
U170152,17,5,25.0,studio,standard,True,AG04
U170153,17,8,23.3,studio,standard,True,AG03
U170154,17,3,21.1,studio,standard,True,AG04
U170155,17,2,29.7,1BR,standard,True,AG04
U170156,17,5,23.6,studio,city,True,AG05
U170157,17,8,20.9,studio,standard,True,AG02
U170158,17,5,26.9,studio,standard,True,AG05
U170159,17,2,30.5,1BR,standard,False,AG03
U170160,17,7,29.8,1BR,pool,True,AG03
U170161,17,5,23.4,studio,standard,False,AG06
U170162,17,6,32.3,1BR,city,True,AG03
U170163,17,6,23.2,studio,city,False,AG03
U170164,17,6,21.8,studio,pool,True,AG04
U170165,17,3,22.1,studio,pool,True,AG05
U170166,17,3,28.1,1BR,city,True,AG05
U170167,17,4,46.7,1BR Plus,pool,True,AG02
U170168,17,8,24.5,studio,standard,True,AG02
U170169,17,1,27.1,1BR,city,True,AG01
U170170,17,7,25.2,studio,standard,True,AG05
U170171,17,6,43.9,1BR Plus,standard,True,AG02
U170172,17,4,22.7,studio,standard,True,AG05
U170173,17,6,23.7,studio,standard,False,AG04
U170174,17,7,34.2,1BR,standard,True,AG01
U170175,17,7,24.2,studio,standard,False,AG02
U170176,17,6,22.3,studio,standard,True,AG03
U170177,17,2,26.4,studio,city,False,AG05
U170178,17,4,22.9,studio,standard,True,AG06
U170179,17,3,25.4,studio,standard,True,AG02
U170180,17,6,28.4,1BR,pool,True,AG05
U170181,17,4,20.7,studio,city,True,AG02
U170182,17,5,28.8,1BR,pool,True,AG03
U170183,17,2,22.8,studio,standard,True,AG03
U170184,17,2,30.8,1BR,standard,True,AG06
U170185,17,8,27.8,1BR,standard,True,AG01
U170186,17,1,21.0,studio,city,True,AG04
U170187,17,8,21.2,studio,pool,False,AG01
U170188,17,4,21.7,studio,standard,False,AG06
U170189,17,5,27.4,1BR,standard,True,AG01
U170190,17,7,29.1,1BR,city,True,AG05
U170191,17,4,27.2,1BR,standard,False,AG03
U170192,17,2,26.2,studio,standard,True,AG04
U170193,17,7,23.5,studio,city,True,AG04
U170194,17,7,29.3,1BR,city,True,AG02
U170195,17,7,30.6,1BR,standard,True,AG02
U170196,17,4,40.3,1BR Plus,standard,True,AG03
U170197,17,5,30.2,1BR,city,True,AG03
U170198,17,5,21.3,studio,standard,True,AG06
U170199,17,3,28.6,1BR,standard,True,AG02
U170200,17,4,22.1,studio,standard,True,AG01
U170201,17,2,34.2,1BR,city,True,AG02
U170202,17,4,24.8,studio,city,True,AG06
U170203,17,8,23.0,studio,city,True,AG02
U170204,17,1,31.2,1BR,standard,False,AG02
U170205,17,7,22.1,studio,standard,True,AG01
U170206,17,2,21.9,studio,city,True,AG06
U170207,17,8,34.3,1BR,standard,True,AG01
U170208,17,1,21.6,studio,city,True,AG04
U170209,17,7,23.1,studio,city,True,AG01
U170210,17,3,34.8,1BR,standard,True,AG03
U170211,17,1,24.6,studio,city,True,AG06
U170212,17,4,26.4,studio,standard,False,AG04
U170213,17,5,24.6,studio,standard,False,AG04
U170214,17,7,23.1,studio,pool,False,AG06
U170215,17,7,32.1,1BR,standard,True,AG01
U170216,17,2,35.3,1BR,city,True,AG04
U170217,17,7,33.1,1BR,pool,True,AG06
U170218,17,6,31.6,1BR,standard,True,AG05
U170219,17,7,33.0,1BR,standard,True,AG04
U170220,17,4,24.5,studio,standard,False,AG04
U170221,17,7,30.7,1BR,pool,True,AG05
U170222,17,6,21.7,studio,pool,True,AG05
U170223,17,7,34.9,1BR,standard,True,AG05
U170224,17,7,31.9,1BR,standard,False,AG04
U170225,17,7,24.9,studio,standard,True,AG05
U170226,17,6,25.7,studio,standard,True,AG02
U170227,17,3,46.6,1BR Plus,standard,True,AG01
U170228,17,7,34.7,1BR,standard,False,AG01
U170229,17,2,28.9,1BR,city,True,AG05
U170230,17,8,33.8,1BR,pool,False,AG06
U170231,17,4,29.4,1BR,pool,False,AG01
U170232,17,3,33.1,1BR,standard,True,AG03
U170233,17,3,33.1,1BR,city,True,AG05
U170234,17,6,24.6,studio,standard,False,AG05
U170235,17,8,23.6,studio,standard,True,AG06
U170236,17,7,23.1,studio,standard,True,AG03
U170237,17,4,21.3,studio,standard,True,AG03
U170238,17,3,21.5,studio,standard,True,AG04
U170239,17,1,33.8,1BR,standard,False,AG05
U170240,17,2,34.8,1BR,standard,True,AG03
U170241,17,4,21.7,studio,standard,True,AG01
U170242,17,5,38.0,1BR Plus,standard,True,AG01
U170243,17,1,25.3,studio,pool,True,AG04
U170244,17,1,22.9,studio,city,False,AG05
U170245,17,6,28.0,1BR,standard,True,AG05
U170246,17,5,30.6,1BR,standard,True,AG04
U170247,17,4,34.8,1BR,pool,True,AG05
U170248,17,6,21.1,studio,city,True,AG05
U170249,17,8,22.6,studio,pool,True,AG06
U170250,17,7,27.8,1BR,standard,True,AG01
U170251,17,6,20.9,studio,standard,True,AG03
U170252,17,5,23.7,studio,standard,True,AG01
U170253,17,3,30.7,1BR,standard,False,AG03
U170254,17,2,21.4,studio,standard,True,AG03
U170255,17,8,21.6,studio,city,True,AG04
U170256,17,1,30.5,1BR,city,True,AG03
U170257,17,2,25.7,studio,pool,True,AG05
U170258,17,6,22.1,studio,pool,False,AG05
U170259,17,5,29.2,1BR,standard,False,AG03
U170260,17,1,21.3,studio,standard,True,AG04
U170261,17,5,40.5,1BR Plus,standard,True,AG02
U170262,17,5,21.6,studio,standard,False,AG05
U170263,17,6,26.6,studio,standard,True,AG04
U170264,17,4,24.5,studio,standard,True,AG02
U170265,17,3,20.6,studio,standard,True,AG01
U170266,17,4,34.9,1BR,standard,True,AG04
U170267,17,5,26.9,studio,city,True,AG02
U170268,17,7,35.6,1BR Plus,standard,True,AG02
U170269,17,2,22.8,studio,standard,True,AG05
U170270,17,7,32.4,1BR,standard,True,AG05
U170271,17,6,24.1,studio,pool,True,AG06
U170272,17,2,33.0,1BR,standard,True,AG04
U170273,17,1,22.9,studio,standard,True,AG05
U170274,17,3,31.5,1BR,standard,True,AG03
U170275,17,6,29.4,1BR,city,True,AG06
U170276,17,8,23.7,studio,pool,True,AG01
U170277,17,5,34.6,1BR,city,True,AG03
U170278,17,4,32.4,1BR,city,True,AG05
U170279,17,5,20.9,studio,city,True,AG04
U170280,17,2,25.5,studio,standard,True,AG03
U170281,17,6,30.2,1BR,standard,True,AG02
U170282,17,7,22.4,studio,standard,True,AG05
U170283,17,6,25.0,studio,standard,False,AG04
U170284,17,8,23.1,studio,standard,False,AG04
U170285,17,5,23.3,studio,standard,True,AG02
U170286,17,5,23.8,studio,standard,False,AG06
U170287,17,6,28.2,1BR,standard,False,AG04
U170288,17,5,21.5,studio,standard,False,AG02
U170289,17,8,27.6,1BR,standard,True,AG02
U170290,17,8,25.4,studio,city,True,AG04
U170291,17,8,35.2,1BR,standard,False,AG01
U170292,17,3,21.5,studio,standard,True,AG05
U170293,17,6,25.5,studio,standard,True,AG06
U170294,17,3,25.6,studio,standard,True,AG01
U170295,17,8,25.4,studio,standard,True,AG01
U170296,17,4,25.1,studio,standard,True,AG03
U170297,17,1,25.2,studio,pool,False,AG01
U170298,17,8,26.5,studio,city,True,AG01
U170299,17,7,21.7,studio,city,True,AG04
U170300,17,5,35.6,1BR Plus,standard,True,AG06
U170301,17,8,26.0,studio,standard,True,AG03
U170302,17,8,34.0,1BR,standard,True,AG05
U170303,17,1,21.9,studio,pool,True,AG04
U170304,17,7,22.3,studio,standard,True,AG02
U170305,17,4,20.7,studio,standard,False,AG02
U170306,17,5,24.5,studio,standard,False,AG04
U170307,17,7,24.1,studio,standard,True,AG04
U170308,17,3,25.7,studio,standard,True,AG04
U170309,17,1,30.9,1BR,standard,True,AG05
U170310,17,5,26.5,studio,standard,True,AG01
U170311,17,4,33.5,1BR,standard,True,AG03
U170312,17,3,41.8,1BR Plus,standard,True,AG02
U170313,17,1,33.1,1BR,standard,True,AG06
U170314,17,8,23.9,studio,standard,True,AG03
U170315,17,2,26.5,studio,standard,False,AG05
U170316,17,7,25.0,studio,standard,True,AG06
U170317,17,6,32.4,1BR,standard,False,AG06
U170318,17,8,34.3,1BR,standard,True,AG03
U170319,17,8,23.6,studio,standard,False,AG01
U170320,17,3,31.3,1BR,city,True,AG06
U170321,17,6,23.0,studio,city,True,AG02
U170322,17,1,31.7,1BR,city,False,AG01
U170323,17,7,25.8,studio,standard,False,AG06
U170324,17,1,24.3,studio,standard,True,AG04
U170325,17,7,32.6,1BR,city,True,AG06
U170326,17,4,21.7,studio,standard,False,AG02
U170327,17,4,34.4,1BR,city,False,AG04
U170328,17,6,32.5,1BR,standard,True,AG03
U170329,17,5,42.8,1BR Plus,standard,False,AG05
U170330,17,7,24.7,studio,standard,True,AG01
U170331,17,3,23.7,studio,standard,True,AG04
U170332,17,3,23.7,studio,standard,True,AG05
U170333,17,7,22.0,studio,standard,True,AG06
U170334,17,4,40.4,1BR Plus,standard,False,AG04
U170335,17,3,21.3,studio,pool,True,AG06
U170336,17,5,27.7,1BR,standard,True,AG04
U170337,17,3,26.0,studio,standard,True,AG06
U170338,17,7,26.1,studio,pool,True,AG04
U170339,17,5,25.6,studio,standard,True,AG03
U170340,17,4,22.3,studio,standard,True,AG03
U170341,17,3,21.5,studio,standard,True,AG06
U170342,17,3,26.9,studio,pool,True,AG02
U170343,17,2,24.3,studio,standard,False,AG01
U170344,17,8,45.0,1BR Plus,standard,True,AG03
U170345,17,3,25.3,studio,standard,True,AG02
U170346,17,2,23.3,studio,city,True,AG03
U170347,17,1,21.4,studio,standard,True,AG01
U170348,17,7,27.2,1BR,city,True,AG04
U170349,17,8,21.6,studio,pool,True,AG02
U170350,17,3,24.5,studio,standard,True,AG06
U170351,17,1,23.7,studio,city,True,AG06
U170352,17,7,27.7,1BR,standard,True,AG05
U170353,17,5,31.8,1BR,standard,True,AG06
U170354,17,4,21.3,studio,standard,True,AG02
U170355,17,7,33.9,1BR,standard,True,AG06
U170356,17,4,30.1,1BR,standard,True,AG05
U170357,17,1,38.1,1BR Plus,standard,True,AG03
U170358,17,1,22.8,studio,standard,True,AG03
U170359,17,6,26.1,studio,standard,True,AG03
U170360,17,5,21.7,studio,pool,True,AG04
U170361,17,5,23.8,studio,standard,True,AG04
U170362,17,3,26.0,studio,standard,True,AG01
U170363,17,1,34.4,1BR,standard,True,AG04
U170364,17,6,20.9,studio,standard,True,AG02
U170365,17,4,31.5,1BR,standard,True,AG06
U170366,17,8,29.7,1BR,standard,True,AG04
U170367,17,3,25.3,studio,standard,True,AG03
U170368,17,6,25.8,studio,city,True,AG02
U170369,17,7,44.3,1BR Plus,standard,True,AG03
U170370,17,3,29.3,1BR,standard,True,AG05
U170371,17,1,30.0,1BR,standard,False,AG05
U170372,17,4,33.1,1BR,standard,True,AG06
U170373,17,7,32.3,1BR,standard,True,AG03
U170374,17,5,20.6,studio,standard,True,AG06
U170375,17,2,29.5,1BR,standard,True,AG03
U170376,17,2,42.8,1BR Plus,standard,True,AG03
U170377,17,2,26.5,studio,standard,True,AG03
U170378,17,3,33.7,1BR,city,True,AG06
U170379,17,6,24.2,studio,standard,True,AG06
U170380,17,3,23.8,studio,pool,True,AG01
U170381,17,5,21.3,studio,city,True,AG03
U170382,17,2,25.7,studio,standard,True,AG04
U170383,17,7,20.9,studio,standard,False,AG04
U170384,17,5,31.0,1BR,standard,False,AG02
U170385,17,5,21.3,studio,standard,True,AG06
U170386,17,2,31.1,1BR,pool,False,AG03
U170387,17,4,27.2,1BR,pool,True,AG05
U170388,17,2,30.8,1BR,pool,False,AG06
U170389,17,2,22.0,studio,standard,True,AG05
U170390,17,3,24.8,studio,standard,True,AG05
U170391,17,8,26.4,studio,standard,True,AG02
U170392,17,7,24.9,studio,standard,True,AG03
U170393,17,7,24.8,studio,standard,True,AG01
U170394,17,2,32.1,1BR,standard,True,AG04
U170395,17,2,25.5,studio,standard,True,AG05
U170396,17,5,33.6,1BR,standard,True,AG05
U170397,17,6,23.1,studio,standard,True,AG05
U170398,17,5,25.3,studio,standard,True,AG06
U170399,17,4,24.6,studio,standard,True,AG06
U170400,17,5,21.0,studio,city,True,AG01
U170401,17,7,41.5,1BR Plus,standard,True,AG03
U170402,17,7,29.4,1BR,city,True,AG01
U170403,17,1,25.7,studio,city,True,AG06
U170404,17,4,24.8,studio,pool,True,AG04
U170405,17,5,31.7,1BR,standard,True,AG01
U170406,17,5,23.8,studio,standard,True,AG02
U170407,17,7,21.1,studio,city,True,AG01
U170408,17,3,24.7,studio,city,True,AG04
U170409,17,2,25.0,studio,pool,True,AG02
U170410,17,2,25.1,studio,standard,False,AG02
U170411,17,4,27.4,1BR,city,False,AG01
U170412,17,6,26.5,studio,pool,True,AG06
U170413,17,3,26.3,studio,city,True,AG02
U170414,17,4,26.5,studio,standard,False,AG06
U170415,17,8,23.1,studio,standard,True,AG01
U170416,17,4,31.5,1BR,standard,True,AG06
U170417,17,7,22.7,studio,standard,True,AG05
U170418,17,5,29.7,1BR,pool,True,AG05
U170419,17,3,33.8,1BR,standard,True,AG04
U170420,17,5,23.2,studio,standard,True,AG02
U170421,17,4,26.4,studio,standard,True,AG02
U170422,17,7,23.4,studio,standard,True,AG01
U170423,17,2,26.4,studio,standard,True,AG05
U170424,17,7,21.6,studio,standard,True,AG04
U170425,17,6,25.1,studio,standard,True,AG05
U170426,17,4,21.6,studio,standard,True,AG04
U170427,17,8,35.0,1BR,city,True,AG06
U170428,17,1,21.7,studio,standard,True,AG03
U170429,17,2,22.3,studio,pool,True,AG03
U170430,17,8,25.4,studio,city,True,AG01
U170431,17,8,33.4,1BR,pool,False,AG04
U170432,17,8,34.5,1BR,city,True,AG03
U170433,17,2,42.8,1BR Plus,standard,True,AG01
U170434,17,4,26.7,studio,standard,True,AG01
U170435,17,8,34.8,1BR,pool,True,AG02
U170436,17,1,24.9,studio,pool,True,AG05
U170437,17,7,24.5,studio,city,True,AG06
U170438,17,6,34.8,1BR,pool,True,AG03
U170439,17,7,35.7,1BR Plus,standard,True,AG04
U170440,17,4,23.0,studio,city,True,AG02
U170441,17,6,31.7,1BR,standard,False,AG03
U170442,17,4,31.0,1BR,standard,True,AG04
U170443,17,3,25.8,studio,standard,True,AG01
U170444,17,3,21.9,studio,standard,False,AG01
U170445,17,6,31.5,1BR,city,True,AG03
U170446,17,2,20.9,studio,standard,True,AG02
U180000,18,1,24.0,studio,standard,True,AG05
U180001,18,6,27.1,1BR,city,True,AG05
U180002,18,4,30.7,1BR,standard,True,AG04
U180003,18,7,34.1,1BR,city,False,AG06
U180004,18,2,22.2,studio,standard,True,AG06
U180005,18,4,26.2,studio,city,False,AG05
U180006,18,2,42.0,1BR Plus,standard,True,AG01
U180007,18,5,28.2,1BR,city,False,AG03
U180008,18,5,25.0,studio,standard,False,AG03
U180009,18,6,22.3,studio,city,True,AG03
U180010,18,1,28.1,1BR,standard,True,AG05
U180011,18,3,34.0,1BR,standard,False,AG03
U180012,18,2,21.7,studio,standard,True,AG05
U180013,18,3,26.7,studio,standard,False,AG01
U180014,18,8,21.5,studio,standard,True,AG01
U180015,18,5,29.6,1BR,standard,True,AG03
U180016,18,2,32.5,1BR,city,False,AG02
U180017,18,4,34.2,1BR,pool,True,AG03
U180018,18,7,41.2,1BR Plus,city,True,AG03
U180019,18,7,25.2,studio,standard,True,AG06
U180020,18,1,27.0,studio,pool,True,AG06
U180021,18,6,38.8,1BR Plus,standard,True,AG05
U180022,18,3,33.2,1BR,standard,True,AG06
U180023,18,5,34.4,1BR,standard,False,AG01
U180024,18,6,28.8,1BR,standard,True,AG01
U180025,18,7,25.6,studio,city,False,AG03
U180026,18,8,26.0,studio,city,True,AG06
U180027,18,2,25.1,studio,city,True,AG04
U180028,18,3,27.7,1BR,city,False,AG04
U180029,18,7,35.3,1BR,standard,True,AG03
U180030,18,2,30.4,1BR,standard,False,AG02
U180031,18,3,23.8,studio,standard,True,AG01
U180032,18,7,25.5,studio,standard,True,AG02
U180033,18,6,22.9,studio,standard,True,AG04
U180034,18,4,25.7,studio,standard,False,AG01
U180035,18,8,33.8,1BR,city,False,AG05
U180036,18,1,21.6,studio,standard,True,AG05
U180037,18,2,34.1,1BR,standard,False,AG01
U180038,18,3,25.1,studio,pool,True,AG03
U180039,18,5,29.6,1BR,standard,False,AG04
U180040,18,3,22.2,studio,city,False,AG03
U180041,18,6,23.8,studio,city,True,AG01
U180042,18,6,22.2,studio,city,False,AG06
U180043,18,5,27.4,1BR,standard,True,AG03
U180044,18,5,20.9,studio,city,True,AG04
U180045,18,8,24.9,studio,standard,True,AG05
U180046,18,5,21.9,studio,standard,True,AG02
U180047,18,3,27.4,1BR,city,False,AG04
U180048,18,7,23.3,studio,standard,True,AG06
U180049,18,4,33.0,1BR,standard,False,AG01
U180050,18,3,28.5,1BR,standard,True,AG04
U180051,18,5,22.3,studio,city,True,AG03
U180052,18,4,23.7,studio,standard,True,AG04
U180053,18,4,31.1,1BR,pool,True,AG05
U180054,18,3,31.5,1BR,standard,False,AG04
U180055,18,2,33.4,1BR,standard,True,AG04
U180056,18,8,27.5,1BR,standard,True,AG06
U180057,18,6,23.2,studio,standard,True,AG01
U180058,18,6,43.8,1BR Plus,city,True,AG04
U180059,18,4,26.5,studio,city,True,AG01
U180060,18,1,24.2,studio,city,True,AG02
U180061,18,1,21.9,studio,standard,True,AG06
U180062,18,6,30.8,1BR,standard,True,AG01
U180063,18,2,26.0,studio,standard,False,AG04
U180064,18,7,30.4,1BR,standard,True,AG02
U180065,18,3,26.7,studio,city,False,AG06
U180066,18,6,25.0,studio,standard,True,AG03
U180067,18,7,31.7,1BR,pool,False,AG02
U180068,18,2,26.2,studio,standard,True,AG02
U180069,18,2,37.1,1BR Plus,standard,True,AG05
U180070,18,2,38.3,1BR Plus,city,True,AG01
U180071,18,6,22.4,studio,pool,False,AG04
U180072,18,7,23.5,studio,standard,False,AG06
U180073,18,5,26.5,studio,standard,True,AG05
U180074,18,1,27.6,1BR,standard,True,AG02
U180075,18,4,32.6,1BR,standard,True,AG03
U180076,18,5,20.9,studio,standard,False,AG01
U180077,18,5,23.1,studio,standard,False,AG06
U180078,18,5,24.2,studio,standard,True,AG05
U180079,18,6,23.5,studio,standard,True,AG02
U180080,18,3,35.5,1BR,standard,True,AG01
U180081,18,8,26.5,studio,standard,True,AG02
U180082,18,4,26.9,studio,standard,True,AG05
U180083,18,3,26.7,studio,standard,False,AG01
U180084,18,2,21.4,studio,standard,True,AG06
U180085,18,8,30.8,1BR,standard,False,AG03
U180086,18,3,23.8,studio,city,True,AG01
U180087,18,1,23.5,studio,standard,True,AG04
U180088,18,8,40.0,1BR Plus,standard,True,AG05
U180089,18,4,25.1,studio,pool,True,AG02
U180090,18,5,31.3,1BR,city,True,AG06
U180091,18,2,20.9,studio,standard,True,AG04
U180092,18,4,30.7,1BR,standard,True,AG02
U180093,18,3,46.9,1BR Plus,standard,True,AG03
U180094,18,3,32.2,1BR,standard,False,AG02
U180095,18,6,22.9,studio,standard,False,AG02
U180096,18,3,25.3,studio,standard,True,AG01
U180097,18,1,35.4,1BR,city,True,AG01
U180098,18,6,23.5,studio,standard,False,AG03
U180099,18,4,33.3,1BR,standard,False,AG05
U180100,18,3,23.3,studio,standard,True,AG06
U180101,18,8,23.4,studio,pool,True,AG06
U180102,18,7,25.5,studio,standard,True,AG05
U180103,18,6,25.7,studio,standard,True,AG01
U180104,18,3,26.4,studio,standard,True,AG02
U180105,18,6,30.0,1BR,city,True,AG06
U180106,18,4,22.3,studio,pool,True,AG02
U180107,18,2,35.4,1BR,standard,True,AG02
U180108,18,6,21.3,studio,pool,False,AG06
U180109,18,7,26.6,studio,standard,False,AG04
U180110,18,8,20.8,studio,city,True,AG06
U180111,18,8,28.6,1BR,standard,True,AG06
U180112,18,3,26.8,studio,city,True,AG05
U180113,18,6,21.7,studio,standard,True,AG03
U180114,18,6,23.5,studio,city,False,AG03
U180115,18,2,22.3,studio,city,False,AG04
U180116,18,8,21.9,studio,standard,False,AG04
U180117,18,7,33.1,1BR,standard,False,AG05
U180118,18,4,35.0,1BR,city,True,AG06
U180119,18,5,25.4,studio,city,True,AG03
U180120,18,5,31.6,1BR,standard,False,AG06
U180121,18,7,30.1,1BR,standard,True,AG01
U180122,18,8,24.9,studio,city,True,AG05
U180123,18,4,43.5,1BR Plus,standard,True,AG05
U180124,18,3,21.9,studio,standard,False,AG06
U180125,18,2,20.9,studio,standard,False,AG06
U180126,18,2,23.9,studio,standard,True,AG05
U180127,18,6,26.7,studio,standard,False,AG05
U180128,18,2,23.1,studio,pool,True,AG06
U180129,18,4,26.0,studio,standard,True,AG04
U180130,18,6,27.6,1BR,standard,True,AG04
U180131,18,3,35.2,1BR,city,True,AG06
U180132,18,4,33.0,1BR,standard,True,AG05
U180133,18,7,25.3,studio,standard,True,AG02
U180134,18,4,25.4,studio,city,True,AG02
U180135,18,3,31.7,1BR,city,True,AG01
U180136,18,8,21.7,studio,standard,True,AG06
U180137,18,6,29.0,1BR,pool,True,AG06
U180138,18,3,23.4,studio,pool,True,AG06
U180139,18,1,25.0,studio,standard,True,AG03
U180140,18,1,34.0,1BR,standard,True,AG06
U180141,18,8,44.9,1BR Plus,city,True,AG04
U180142,18,5,25.0,studio,pool,False,AG02
U180143,18,1,22.2,studio,standard,True,AG03
U180144,18,5,32.6,1BR,standard,True,AG05
U180145,18,4,22.7,studio,standard,True,AG04
U180146,18,1,23.9,studio,standard,True,AG06
U180147,18,8,27.7,1BR,standard,True,AG04
U180148,18,3,22.9,studio,city,False,AG05
U180149,18,8,21.4,studio,standard,True,AG01
U180150,18,5,43.9,1BR Plus,standard,True,AG01
U180151,18,4,25.5,studio,pool,True,AG02
U180152,18,1,25.0,studio,pool,True,AG06
U180153,18,2,26.6,studio,standard,True,AG06
U180154,18,6,40.2,1BR Plus,city,True,AG06
U180155,18,5,24.9,studio,standard,False,AG02
U180156,18,2,22.7,studio,standard,False,AG04
U180157,18,8,34.7,1BR,city,True,AG02
U180158,18,5,21.3,studio,standard,True,AG01
U180159,18,3,21.2,studio,city,True,AG04
U180160,18,6,20.6,studio,standard,True,AG03
U180161,18,2,23.6,studio,standard,True,AG06
U180162,18,5,34.0,1BR,standard,False,AG02
U180163,18,2,34.5,1BR,pool,True,AG05
U180164,18,7,21.5,studio,standard,True,AG02
U180165,18,5,30.6,1BR,city,True,AG05
U180166,18,4,33.0,1BR,city,True,AG03
U180167,18,3,46.9,1BR Plus,standard,True,AG06
U180168,18,7,21.8,studio,pool,True,AG04
U180169,18,1,43.6,1BR Plus,standard,True,AG02
U180170,18,6,20.6,studio,standard,True,AG04
U180171,18,3,21.8,studio,pool,True,AG03
U180172,18,1,31.0,1BR,standard,True,AG01
U180173,18,2,29.4,1BR,standard,True,AG02
U180174,18,1,31.0,1BR,standard,True,AG01
U180175,18,6,20.8,studio,city,True,AG06
U180176,18,1,25.3,studio,pool,True,AG04
U180177,18,7,23.6,studio,pool,True,AG05
U180178,18,3,35.0,1BR,standard,True,AG05
U180179,18,7,23.9,studio,city,True,AG01
U180180,18,8,23.6,studio,standard,True,AG04
U180181,18,7,28.6,1BR,city,True,AG05
U180182,18,4,27.5,1BR,standard,True,AG01
U180183,18,7,22.4,studio,city,True,AG01
U180184,18,5,25.4,studio,standard,False,AG02
U180185,18,4,20.8,studio,city,True,AG03
U180186,18,5,24.5,studio,standard,True,AG06
U180187,18,8,30.5,1BR,standard,True,AG03
U180188,18,3,25.3,studio,city,True,AG05
U180189,18,6,26.4,studio,standard,True,AG06
U180190,18,7,33.7,1BR,city,False,AG04
U180191,18,1,29.8,1BR,standard,True,AG06
U180192,18,7,25.6,studio,standard,True,AG02
U180193,18,5,25.3,studio,standard,True,AG03
U180194,18,1,25.9,studio,city,True,AG02
U180195,18,7,26.0,studio,standard,True,AG01
U180196,18,8,24.7,studio,standard,True,AG04
U180197,18,1,32.7,1BR,pool,True,AG06
U180198,18,2,24.9,studio,pool,True,AG06
U180199,18,1,25.7,studio,city,True,AG02
U180200,18,7,28.8,1BR,standard,True,AG04
U180201,18,1,20.6,studio,pool,False,AG03
U180202,18,1,23.1,studio,standard,True,AG01
U180203,18,2,24.7,studio,standard,True,AG06
U180204,18,7,22.2,studio,standard,True,AG02
U180205,18,5,26.4,studio,pool,False,AG01
U180206,18,2,31.1,1BR,city,True,AG03
U180207,18,2,25.7,studio,standard,False,AG05
U180208,18,1,21.2,studio,standard,True,AG03
U180209,18,8,21.8,studio,standard,True,AG01
U180210,18,3,32.0,1BR,standard,True,AG05
U180211,18,4,24.5,studio,city,True,AG02
U180212,18,3,21.4,studio,standard,True,AG06
U180213,18,2,31.0,1BR,city,True,AG05
U180214,18,4,30.2,1BR,standard,True,AG03
U180215,18,6,33.4,1BR,standard,True,AG04
U180216,18,4,42.5,1BR Plus,standard,True,AG03
U180217,18,7,24.4,studio,city,False,AG03
U180218,18,3,24.9,studio,standard,True,AG05
U180219,18,5,26.2,studio,standard,True,AG04
U180220,18,2,29.0,1BR,pool,True,AG04
U180221,18,8,27.7,1BR,city,True,AG03
U180222,18,8,23.6,studio,standard,False,AG05
U180223,18,4,37.4,1BR Plus,standard,True,AG02
U180224,18,7,25.8,studio,standard,True,AG06
U180225,18,6,46.7,1BR Plus,city,True,AG02
U180226,18,4,24.4,studio,standard,True,AG03
U180227,18,8,26.8,studio,pool,True,AG05
U180228,18,2,23.4,studio,standard,True,AG04
U180229,18,4,21.3,studio,standard,True,AG02
U180230,18,3,24.2,studio,pool,True,AG01
U180231,18,5,45.5,1BR Plus,standard,True,AG03
U180232,18,7,24.7,studio,standard,True,AG05
U180233,18,2,24.9,studio,city,True,AG03
U180234,18,7,21.6,studio,standard,True,AG01
U180235,18,4,23.2,studio,standard,False,AG01
U180236,18,4,44.1,1BR Plus,standard,True,AG06
U180237,18,4,24.4,studio,standard,True,AG05
U180238,18,8,24.2,studio,standard,True,AG06
U180239,18,6,24.4,studio,standard,True,AG03
U180240,18,5,31.0,1BR,city,True,AG01
U180241,18,7,31.0,1BR,pool,False,AG05
U180242,18,1,30.5,1BR,standard,True,AG01
U180243,18,8,24.3,studio,pool,False,AG06
U180244,18,3,25.8,studio,standard,True,AG01
U180245,18,6,28.9,1BR,standard,True,AG01
U180246,18,3,32.9,1BR,standard,True,AG03
U180247,18,2,33.7,1BR,standard,True,AG04
U180248,18,5,32.2,1BR,standard,False,AG06
U180249,18,1,27.1,1BR,standard,True,AG06
U180250,18,7,32.1,1BR,standard,False,AG01
U180251,18,4,32.1,1BR,standard,True,AG05
U180252,18,8,26.6,studio,city,True,AG01
U180253,18,2,25.7,studio,standard,True,AG01
U180254,18,6,41.5,1BR Plus,standard,False,AG03
U180255,18,6,30.5,1BR,standard,True,AG02
U180256,18,2,35.2,1BR,city,True,AG01
U180257,18,2,47.1,1BR Plus,standard,True,AG04
U180258,18,6,26.6,studio,standard,True,AG02
U180259,18,8,21.5,studio,pool,True,AG06
U180260,18,5,20.8,studio,city,True,AG04
U180261,18,7,24.8,studio,city,False,AG03
U180262,18,1,23.2,studio,city,True,AG01
U180263,18,3,25.6,studio,pool,True,AG05
U180264,18,5,22.9,studio,standard,True,AG04
U180265,18,4,25.1,studio,city,True,AG03
U180266,18,2,25.4,studio,pool,False,AG03
U180267,18,3,25.6,studio,standard,True,AG06
U180268,18,7,22.4,studio,standard,False,AG01
U180269,18,2,21.1,studio,city,True,AG01
U180270,18,6,26.2,studio,pool,True,AG06
U180271,18,4,44.1,1BR Plus,standard,True,AG03
U180272,18,3,26.9,studio,standard,False,AG01
U180273,18,2,29.4,1BR,standard,False,AG06
U180274,18,4,22.9,studio,standard,True,AG01
U180275,18,5,25.5,studio,city,True,AG05
U180276,18,7,23.3,studio,standard,True,AG03
U180277,18,8,41.6,1BR Plus,city,True,AG05
U180278,18,1,29.9,1BR,city,True,AG06
U180279,18,6,25.1,studio,standard,True,AG03
U180280,18,2,21.0,studio,standard,True,AG04
U180281,18,7,21.0,studio,standard,True,AG03
U180282,18,4,21.3,studio,standard,True,AG04
U180283,18,1,26.3,studio,city,True,AG01
U180284,18,7,21.7,studio,standard,False,AG04
U180285,18,2,30.3,1BR,city,False,AG02
U180286,18,2,35.1,1BR,pool,True,AG06
U180287,18,3,21.1,studio,standard,True,AG02
U180288,18,3,21.2,studio,standard,False,AG01
U180289,18,2,28.3,1BR,standard,True,AG02
U180290,18,2,30.1,1BR,pool,True,AG01
U180291,18,5,24.1,studio,standard,False,AG02
U180292,18,1,21.5,studio,pool,True,AG05
U180293,18,6,24.3,studio,city,True,AG04
U180294,18,8,40.5,1BR Plus,standard,True,AG02
U180295,18,2,20.9,studio,standard,True,AG02
U180296,18,1,25.8,studio,city,True,AG03
U180297,18,6,46.0,1BR Plus,city,True,AG04
U180298,18,5,42.6,1BR Plus,standard,False,AG06
U180299,18,7,26.4,studio,pool,True,AG05
U180300,18,4,47.0,1BR Plus,pool,True,AG01
U180301,18,1,44.3,1BR Plus,pool,True,AG03
U180302,18,2,35.4,1BR,standard,True,AG05
U180303,18,8,25.5,studio,city,True,AG05
U180304,18,1,26.6,studio,standard,True,AG03
U180305,18,1,21.5,studio,standard,True,AG02
U180306,18,2,32.7,1BR,standard,True,AG06
U180307,18,1,22.5,studio,standard,True,AG04
U180308,18,4,33.5,1BR,standard,True,AG01
U180309,18,2,29.1,1BR,standard,True,AG04
U180310,18,4,24.6,studio,pool,False,AG02
U180311,18,7,28.7,1BR,standard,True,AG06
U180312,18,5,29.7,1BR,city,True,AG03
U180313,18,2,33.3,1BR,city,True,AG04
U180314,18,7,24.0,studio,city,True,AG03
U180315,18,6,34.5,1BR,standard,True,AG03
U180316,18,4,37.7,1BR Plus,standard,False,AG03
U180317,18,2,34.3,1BR,standard,True,AG03
U180318,18,8,22.4,studio,standard,False,AG01
U180319,18,1,26.6,studio,standard,True,AG02
U180320,18,1,29.3,1BR,standard,True,AG04
U180321,18,2,22.9,studio,standard,True,AG01
U180322,18,4,33.7,1BR,city,True,AG04
U180323,18,5,32.0,1BR,city,True,AG06
U180324,18,1,23.5,studio,pool,True,AG06
U180325,18,2,22.0,studio,standard,True,AG03
U180326,18,3,25.4,studio,standard,True,AG04
U180327,18,1,28.8,1BR,standard,True,AG04
U180328,18,3,24.4,studio,city,True,AG05
U180329,18,7,27.0,1BR,standard,False,AG01
U180330,18,8,23.5,studio,city,True,AG02
U180331,18,8,26.4,studio,standard,True,AG06
U180332,18,2,31.1,1BR,standard,True,AG04
U180333,18,8,25.7,studio,standard,True,AG05
U180334,18,1,24.0,studio,standard,True,AG03
U180335,18,1,26.5,studio,standard,True,AG04
U180336,18,5,25.9,studio,city,True,AG04
U180337,18,7,22.1,studio,city,True,AG06
U180338,18,2,29.6,1BR,standard,True,AG03
U180339,18,7,46.8,1BR Plus,standard,True,AG04
U180340,18,7,34.2,1BR,standard,True,AG05
U180341,18,3,27.2,1BR,standard,False,AG03
U180342,18,5,30.9,1BR,standard,True,AG06
U180343,18,3,25.3,studio,standard,True,AG03
U180344,18,1,23.8,studio,standard,True,AG02
U180345,18,2,35.5,1BR,standard,True,AG01
U180346,18,7,23.9,studio,standard,False,AG03
U180347,18,1,25.1,studio,city,True,AG06
U180348,18,2,23.8,studio,standard,True,AG05
U180349,18,1,22.5,studio,standard,True,AG01
U180350,18,4,27.4,1BR,standard,True,AG04
U180351,18,7,23.3,studio,standard,True,AG04
U180352,18,5,24.7,studio,standard,True,AG05
U180353,18,3,20.9,studio,city,True,AG05
U180354,18,7,33.6,1BR,standard,True,AG02
U180355,18,6,25.1,studio,standard,True,AG01
U180356,18,6,27.1,1BR,standard,True,AG03
U180357,18,7,27.9,1BR,standard,True,AG01
U180358,18,2,23.4,studio,pool,True,AG02
U180359,18,2,23.5,studio,city,False,AG03
U180360,18,6,24.7,studio,standard,True,AG06
U180361,18,1,35.5,1BR,city,True,AG01
U180362,18,6,24.6,studio,city,False,AG01
U180363,18,3,31.9,1BR,standard,True,AG02
U180364,18,5,26.7,studio,city,False,AG06
U180365,18,8,32.5,1BR,standard,False,AG02
U180366,18,1,32.8,1BR,standard,True,AG03
U180367,18,5,33.4,1BR,pool,False,AG05
U180368,18,2,23.3,studio,standard,True,AG05
U180369,18,3,25.6,studio,standard,True,AG04
U180370,18,6,22.5,studio,city,True,AG06
U180371,18,5,29.6,1BR,standard,True,AG05
U180372,18,1,23.3,studio,pool,True,AG02
U180373,18,7,21.5,studio,standard,True,AG03
U180374,18,5,37.0,1BR Plus,pool,False,AG04
U180375,18,7,23.9,studio,standard,False,AG06
U180376,18,6,25.6,studio,pool,True,AG04
U180377,18,7,31.0,1BR,city,True,AG01
U180378,18,5,33.4,1BR,standard,True,AG04
U180379,18,7,25.4,studio,standard,True,AG02
U180380,18,1,42.2,1BR Plus,pool,True,AG01
U180381,18,6,27.2,1BR,pool,True,AG05
U180382,18,1,28.8,1BR,standard,True,AG02
U180383,18,3,26.3,studio,standard,False,AG02
U180384,18,1,23.0,studio,standard,True,AG01
U180385,18,8,29.7,1BR,city,True,AG03
U180386,18,8,35.4,1BR,city,True,AG05
U180387,18,4,26.8,studio,standard,True,AG06
U180388,18,7,22.7,studio,pool,True,AG05
U180389,18,1,27.6,1BR,city,True,AG06
U180390,18,7,22.8,studio,city,True,AG03
U180391,18,2,23.9,studio,pool,False,AG04
U180392,18,4,41.5,1BR Plus,city,True,AG06
U180393,18,3,30.6,1BR,standard,True,AG03
U180394,18,5,22.3,studio,pool,False,AG06
U180395,18,3,40.5,1BR Plus,city,True,AG01
U180396,18,8,38.6,1BR Plus,standard,True,AG02
U180397,18,6,23.5,studio,city,False,AG01
U180398,18,8,25.7,studio,standard,True,AG03
U180399,18,2,28.9,1BR,standard,True,AG02
U180400,18,4,29.6,1BR,standard,True,AG03
U180401,18,7,23.5,studio,standard,False,AG04
U180402,18,8,26.6,studio,standard,True,AG01
U180403,18,4,26.3,studio,city,True,AG03
U180404,18,2,33.0,1BR,standard,False,AG01
U180405,18,6,42.8,1BR Plus,city,True,AG03
U180406,18,1,42.1,1BR Plus,standard,True,AG06
U180407,18,7,30.7,1BR,standard,False,AG02
U180408,18,5,26.0,studio,standard,True,AG01
U180409,18,8,27.2,1BR,standard,True,AG03
U180410,18,3,23.3,studio,standard,False,AG06
U180411,18,7,32.7,1BR,standard,False,AG06
U180412,18,2,24.8,studio,city,True,AG01
U180413,18,2,23.4,studio,standard,True,AG01
U180414,18,3,29.0,1BR,city,True,AG04
U180415,18,7,23.6,studio,city,True,AG06
U180416,18,7,22.6,studio,city,True,AG06
U180417,18,4,20.9,studio,pool,True,AG01
U180418,18,2,24.5,studio,pool,True,AG05
U180419,18,7,25.9,studio,standard,False,AG04
U180420,18,5,23.3,studio,standard,True,AG06
U180421,18,8,21.8,studio,standard,True,AG03
U180422,18,3,29.4,1BR,standard,True,AG04
U180423,18,5,34.2,1BR,city,False,AG05
U180424,18,3,26.9,studio,city,True,AG05
U180425,18,6,32.9,1BR,city,False,AG05
U180426,18,5,28.3,1BR,pool,True,AG05
U180427,18,1,28.5,1BR,city,True,AG05
U180428,18,2,21.6,studio,standard,True,AG04
U180429,18,3,45.4,1BR Plus,standard,True,AG02
U180430,18,3,22.7,studio,city,True,AG06
U180431,18,4,30.0,1BR,standard,False,AG05
U180432,18,6,23.1,studio,standard,True,AG06
U180433,18,2,23.0,studio,standard,True,AG06
U180434,18,8,33.0,1BR,city,True,AG01
U180435,18,1,22.3,studio,pool,True,AG02
U180436,18,6,44.3,1BR Plus,standard,True,AG05
U180437,18,3,22.9,studio,standard,False,AG05
U180438,18,3,26.1,studio,standard,True,AG04
U180439,18,1,31.2,1BR,standard,False,AG04
U180440,18,8,24.8,studio,city,True,AG04
U180441,18,3,30.8,1BR,standard,True,AG04
U180442,18,2,26.9,studio,city,True,AG01
U180443,18,4,35.2,1BR,standard,True,AG03
U180444,18,1,31.5,1BR,standard,True,AG03
U180445,18,1,21.5,studio,standard,True,AG01
U180446,18,5,33.5,1BR,standard,True,AG02
U180447,18,8,28.6,1BR,standard,False,AG05
U180448,18,3,24.6,studio,pool,True,AG03
U180449,18,7,31.4,1BR,standard,True,AG04
U180450,18,8,46.9,1BR Plus,pool,True,AG04
U180451,18,7,23.6,studio,standard,True,AG01
U180452,18,1,37.6,1BR Plus,standard,False,AG05
U180453,18,1,24.2,studio,standard,True,AG02
U180454,18,1,39.9,1BR Plus,city,True,AG03
U180455,18,2,42.7,1BR Plus,pool,True,AG04
U180456,18,2,26.9,studio,standard,True,AG02
U180457,18,1,25.5,studio,standard,True,AG03
U180458,18,8,21.7,studio,standard,True,AG06
U180459,18,5,21.9,studio,standard,True,AG05
U180460,18,2,31.4,1BR,standard,True,AG05
U180461,18,6,26.9,studio,pool,True,AG04
U180462,18,1,26.2,studio,standard,True,AG01
U180463,18,3,35.5,1BR,pool,True,AG04
U180464,18,2,24.2,studio,standard,True,AG01
U180465,18,5,22.5,studio,city,True,AG03
U180466,18,4,32.6,1BR,city,True,AG03
U180467,18,2,21.2,studio,standard,True,AG02
U180468,18,8,26.9,studio,city,True,AG02
U180469,18,3,30.2,1BR,city,True,AG04
U180470,18,8,33.3,1BR,pool,True,AG04
U180471,18,5,22.7,studio,standard,True,AG03
U180472,18,7,32.8,1BR,standard,False,AG06
U180473,18,1,20.7,studio,city,True,AG04
U180474,18,2,27.2,1BR,standard,True,AG04
U180475,18,7,24.1,studio,standard,True,AG06
U180476,18,4,25.5,studio,standard,True,AG04
U180477,18,5,25.0,studio,standard,True,AG06
U180478,18,5,30.6,1BR,city,True,AG03
U180479,18,1,23.3,studio,standard,False,AG04
U180480,18,6,33.8,1BR,city,True,AG02
U180481,18,7,34.1,1BR,pool,False,AG05
U180482,18,3,20.8,studio,standard,True,AG04
U180483,18,8,32.6,1BR,city,True,AG04
U180484,18,6,26.6,studio,standard,True,AG03
U180485,18,1,23.0,studio,standard,True,AG04
U180486,18,6,25.7,studio,city,True,AG01
U180487,18,1,24.0,studio,pool,True,AG06
U180488,18,5,34.3,1BR,city,True,AG01
U180489,18,8,31.4,1BR,standard,True,AG05
U180490,18,7,24.2,studio,city,False,AG01
U180491,18,1,31.3,1BR,standard,False,AG01
U180492,18,5,34.5,1BR,standard,True,AG05
U180493,18,2,34.4,1BR,pool,True,AG03
U180494,18,7,23.1,studio,city,True,AG03
U180495,18,5,31.1,1BR,standard,True,AG03
U180496,18,5,24.3,studio,standard,True,AG03
U180497,18,4,47.1,1BR Plus,standard,True,AG06
U180498,18,1,46.8,1BR Plus,pool,True,AG01
U180499,18,2,33.6,1BR,standard,True,AG01
U180500,18,7,31.3,1BR,standard,True,AG06
U180501,18,1,26.2,studio,standard,True,AG04
U180502,18,7,32.1,1BR,city,True,AG02
U180503,18,3,21.9,studio,city,True,AG03
U180504,18,1,31.8,1BR,standard,True,AG06
U180505,18,3,30.1,1BR,standard,False,AG04
U180506,18,4,24.1,studio,city,True,AG04
U180507,18,6,22.2,studio,standard,True,AG04
U180508,18,1,25.1,studio,standard,True,AG05
U180509,18,1,31.6,1BR,standard,True,AG04
U180510,18,6,25.7,studio,standard,True,AG02
U180511,18,5,21.8,studio,standard,True,AG01
