week,date,project_id,season,n_searchers,n_listings_open,n_units_leased,occupancy,median_asking_rent
0,2023-01-03,0,normal,21,101,488,0.8285229202037352,10010.0
0,2023-01-03,1,normal,39,166,907,0.8452935694315005,10480.0
0,2023-01-03,2,normal,36,180,893,0.8322460391425909,10965.0
0,2023-01-03,3,normal,55,285,1485,0.8389830508474576,11110.0
0,2023-01-03,4,normal,40,155,928,0.8568790397045245,11260.0
0,2023-01-03,5,normal,39,161,855,0.8415354330708661,10570.0
0,2023-01-03,6,normal,43,198,1080,0.8450704225352113,10805.0
0,2023-01-03,14,normal,23,81,507,0.8622448979591837,10330.0
1,2023-01-10,0,normal,22,101,488,0.8285229202037352,10050.0
1,2023-01-10,1,normal,26,157,916,0.8536812674743709,10590.0
1,2023-01-10,2,normal,36,171,902,0.8406337371854613,10890.0
1,2023-01-10,3,normal,63,251,1519,0.8581920903954803,11380.0
1,2023-01-10,4,normal,53,141,942,0.8698060941828255,11980.0
1,2023-01-10,5,normal,43,141,875,0.8612204724409449,10580.0
1,2023-01-10,6,normal,66,170,1108,0.86697965571205,10940.0
1,2023-01-10,14,normal,25,76,512,0.8707482993197279,10625.0
2,2023-01-17,0,normal,17,99,490,0.831918505942275,10060.0
2,2023-01-17,1,normal,44,142,931,0.8676607642124884,10715.0
2,2023-01-17,2,normal,43,155,918,0.8555452003727866,11030.0
2,2023-01-17,3,normal,70,213,1557,0.8796610169491526,11780.0
2,2023-01-17,4,normal,38,125,958,0.8845798707294552,12070.0
2,2023-01-17,5,normal,50,124,892,0.8779527559055118,10580.0
2,2023-01-17,6,normal,51,151,1127,0.8818466353677621,11080.0
2,2023-01-17,14,normal,22,73,515,0.8758503401360545,10930.0
3,2023-01-24,0,normal,20,94,495,0.8404074702886248,10135.0
3,2023-01-24,1,normal,36,131,942,0.8779123951537745,11000.0
3,2023-01-24,2,normal,23,157,916,0.8536812674743709,11030.0
3,2023-01-24,3,normal,62,192,1578,0.8915254237288136,12080.0
3,2023-01-24,4,normal,40,115,968,0.8938134810710988,12080.0
3,2023-01-24,5,normal,54,99,917,0.9025590551181102,10710.0
3,2023-01-24,6,normal,73,125,1153,0.902190923317684,11080.0
3,2023-01-24,14,normal,31,66,522,0.8877551020408163,10615.0
4,2023-01-31,0,normal,20,91,498,0.8455008488964346,9930.0
4,2023-01-31,1,normal,38,119,954,0.8890959925442684,10790.0
4,2023-01-31,2,normal,50,136,937,0.8732525629077353,10670.0
4,2023-01-31,3,normal,57,168,1602,0.905084745762712,11750.0
4,2023-01-31,4,normal,50,101,982,0.9067405355493998,11660.0
4,2023-01-31,5,normal,46,88,928,0.9133858267716536,10355.0
4,2023-01-31,6,normal,57,106,1172,0.917057902973396,10875.0
4,2023-01-31,14,normal,14,73,515,0.8758503401360545,10060.0
5,2023-02-07,0,off,10,92,497,0.8438030560271647,9985.0
5,2023-02-07,1,off,12,128,945,0.880708294501398,10790.0
5,2023-02-07,2,off,28,139,934,0.8704566635601119,10590.0
5,2023-02-07,3,off,29,175,1595,0.9011299435028248,11740.0
5,2023-02-07,4,off,18,104,979,0.9039704524469068,11520.0
5,2023-02-07,5,off,18,90,926,0.9114173228346456,10200.0
5,2023-02-07,6,off,31,106,1172,0.917057902973396,10975.0
5,2023-02-07,14,off,12,75,513,0.8724489795918368,10060.0
6,2023-02-14,0,off,9,93,496,0.8421052631578947,9770.0
6,2023-02-14,1,off,14,130,943,0.8788443616029823,10815.0
6,2023-02-14,2,off,19,132,941,0.8769804287045666,10610.0
6,2023-02-14,3,off,31,179,1591,0.8988700564971751,11680.0
6,2023-02-14,4,off,19,103,980,0.9048938134810712,11480.0
6,2023-02-14,5,off,14,89,927,0.9124015748031497,10330.0
6,2023-02-14,6,off,24,102,1176,0.92018779342723,10650.0
6,2023-02-14,14,off,10,78,510,0.8673469387755102,10055.0
7,2023-02-21,0,off,6,98,491,0.833616298811545,9720.0
7,2023-02-21,1,off,11,139,934,0.8704566635601119,10830.0
7,2023-02-21,2,off,16,135,938,0.8741845293569431,10630.0
7,2023-02-21,3,off,38,172,1598,0.9028248587570622,11740.0
7,2023-02-21,4,off,16,100,983,0.9076638965835642,11475.0
7,2023-02-21,5,off,14,95,921,0.906496062992126,10390.0
7,2023-02-21,6,off,22,102,1176,0.92018779342723,10650.0
7,2023-02-21,14,off,7,80,508,0.8639455782312925,10055.0
8,2023-02-28,0,off,7,102,487,0.8268251273344652,9480.0
8,2023-02-28,1,off,24,135,938,0.8741845293569431,10720.0
8,2023-02-28,2,off,12,136,937,0.8732525629077353,10275.0
8,2023-02-28,3,off,25,170,1600,0.903954802259887,11470.0
8,2023-02-28,4,off,16,104,979,0.9039704524469068,11020.0
8,2023-02-28,5,off,23,96,920,0.905511811023622,10240.0
8,2023-02-28,6,off,18,106,1172,0.917057902973396,10625.0
8,2023-02-28,14,off,13,79,509,0.8656462585034014,9610.0
9,2023-03-07,0,off,8,102,487,0.8268251273344652,9550.0
9,2023-03-07,1,off,13,142,931,0.8676607642124884,10720.0
9,2023-03-07,2,off,23,129,944,0.8797763280521901,10570.0
9,2023-03-07,3,off,27,165,1605,0.9067796610169492,11480.0
9,2023-03-07,4,off,16,110,973,0.8984302862419206,11085.0
9,2023-03-07,5,off,20,96,920,0.905511811023622,9870.0
9,2023-03-07,6,off,23,105,1173,0.9178403755868544,10730.0
9,2023-03-07,14,off,9,83,505,0.858843537414966,9610.0
10,2023-03-14,0,off,12,102,487,0.8268251273344652,9605.0
10,2023-03-14,1,off,14,141,932,0.8685927306616962,10630.0
10,2023-03-14,2,off,16,137,936,0.8723205964585274,10510.0
10,2023-03-14,3,off,31,164,1606,0.9073446327683616,11515.0
10,2023-03-14,4,off,18,105,978,0.9030470914127424,11180.0
10,2023-03-14,5,off,10,104,912,0.8976377952755905,10240.0
10,2023-03-14,6,off,28,102,1176,0.92018779342723,10725.0
10,2023-03-14,14,off,13,84,504,0.8571428571428571,9770.0
11,2023-03-21,0,off,7,104,485,0.8234295415959253,9550.0
11,2023-03-21,1,off,17,144,929,0.8657968313140727,10560.0
11,2023-03-21,2,off,17,139,934,0.8704566635601119,10560.0
11,2023-03-21,3,off,26,161,1609,0.9090395480225988,11550.0
11,2023-03-21,4,off,13,101,982,0.9067405355493998,11180.0
11,2023-03-21,5,off,13,104,912,0.8976377952755905,10240.0
11,2023-03-21,6,off,20,102,1176,0.92018779342723,10700.0
11,2023-03-21,14,off,8,86,502,0.8537414965986394,9735.0
12,2023-03-28,0,off,10,107,482,0.8183361629881154,9430.0
12,2023-03-28,1,off,5,149,924,0.8611369990680335,10500.0
12,2023-03-28,2,off,19,143,930,0.8667287977632805,10520.0
12,2023-03-28,3,off,24,169,1601,0.9045197740112996,11550.0
12,2023-03-28,4,off,20,98,985,0.9095106186518928,11365.0
12,2023-03-28,5,off,14,97,919,0.904527559055118,10040.0
12,2023-03-28,6,off,19,101,1177,0.9209702660406884,10490.0
12,2023-03-28,14,off,8,87,501,0.8520408163265306,9760.0
13,2023-04-04,0,off,13,102,487,0.8268251273344652,9695.0
13,2023-04-04,1,off,15,152,921,0.8583410997204101,10330.0
13,2023-04-04,2,off,18,137,936,0.8723205964585274,10570.0
13,2023-04-04,3,off,19,171,1599,0.9033898305084744,11480.0
13,2023-04-04,4,off,19,101,982,0.9067405355493998,11340.0
13,2023-04-04,5,off,13,97,919,0.904527559055118,10060.0
13,2023-04-04,6,off,33,101,1177,0.9209702660406884,10740.0
13,2023-04-04,14,off,9,83,505,0.858843537414966,9840.0
14,2023-04-11,0,off,12,102,487,0.8268251273344652,9405.0
14,2023-04-11,1,off,10,158,915,0.8527493010251631,10065.0
14,2023-04-11,2,off,13,145,928,0.8648648648648649,10140.0
14,2023-04-11,3,off,21,177,1593,0.9,11080.0
14,2023-04-11,4,off,19,103,980,0.9048938134810712,10930.0
14,2023-04-11,5,off,26,96,920,0.905511811023622,10135.0
14,2023-04-11,6,off,26,92,1186,0.9280125195618152,10425.0
14,2023-04-11,14,off,7,86,502,0.8537414965986394,9680.0
15,2023-04-18,0,off,8,108,481,0.8166383701188455,9315.0
15,2023-04-18,1,off,8,170,903,0.8415657036346692,10020.0
15,2023-04-18,2,off,13,155,918,0.8555452003727866,10030.0
15,2023-04-18,3,off,35,163,1607,0.907909604519774,10990.0
15,2023-04-18,4,off,16,104,979,0.9039704524469068,10935.0
15,2023-04-18,5,off,19,98,918,0.903543307086614,10135.0
15,2023-04-18,6,off,26,95,1183,0.9256651017214398,10450.0
15,2023-04-18,14,off,10,87,501,0.8520408163265306,9480.0
16,2023-04-25,0,off,11,107,482,0.8183361629881154,9400.0
16,2023-04-25,1,off,15,171,902,0.8406337371854613,9950.0
16,2023-04-25,2,off,14,158,915,0.8527493010251631,10050.0
16,2023-04-25,3,off,26,161,1609,0.9090395480225988,10960.0
16,2023-04-25,4,off,13,104,979,0.9039704524469068,10935.0
16,2023-04-25,5,off,19,102,914,0.8996062992125984,10095.0
16,2023-04-25,6,off,26,97,1181,0.9241001564945228,10400.0
16,2023-04-25,14,off,14,83,505,0.858843537414966,9490.0
17,2023-05-02,0,off,7,109,480,0.8149405772495756,9250.0
17,2023-05-02,1,off,22,173,900,0.8387698042870456,9950.0
17,2023-05-02,2,off,15,155,918,0.8555452003727866,10100.0
17,2023-05-02,3,off,23,163,1607,0.907909604519774,10970.0
17,2023-05-02,4,off,16,102,981,0.9058171745152356,10755.0
17,2023-05-02,5,off,25,97,919,0.904527559055118,10350.0
17,2023-05-02,6,off,22,96,1182,0.9248826291079812,10390.0
17,2023-05-02,14,off,10,87,501,0.8520408163265306,9670.0
18,2023-05-09,0,peak,62,90,499,0.8471986417657046,9405.0
18,2023-05-09,1,peak,136,100,973,0.9068033550792172,10160.0
18,2023-05-09,2,peak,119,97,976,0.9095992544268406,10110.0
18,2023-05-09,3,peak,188,78,1692,0.9559322033898304,11320.0
18,2023-05-09,4,peak,147,55,1028,0.9492151431209604,11290.0
18,2023-05-09,5,peak,148,50,966,0.9507874015748032,10240.0
18,2023-05-09,6,peak,178,55,1223,0.956964006259781,10430.0
18,2023-05-09,14,peak,65,67,521,0.8860544217687075,10230.0
19,2023-05-16,0,peak,66,72,517,0.8777589134125636,9520.0
19,2023-05-16,1,peak,118,60,1013,0.9440820130475304,10600.0
19,2023-05-16,2,peak,110,68,1005,0.9366262814538676,10245.0
19,2023-05-16,3,peak,200,32,1738,0.9819209039548022,10410.0
19,2023-05-16,4,peak,129,32,1051,0.9704524469067404,11455.0
19,2023-05-16,5,peak,122,33,983,0.96751968503937,10470.0
19,2023-05-16,6,peak,172,29,1249,0.9773082942097028,11100.0
19,2023-05-16,14,peak,67,47,541,0.9200680272108844,10230.0
20,2023-05-23,0,peak,55,59,530,0.8998302207130731,9570.0
20,2023-05-23,1,peak,111,40,1033,0.9627213420316868,10980.0
20,2023-05-23,2,peak,103,45,1028,0.9580615097856476,10270.0
20,2023-05-23,3,peak,214,19,1751,0.989265536723164,10450.0
20,2023-05-23,4,peak,105,24,1059,0.9778393351800554,11790.0
20,2023-05-23,5,peak,158,19,997,0.9812992125984252,10470.0
20,2023-05-23,6,peak,184,19,1259,0.985133020344288,12120.0
20,2023-05-23,14,peak,82,32,556,0.9455782312925172,10525.0
21,2023-05-30,0,peak,61,51,538,0.9134125636672326,9810.0
21,2023-05-30,1,peak,121,28,1045,0.9739049394221808,11755.0
21,2023-05-30,2,peak,140,31,1042,0.9711090400745572,9700.0
21,2023-05-30,3,peak,209,10,1760,0.9943502824858758,10745.0
21,2023-05-30,4,peak,132,21,1062,0.9806094182825484,11970.0
21,2023-05-30,5,peak,132,14,1002,0.9862204724409448,10300.0
21,2023-05-30,6,peak,186,11,1267,0.9913928012519562,11800.0
21,2023-05-30,14,peak,65,23,565,0.9608843537414966,11000.0
22,2023-06-06,0,peak,58,39,550,0.933786078098472,9610.0
22,2023-06-06,1,peak,134,16,1057,0.9850885368126748,11400.0
22,2023-06-06,2,peak,118,25,1048,0.9767008387698044,10070.0
22,2023-06-06,3,peak,186,5,1765,0.9971751412429378,12280.0
22,2023-06-06,4,peak,109,12,1071,0.9889196675900276,12060.0
22,2023-06-06,5,peak,160,10,1006,0.9901574803149606,11075.0
22,2023-06-06,6,peak,167,9,1269,0.9929577464788732,11800.0
22,2023-06-06,14,peak,71,21,567,0.9642857142857144,11000.0
23,2023-06-13,0,peak,57,33,556,0.9439728353140916,10130.0
23,2023-06-13,1,peak,106,19,1054,0.9822926374650512,12420.0
23,2023-06-13,2,peak,136,20,1053,0.9813606710158436,10620.0
23,2023-06-13,3,peak,175,7,1763,0.996045197740113,12650.0
23,2023-06-13,4,peak,122,7,1076,0.9935364727608494,13780.0
23,2023-06-13,5,peak,172,8,1008,0.9921259842519684,10800.0
23,2023-06-13,6,peak,197,5,1273,0.9960876369327074,12040.0
23,2023-06-13,14,peak,68,18,570,0.9693877551020408,10890.0
24,2023-06-20,0,peak,58,33,556,0.9439728353140916,10560.0
24,2023-06-20,1,peak,136,11,1062,0.989748369058714,12970.0
24,2023-06-20,2,peak,141,15,1058,0.9860205032618826,10960.0
24,2023-06-20,3,peak,207,6,1764,0.9966101694915256,13075.0
24,2023-06-20,4,peak,113,11,1072,0.989843028624192,14060.0
24,2023-06-20,5,peak,132,7,1009,0.9931102362204725,11290.0
24,2023-06-20,6,peak,197,6,1272,0.9953051643192488,11625.0
24,2023-06-20,14,peak,66,19,569,0.967687074829932,11180.0
25,2023-06-27,0,peak,72,33,556,0.9439728353140916,10540.0
25,2023-06-27,1,peak,107,15,1058,0.9860205032618826,12420.0
25,2023-06-27,2,peak,130,10,1063,0.9906803355079216,11015.0
25,2023-06-27,3,peak,214,8,1762,0.9954802259887006,12795.0
25,2023-06-27,4,peak,121,11,1072,0.989843028624192,12390.0
25,2023-06-27,5,peak,133,12,1004,0.9881889763779528,12265.0
25,2023-06-27,6,peak,189,15,1263,0.988262910798122,12240.0
25,2023-06-27,14,peak,54,17,571,0.9710884353741496,11630.0
26,2023-07-04,0,peak,74,35,554,0.9405772495755518,11030.0
26,2023-07-04,1,peak,111,11,1062,0.989748369058714,12960.0
26,2023-07-04,2,peak,120,15,1058,0.9860205032618826,11180.0
26,2023-07-04,3,peak,203,5,1765,0.9971751412429378,12980.0
26,2023-07-04,4,peak,118,12,1071,0.9889196675900276,13060.0
26,2023-07-04,5,peak,145,10,1006,0.9901574803149606,11005.0
26,2023-07-04,6,peak,168,11,1267,0.9913928012519562,13680.0
26,2023-07-04,14,peak,71,16,572,0.9727891156462584,12420.0
27,2023-07-11,0,peak,63,34,555,0.9422750424448216,11390.0
27,2023-07-11,1,peak,118,18,1055,0.983224603914259,11530.0
27,2023-07-11,2,peak,141,10,1063,0.9906803355079216,11015.0
27,2023-07-11,3,peak,184,4,1766,0.9977401129943504,13530.0
27,2023-07-11,4,peak,101,13,1070,0.9879963065558632,13360.0
27,2023-07-11,5,peak,149,14,1002,0.9862204724409448,12520.0
27,2023-07-11,6,peak,184,12,1266,0.9906103286384976,13375.0
27,2023-07-11,14,peak,85,18,570,0.9693877551020408,12395.0
28,2023-07-18,0,peak,59,30,559,0.9490662139219016,11590.0
28,2023-07-18,1,peak,132,14,1059,0.9869524697110904,11495.0
28,2023-07-18,2,peak,114,12,1061,0.988816402609506,11225.0
28,2023-07-18,3,peak,185,6,1764,0.9966101694915256,15730.0
28,2023-07-18,4,peak,117,11,1072,0.989843028624192,14670.0
28,2023-07-18,5,peak,173,13,1003,0.9872047244094488,13140.0
28,2023-07-18,6,peak,180,14,1264,0.9890453834115804,12730.0
28,2023-07-18,14,peak,76,17,571,0.9710884353741496,12400.0
29,2023-07-25,0,peak,59,27,562,0.9541595925297114,11080.0
29,2023-07-25,1,peak,142,9,1064,0.9916123019571296,11480.0
29,2023-07-25,2,peak,122,8,1065,0.9925442684063374,11245.0
29,2023-07-25,3,peak,186,8,1762,0.9954802259887006,15330.0
29,2023-07-25,4,peak,116,14,1069,0.987072945521699,13790.0
29,2023-07-25,5,peak,160,10,1006,0.9901574803149606,12205.0
29,2023-07-25,6,peak,196,7,1271,0.9945226917057904,13930.0
29,2023-07-25,14,peak,76,17,571,0.9710884353741496,12400.0
30,2023-08-01,0,peak,68,30,559,0.9490662139219016,11120.0
30,2023-08-01,1,peak,115,14,1059,0.9869524697110904,11475.0
30,2023-08-01,2,peak,141,12,1061,0.988816402609506,12745.0
30,2023-08-01,3,peak,210,6,1764,0.9966101694915256,13910.0
30,2023-08-01,4,peak,137,11,1072,0.989843028624192,12200.0
30,2023-08-01,5,peak,133,11,1005,0.9891732283464568,12490.0
30,2023-08-01,6,peak,178,8,1270,0.9937402190923318,13205.0
30,2023-08-01,14,peak,70,19,569,0.967687074829932,12400.0
31,2023-08-08,0,normal,23,33,556,0.9439728353140916,11160.0
31,2023-08-08,1,normal,45,20,1053,0.9813606710158436,11010.0
31,2023-08-08,2,normal,38,19,1054,0.9822926374650512,12070.0
31,2023-08-08,3,normal,81,12,1758,0.9932203389830508,12480.0
31,2023-08-08,4,normal,33,18,1065,0.9833795013850416,12205.0
31,2023-08-08,5,normal,52,15,1001,0.985236220472441,13410.0
31,2023-08-08,6,normal,59,17,1261,0.986697965571205,10870.0
31,2023-08-08,14,normal,25,21,567,0.9642857142857144,11780.0
32,2023-08-15,0,normal,25,33,556,0.9439728353140916,11160.0
32,2023-08-15,1,normal,43,27,1046,0.9748369058713886,11130.0
32,2023-08-15,2,normal,44,30,1043,0.9720410065237652,11340.0
32,2023-08-15,3,normal,73,25,1745,0.9858757062146892,12220.0
32,2023-08-15,4,normal,49,22,1061,0.979686057248384,11250.0
32,2023-08-15,5,normal,42,21,995,0.9793307086614174,11870.0
32,2023-08-15,6,normal,67,20,1258,0.9843505477308294,10640.0
32,2023-08-15,14,normal,15,27,561,0.9540816326530612,11780.0
33,2023-08-22,0,normal,21,41,548,0.930390492359932,11160.0
33,2023-08-22,1,normal,35,35,1038,0.967381174277726,11290.0
33,2023-08-22,2,normal,47,30,1043,0.9720410065237652,10305.0
33,2023-08-22,3,normal,60,30,1740,0.9830508474576272,12095.0
33,2023-08-22,4,normal,36,29,1054,0.9732225300092336,12200.0
33,2023-08-22,5,normal,54,22,994,0.9783464566929134,11505.0
33,2023-08-22,6,normal,52,20,1258,0.9843505477308294,11555.0
33,2023-08-22,14,normal,32,29,559,0.9506802721088436,11680.0
34,2023-08-29,0,normal,22,41,548,0.930390492359932,10800.0
34,2023-08-29,1,normal,30,34,1039,0.968313140726934,10900.0
34,2023-08-29,2,normal,38,31,1042,0.9711090400745572,10840.0
34,2023-08-29,3,normal,54,36,1734,0.9796610169491524,10985.0
34,2023-08-29,4,normal,39,35,1048,0.9676823638042474,12640.0
34,2023-08-29,5,normal,54,23,993,0.9773622047244096,11870.0
34,2023-08-29,6,normal,46,23,1255,0.9820031298904538,12270.0
34,2023-08-29,14,normal,26,35,553,0.9404761904761904,10970.0
35,2023-09-05,0,normal,17,48,541,0.9185059422750425,10555.0
35,2023-09-05,1,normal,32,36,1037,0.9664492078285182,10535.0
35,2023-09-05,2,normal,35,32,1041,0.9701770736253494,11665.0
35,2023-09-05,3,normal,72,36,1734,0.9796610169491524,11695.0
35,2023-09-05,4,normal,51,34,1049,0.9686057248384118,12885.0
35,2023-09-05,5,normal,38,28,988,0.9724409448818898,11880.0
35,2023-09-05,6,normal,48,28,1250,0.9780907668231612,12290.0
35,2023-09-05,14,normal,25,36,552,0.9387755102040816,11035.0
36,2023-09-12,0,normal,17,49,540,0.9168081494057724,10660.0
36,2023-09-12,1,normal,30,45,1028,0.9580615097856476,10380.0
36,2023-09-12,2,normal,49,41,1032,0.961789375582479,11730.0
36,2023-09-12,3,normal,63,46,1724,0.9740112994350284,11725.0
36,2023-09-12,4,normal,57,37,1046,0.9658356417359188,12860.0
36,2023-09-12,5,normal,40,37,979,0.9635826771653544,11260.0
36,2023-09-12,6,normal,65,35,1243,0.9726134585289516,12490.0
36,2023-09-12,14,normal,25,42,546,0.9285714285714286,10925.0
37,2023-09-19,0,normal,33,47,542,0.9202037351443124,10260.0
37,2023-09-19,1,normal,40,44,1029,0.9589934762348556,10350.0
37,2023-09-19,2,normal,46,45,1028,0.9580615097856476,11360.0
37,2023-09-19,3,normal,62,44,1726,0.9751412429378532,11580.0
37,2023-09-19,4,normal,39,38,1045,0.9649122807017544,12610.0
37,2023-09-19,5,normal,50,34,982,0.966535433070866,11875.0
37,2023-09-19,6,normal,50,35,1243,0.9726134585289516,12610.0
37,2023-09-19,14,normal,19,46,542,0.9217687074829932,10925.0
38,2023-09-26,0,normal,21,47,542,0.9202037351443124,10070.0
38,2023-09-26,1,normal,37,48,1025,0.9552656104380244,10360.0
38,2023-09-26,2,normal,44,45,1028,0.9580615097856476,11450.0
38,2023-09-26,3,normal,63,45,1725,0.9745762711864406,11840.0
38,2023-09-26,4,normal,46,45,1038,0.9584487534626038,12280.0
38,2023-09-26,5,normal,45,35,981,0.9655511811023622,11920.0
38,2023-09-26,6,normal,51,40,1238,0.9687010954616588,12210.0
38,2023-09-26,14,normal,18,48,540,0.9183673469387756,11145.0
39,2023-10-03,0,shoulder,49,47,542,0.9202037351443124,10250.0
39,2023-10-03,1,shoulder,70,35,1038,0.967381174277726,10530.0
39,2023-10-03,2,shoulder,63,39,1034,0.9636533084808948,11880.0
39,2023-10-03,3,shoulder,115,41,1729,0.9768361581920904,12150.0
39,2023-10-03,4,shoulder,72,33,1050,0.969529085872576,12580.0
39,2023-10-03,5,shoulder,96,29,987,0.971456692913386,12140.0
39,2023-10-03,6,shoulder,116,27,1251,0.9788732394366196,12460.0
39,2023-10-03,14,shoulder,31,53,535,0.9098639455782312,10540.0
40,2023-10-10,0,shoulder,28,49,540,0.9168081494057724,10260.0
40,2023-10-10,1,shoulder,62,29,1044,0.972972972972973,10630.0
40,2023-10-10,2,shoulder,74,35,1038,0.967381174277726,11640.0
40,2023-10-10,3,shoulder,115,22,1748,0.9875706214689266,13050.0
40,2023-10-10,4,shoulder,63,30,1053,0.9722991689750692,12475.0
40,2023-10-10,5,shoulder,72,28,988,0.9724409448818898,12035.0
40,2023-10-10,6,shoulder,113,32,1246,0.974960876369327,12155.0
40,2023-10-10,14,shoulder,43,50,538,0.9149659863945578,10705.0
41,2023-10-17,0,shoulder,19,51,538,0.9134125636672326,10250.0
41,2023-10-17,1,shoulder,75,30,1043,0.9720410065237652,10635.0
41,2023-10-17,2,shoulder,67,35,1038,0.967381174277726,11200.0
41,2023-10-17,3,shoulder,122,25,1745,0.9858757062146892,13230.0
41,2023-10-17,4,shoulder,70,30,1053,0.9722991689750692,12305.0
41,2023-10-17,5,shoulder,93,27,989,0.9734251968503936,12150.0
41,2023-10-17,6,shoulder,107,30,1248,0.976525821596244,12100.0
41,2023-10-17,14,shoulder,45,49,539,0.9166666666666666,10640.0
42,2023-10-24,0,shoulder,40,51,538,0.9134125636672326,10330.0
42,2023-10-24,1,shoulder,77,41,1032,0.961789375582479,11360.0
42,2023-10-24,2,shoulder,56,45,1028,0.9580615097856476,11780.0
42,2023-10-24,3,shoulder,119,27,1743,0.9847457627118644,13160.0
42,2023-10-24,4,shoulder,64,33,1050,0.969529085872576,12170.0
42,2023-10-24,5,shoulder,71,35,981,0.9655511811023622,11820.0
42,2023-10-24,6,shoulder,111,31,1247,0.9757433489827856,11750.0
42,2023-10-24,14,shoulder,50,45,543,0.923469387755102,10790.0
43,2023-10-31,0,shoulder,53,43,546,0.9269949066213922,10560.0
43,2023-10-31,1,shoulder,72,46,1027,0.9571295433364398,10840.0
43,2023-10-31,2,shoulder,68,48,1025,0.9552656104380244,11795.0
43,2023-10-31,3,shoulder,102,35,1735,0.980225988700565,13340.0
43,2023-10-31,4,shoulder,65,35,1048,0.9676823638042474,12050.0
43,2023-10-31,5,shoulder,71,37,979,0.9635826771653544,11340.0
43,2023-10-31,6,shoulder,94,25,1253,0.9804381846635368,12340.0
43,2023-10-31,14,shoulder,39,45,543,0.923469387755102,10790.0
44,2023-11-07,0,shoulder,35,45,544,0.9235993208828522,10740.0
44,2023-11-07,1,shoulder,60,48,1025,0.9552656104380244,11060.0
44,2023-11-07,2,shoulder,68,49,1024,0.9543336439888164,11290.0
44,2023-11-07,3,shoulder,132,25,1745,0.9858757062146892,12820.0
44,2023-11-07,4,shoulder,79,40,1043,0.9630655586334256,12020.0
44,2023-11-07,5,shoulder,74,40,976,0.9606299212598424,11975.0
44,2023-11-07,6,shoulder,96,26,1252,0.9796557120500784,11900.0
44,2023-11-07,14,shoulder,38,46,542,0.9217687074829932,10505.0
45,2023-11-14,0,shoulder,34,46,543,0.9219015280135824,10730.0
45,2023-11-14,1,shoulder,64,42,1031,0.9608574091332712,11555.0
45,2023-11-14,2,shoulder,70,47,1026,0.956197576887232,11450.0
45,2023-11-14,3,shoulder,142,26,1744,0.9853107344632768,12750.0
45,2023-11-14,4,shoulder,69,36,1047,0.9667590027700832,12110.0
45,2023-11-14,5,shoulder,83,35,981,0.9655511811023622,12130.0
45,2023-11-14,6,shoulder,108,22,1256,0.9827856025039124,12160.0
45,2023-11-14,14,shoulder,40,45,543,0.923469387755102,10690.0
46,2023-11-21,0,shoulder,34,49,540,0.9168081494057724,10740.0
46,2023-11-21,1,shoulder,61,47,1026,0.956197576887232,11950.0
46,2023-11-21,2,shoulder,81,38,1035,0.9645852749301024,11880.0
46,2023-11-21,3,shoulder,102,24,1746,0.9864406779661016,12895.0
46,2023-11-21,4,shoulder,66,37,1046,0.9658356417359188,12360.0
46,2023-11-21,5,shoulder,106,24,992,0.9763779527559056,11885.0
46,2023-11-21,6,shoulder,89,23,1255,0.9820031298904538,12250.0
46,2023-11-21,14,shoulder,46,48,540,0.9183673469387756,10855.0
47,2023-11-28,0,shoulder,48,51,538,0.9134125636672326,11120.0
47,2023-11-28,1,shoulder,82,43,1030,0.9599254426840632,11970.0
47,2023-11-28,2,shoulder,56,40,1033,0.9627213420316868,12275.0
47,2023-11-28,3,shoulder,132,24,1746,0.9864406779661016,13060.0
47,2023-11-28,4,shoulder,75,38,1045,0.9649122807017544,12110.0
47,2023-11-28,5,shoulder,89,26,990,0.9744094488188976,13415.0
47,2023-11-28,6,shoulder,82,28,1250,0.9780907668231612,11955.0
47,2023-11-28,14,shoulder,37,47,541,0.9200680272108844,10920.0
48,2023-12-05,0,normal,21,56,533,0.9049235993208828,10770.0
48,2023-12-05,1,normal,25,62,1011,0.9422180801491148,10995.0
48,2023-12-05,2,normal,39,57,1016,0.9468779123951536,11910.0
48,2023-12-05,3,normal,57,47,1723,0.9734463276836158,11950.0
48,2023-12-05,4,normal,39,47,1036,0.9566020313942752,11740.0
48,2023-12-05,5,normal,58,38,978,0.9625984251968503,11325.0
48,2023-12-05,6,normal,60,40,1238,0.9687010954616588,11450.0
48,2023-12-05,14,normal,32,49,539,0.9166666666666666,11100.0
49,2023-12-12,0,normal,17,61,528,0.8964346349745331,10640.0
49,2023-12-12,1,normal,36,63,1010,0.9412861136999068,11210.0
49,2023-12-12,2,normal,34,73,1000,0.9319664492078286,12200.0
49,2023-12-12,3,normal,81,52,1718,0.9706214689265537,10950.0
49,2023-12-12,4,normal,47,59,1024,0.9455216989843028,11390.0
49,2023-12-12,5,normal,49,52,964,0.9488188976377953,10860.0
49,2023-12-12,6,normal,51,60,1218,0.9530516431924884,11145.0
49,2023-12-12,14,normal,27,56,532,0.9047619047619048,10260.0
50,2023-12-19,0,normal,34,63,526,0.8930390492359932,10260.0
50,2023-12-19,1,normal,38,73,1000,0.9319664492078286,10630.0
50,2023-12-19,2,normal,47,88,985,0.9179869524697112,11810.0
50,2023-12-19,3,normal,64,71,1699,0.9598870056497176,10950.0
50,2023-12-19,4,normal,43,69,1014,0.9362880886426592,10960.0
50,2023-12-19,5,normal,60,55,961,0.9458661417322834,10990.0
50,2023-12-19,6,normal,64,68,1210,0.94679186228482,10915.0
50,2023-12-19,14,normal,19,66,522,0.8877551020408163,10125.0
51,2023-12-26,0,normal,24,72,517,0.8777589134125636,10230.0
51,2023-12-26,1,normal,36,80,993,0.9254426840633736,10900.0
51,2023-12-26,2,normal,30,96,977,0.9105312208760484,11590.0
51,2023-12-26,3,normal,58,86,1684,0.9514124293785312,11715.0
51,2023-12-26,4,normal,44,66,1017,0.9390581717451524,11065.0
51,2023-12-26,5,normal,53,57,959,0.9438976377952756,10800.0
51,2023-12-26,6,normal,60,74,1204,0.9420970266040688,11495.0
51,2023-12-26,14,normal,24,75,513,0.8724489795918368,10140.0
52,2024-01-02,0,normal,19,76,513,0.8709677419354839,10215.0
52,2024-01-02,1,normal,36,80,993,0.9254426840633736,10960.0
52,2024-01-02,2,normal,40,95,978,0.9114631873252564,11370.0
52,2024-01-02,3,normal,57,83,1687,0.9531073446327684,11820.0
52,2024-01-02,4,normal,40,64,1019,0.9409048938134812,11065.0
52,2024-01-02,5,normal,38,59,957,0.9419291338582676,10850.0
52,2024-01-02,6,normal,47,70,1208,0.945226917057903,11205.0
52,2024-01-02,9,normal,19,502,12,0.0233463035019455,10230.0
52,2024-01-02,10,normal,27,585,15,0.025,8100.0
52,2024-01-02,13,normal,8,231,6,0.0253164556962025,10030.0
52,2024-01-02,14,normal,22,76,512,0.8707482993197279,10135.0
52,2024-01-02,15,normal,14,566,13,0.0224525043177892,9825.0
53,2024-01-09,0,normal,21,74,515,0.8743633276740238,10340.0
53,2024-01-09,1,normal,33,76,997,0.9291705498602052,10565.0
53,2024-01-09,2,normal,55,91,982,0.9151910531220876,11370.0
53,2024-01-09,3,normal,69,75,1695,0.9576271186440678,11870.0
53,2024-01-09,4,normal,35,63,1020,0.9418282548476454,10960.0
53,2024-01-09,5,normal,48,54,962,0.9468503937007874,10595.0
53,2024-01-09,6,normal,57,64,1214,0.9499217527386542,12380.0
53,2024-01-09,9,normal,23,485,29,0.056420233463035,10250.0
53,2024-01-09,10,normal,27,574,26,0.0433333333333333,8120.0
53,2024-01-09,13,normal,4,227,10,0.0421940928270042,10030.0
53,2024-01-09,14,normal,23,81,507,0.8622448979591837,10130.0
53,2024-01-09,15,normal,18,551,28,0.0483592400690846,9840.0
54,2024-01-16,0,normal,22,71,518,0.8794567062818336,10260.0
54,2024-01-16,1,normal,43,68,1005,0.9366262814538676,10725.0
54,2024-01-16,2,normal,42,90,983,0.9161230195712954,11395.0
54,2024-01-16,3,normal,61,74,1696,0.9581920903954804,11885.0
54,2024-01-16,4,normal,44,58,1025,0.9464450600184672,10950.0
54,2024-01-16,5,normal,31,57,959,0.9438976377952756,10570.0
54,2024-01-16,6,normal,53,60,1218,0.9530516431924884,12240.0
54,2024-01-16,9,normal,14,473,41,0.0797665369649805,10260.0
54,2024-01-16,10,normal,37,560,40,0.0666666666666666,8130.0
54,2024-01-16,13,normal,12,222,15,0.0632911392405063,10045.0
54,2024-01-16,14,normal,19,81,507,0.8622448979591837,9840.0
54,2024-01-16,15,normal,9,544,35,0.0604490500863557,9835.0
55,2024-01-23,0,normal,17,67,522,0.8862478777589134,10450.0
55,2024-01-23,1,normal,40,62,1011,0.9422180801491148,11215.0
55,2024-01-23,2,normal,33,91,982,0.9151910531220876,11210.0
55,2024-01-23,3,normal,58,69,1701,0.9610169491525424,11280.0
55,2024-01-23,4,normal,47,52,1031,0.9519852262234534,11585.0
55,2024-01-23,5,normal,49,55,961,0.9458661417322834,10640.0
55,2024-01-23,6,normal,58,48,1230,0.9624413145539906,12360.0
55,2024-01-23,9,normal,19,457,57,0.1108949416342412,10280.0
55,2024-01-23,10,normal,33,543,57,0.095,8130.0
55,2024-01-23,13,normal,9,215,22,0.0928270042194092,10030.0
55,2024-01-23,14,normal,21,76,512,0.8707482993197279,9905.0
55,2024-01-23,15,normal,8,537,42,0.0725388601036269,9840.0
56,2024-01-30,0,normal,24,67,522,0.8862478777589134,10450.0
56,2024-01-30,1,normal,44,61,1012,0.9431500465983224,11150.0
56,2024-01-30,2,normal,41,85,988,0.9207828518173344,11530.0
56,2024-01-30,3,normal,64,63,1707,0.964406779661017,11490.0
56,2024-01-30,4,normal,45,49,1034,0.9547553093259464,11500.0
56,2024-01-30,5,normal,51,54,962,0.9468503937007874,10905.0
56,2024-01-30,6,normal,67,46,1232,0.9640062597809076,12670.0
56,2024-01-30,9,normal,14,447,67,0.1303501945525292,9750.0
56,2024-01-30,10,normal,32,536,64,0.1066666666666666,7730.0
56,2024-01-30,13,normal,9,212,25,0.1054852320675105,9520.0
56,2024-01-30,14,normal,28,68,520,0.8843537414965986,9905.0
56,2024-01-30,15,normal,13,525,54,0.0932642487046632,9360.0
57,2024-02-06,0,off,10,67,522,0.8862478777589134,10160.0
57,2024-02-06,1,off,17,63,1010,0.9412861136999068,11090.0
57,2024-02-06,2,off,8,97,976,0.9095992544268406,10760.0
57,2024-02-06,3,off,26,69,1701,0.9610169491525424,11280.0
57,2024-02-06,4,off,19,54,1029,0.9501385041551248,11130.0
57,2024-02-06,5,off,25,60,956,0.9409448818897638,10965.0
57,2024-02-06,6,off,27,54,1224,0.9577464788732394,11950.0
57,2024-02-06,9,off,4,443,71,0.1381322957198443,9740.0
57,2024-02-06,10,off,11,535,65,0.1083333333333333,7740.0
57,2024-02-06,13,off,2,211,26,0.1097046413502109,9530.0
57,2024-02-06,14,off,12,69,519,0.8826530612244898,9790.0
57,2024-02-06,15,off,6,520,59,0.1018998272884283,9360.0
58,2024-02-13,0,off,3,74,515,0.8743633276740238,9930.0
58,2024-02-13,1,off,17,64,1009,0.940354147250699,11050.0
58,2024-02-13,2,off,22,98,975,0.9086672879776329,10405.0
58,2024-02-13,3,off,33,74,1696,0.9581920903954804,11215.0
58,2024-02-13,4,off,22,60,1023,0.9445983379501384,10795.0
58,2024-02-13,5,off,21,65,951,0.936023622047244,10690.0
58,2024-02-13,6,off,28,61,1217,0.9522691705790296,11910.0
58,2024-02-13,9,off,10,434,80,0.1556420233463035,9745.0
58,2024-02-13,10,off,12,534,66,0.11,7730.0
58,2024-02-13,13,off,5,208,29,0.1223628691983122,9520.0
58,2024-02-13,14,off,8,72,516,0.8775510204081632,9555.0
58,2024-02-13,15,off,9,513,66,0.1139896373056994,9360.0
59,2024-02-20,0,off,14,74,515,0.8743633276740238,10085.0
59,2024-02-20,1,off,12,72,1001,0.9328984156570364,10855.0
59,2024-02-20,2,off,18,99,974,0.907735321528425,10260.0
59,2024-02-20,3,off,36,77,1693,0.9564971751412428,11010.0
59,2024-02-20,4,off,16,61,1022,0.943674976915974,10750.0
59,2024-02-20,5,off,14,74,942,0.9271653543307088,10485.0
59,2024-02-20,6,off,39,63,1215,0.9507042253521126,11820.0
59,2024-02-20,9,off,6,430,84,0.1634241245136186,9760.0
59,2024-02-20,10,off,10,532,68,0.1133333333333333,7720.0
59,2024-02-20,13,off,4,206,31,0.1308016877637131,9545.0
59,2024-02-20,14,off,11,69,519,0.8826530612244898,9530.0
59,2024-02-20,15,off,10,504,75,0.1295336787564766,9360.0
60,2024-02-27,0,off,7,75,514,0.8726655348047538,10160.0
60,2024-02-27,1,off,15,80,993,0.9254426840633736,10680.0
60,2024-02-27,2,off,13,103,970,0.9040074557315936,10260.0
60,2024-02-27,3,off,21,84,1686,0.952542372881356,11010.0
60,2024-02-27,4,off,23,61,1022,0.943674976915974,10920.0
60,2024-02-27,5,off,23,73,943,0.9281496062992126,10450.0
60,2024-02-27,6,off,31,62,1216,0.9514866979655712,11460.0
60,2024-02-27,9,off,8,423,91,0.1770428015564202,9290.0
60,2024-02-27,10,off,10,526,74,0.1233333333333333,7340.0
60,2024-02-27,13,off,5,204,33,0.1392405063291139,9090.0
60,2024-02-27,14,off,12,70,518,0.8809523809523809,10050.0
60,2024-02-27,15,off,3,501,78,0.1347150259067357,8890.0
61,2024-03-05,0,off,13,75,514,0.8726655348047538,9930.0
61,2024-03-05,1,off,17,88,985,0.9179869524697112,10405.0
61,2024-03-05,2,off,25,100,973,0.9068033550792172,10255.0
61,2024-03-05,3,off,31,85,1685,0.9519774011299436,11160.0
61,2024-03-05,4,off,16,65,1018,0.9399815327793168,10930.0
61,2024-03-05,5,off,23,73,943,0.9281496062992126,10580.0
61,2024-03-05,6,off,27,65,1213,0.9491392801251956,11470.0
61,2024-03-05,9,off,9,415,99,0.1926070038910506,9320.0
61,2024-03-05,10,off,10,524,76,0.1266666666666666,7355.0
61,2024-03-05,13,off,1,204,33,0.1392405063291139,9090.0
61,2024-03-05,14,off,7,69,519,0.8826530612244898,10120.0
61,2024-03-05,15,off,2,500,79,0.1364421416234887,8895.0
62,2024-03-12,0,off,8,81,508,0.8624787775891342,9930.0
62,2024-03-12,1,off,16,88,985,0.9179869524697112,10440.0
62,2024-03-12,2,off,12,99,974,0.907735321528425,10260.0
62,2024-03-12,3,off,26,86,1684,0.9514124293785312,11015.0
62,2024-03-12,4,off,18,67,1016,0.938134810710988,10520.0
62,2024-03-12,5,off,14,75,941,0.9261811023622047,10310.0
62,2024-03-12,6,off,17,80,1198,0.9374021909233176,11445.0
62,2024-03-12,9,off,7,411,103,0.2003891050583657,9330.0
62,2024-03-12,10,off,14,517,83,0.1383333333333333,7370.0
62,2024-03-12,13,off,4,203,34,0.1434599156118143,9100.0
62,2024-03-12,14,off,13,70,518,0.8809523809523809,10155.0
62,2024-03-12,15,off,3,498,81,0.1398963730569948,8895.0
63,2024-03-19,0,off,9,83,506,0.8590831918505942,9660.0
63,2024-03-19,1,off,14,90,983,0.9161230195712954,10440.0
63,2024-03-19,2,off,18,101,972,0.9058713886300092,10250.0
63,2024-03-19,3,off,27,103,1667,0.9418079096045198,11100.0
63,2024-03-19,4,off,16,79,1004,0.9270544783010156,10520.0
63,2024-03-19,5,off,23,80,936,0.9212598425196852,10490.0
63,2024-03-19,6,off,27,81,1197,0.9366197183098592,11420.0
63,2024-03-19,9,off,7,405,109,0.2120622568093385,9360.0
63,2024-03-19,10,off,9,510,90,0.15,7385.0
63,2024-03-19,13,off,1,202,35,0.1476793248945147,9110.0
63,2024-03-19,14,off,19,67,521,0.8860544217687075,10170.0
63,2024-03-19,15,off,4,495,84,0.1450777202072538,8910.0
64,2024-03-26,0,off,7,87,502,0.8522920203735145,9550.0
64,2024-03-26,1,off,9,98,975,0.9086672879776329,10285.0
64,2024-03-26,2,off,22,97,976,0.9095992544268406,10550.0
64,2024-03-26,3,off,22,124,1646,0.9299435028248588,11140.0
64,2024-03-26,4,off,24,71,1012,0.9344413665743304,10300.0
64,2024-03-26,5,off,22,76,940,0.9251968503937008,10405.0
64,2024-03-26,6,off,25,78,1200,0.9389671361502347,11400.0
64,2024-03-26,9,off,8,399,115,0.2237354085603113,9400.0
64,2024-03-26,10,off,15,504,96,0.16,7410.0
64,2024-03-26,13,off,2,200,37,0.1561181434599156,9120.0
64,2024-03-26,14,off,8,72,516,0.8775510204081632,9705.0
64,2024-03-26,15,off,5,490,89,0.153713298791019,8905.0
65,2024-04-02,0,off,10,88,501,0.8505942275042445,9485.0
65,2024-04-02,1,off,27,95,978,0.9114631873252564,10260.0
65,2024-04-02,2,off,20,103,970,0.9040074557315936,10460.0
65,2024-04-02,3,off,33,124,1646,0.9299435028248588,11115.0
65,2024-04-02,4,off,18,77,1006,0.9289012003693444,10130.0
65,2024-04-02,5,off,18,77,939,0.9242125984251968,10310.0
65,2024-04-02,6,off,22,83,1195,0.935054773082942,11200.0
65,2024-04-02,9,off,0,399,115,0.2237354085603113,9400.0
65,2024-04-02,10,off,18,496,104,0.1733333333333333,7410.0
65,2024-04-02,13,off,2,200,37,0.1561181434599156,9120.0
65,2024-04-02,14,off,9,78,510,0.8673469387755102,9840.0
65,2024-04-02,15,off,3,488,91,0.157167530224525,8905.0
66,2024-04-09,0,off,6,103,486,0.8251273344651953,9520.0
66,2024-04-09,1,off,14,125,948,0.8835041938490215,10150.0
66,2024-04-09,2,off,16,124,949,0.8844361602982292,10510.0
66,2024-04-09,3,off,27,173,1597,0.9022598870056496,11110.0
66,2024-04-09,4,off,25,96,987,0.9113573407202216,10580.0
66,2024-04-09,5,off,16,92,924,0.9094488188976378,10415.0
66,2024-04-09,6,off,26,108,1170,0.9154929577464788,11350.0
66,2024-04-09,9,off,11,389,125,0.2431906614785992,8850.0
66,2024-04-09,10,off,11,491,109,0.1816666666666666,6970.0
66,2024-04-09,13,off,3,197,40,0.1687763713080168,8590.0
66,2024-04-09,14,off,4,87,501,0.8520408163265306,10070.0
66,2024-04-09,15,off,6,482,97,0.1675302245250431,8390.0
67,2024-04-16,0,off,8,119,470,0.797962648556876,9600.0
67,2024-04-16,1,off,25,138,935,0.8713886300093197,10360.0
67,2024-04-16,2,off,18,137,936,0.8723205964585274,10470.0
67,2024-04-16,3,off,23,196,1574,0.8892655367231639,11105.0
67,2024-04-16,4,off,17,98,985,0.9095106186518928,10745.0
67,2024-04-16,5,off,18,105,911,0.8966535433070866,10680.0
67,2024-04-16,6,off,25,114,1164,0.9107981220657276,10945.0
67,2024-04-16,9,off,9,381,133,0.2587548638132296,8900.0
67,2024-04-16,10,off,16,484,116,0.1933333333333333,6970.0
67,2024-04-16,13,off,7,194,43,0.1814345991561181,8620.0
67,2024-04-16,14,off,7,102,486,0.826530612244898,9995.0
67,2024-04-16,15,off,8,476,103,0.1778929188255613,8450.0
68,2024-04-23,0,off,10,118,471,0.799660441426146,9570.0
68,2024-04-23,1,off,12,152,921,0.8583410997204101,10290.0
68,2024-04-23,2,off,13,151,922,0.8592730661696178,10510.0
68,2024-04-23,3,off,29,204,1566,0.8847457627118644,11135.0
68,2024-04-23,4,off,17,104,979,0.9039704524469068,10920.0
68,2024-04-23,5,off,29,108,908,0.8937007874015748,10650.0
68,2024-04-23,6,off,30,123,1155,0.903755868544601,11200.0
68,2024-04-23,9,off,7,375,139,0.2704280155642023,8940.0
68,2024-04-23,10,off,10,481,119,0.1983333333333333,6970.0
68,2024-04-23,13,off,4,192,45,0.189873417721519,8640.0
68,2024-04-23,14,off,6,116,472,0.8027210884353742,10005.0
68,2024-04-23,15,off,6,471,108,0.1865284974093264,8470.0
69,2024-04-30,0,off,9,123,466,0.7911714770797963,9690.0
69,2024-04-30,1,off,16,160,913,0.8508853681267474,10315.0
69,2024-04-30,2,off,22,162,911,0.8490214352283317,10610.0
69,2024-04-30,3,off,33,203,1567,0.8853107344632768,11160.0
69,2024-04-30,4,off,20,113,970,0.8956602031394275,10800.0
69,2024-04-30,5,off,24,103,913,0.8986220472440944,10680.0
69,2024-04-30,6,off,24,121,1157,0.905320813771518,11310.0
69,2024-04-30,9,off,6,371,143,0.2782101167315175,8950.0
69,2024-04-30,10,off,11,477,123,0.205,6980.0
69,2024-04-30,13,off,5,187,50,0.2109704641350211,8740.0
69,2024-04-30,14,off,10,121,467,0.79421768707483,10170.0
69,2024-04-30,15,off,3,468,111,0.1917098445595854,8465.0
70,2024-05-07,0,peak,49,108,481,0.8166383701188455,9605.0
70,2024-05-07,1,peak,131,107,966,0.9002795899347623,10530.0
70,2024-05-07,2,peak,113,101,972,0.9058713886300092,10880.0
70,2024-05-07,3,peak,198,106,1664,0.9401129943502824,11060.0
70,2024-05-07,4,peak,111,70,1013,0.9353647276084948,10790.0
70,2024-05-07,5,peak,139,53,963,0.9478346456692912,10850.0
70,2024-05-07,6,peak,210,51,1227,0.960093896713615,11670.0
70,2024-05-07,9,peak,49,333,181,0.3521400778210117,8950.0
70,2024-05-07,10,peak,97,431,169,0.2816666666666667,7000.0
70,2024-05-07,13,peak,40,161,76,0.3206751054852321,8960.0
70,2024-05-07,14,peak,60,103,485,0.8248299319727891,10430.0
70,2024-05-07,15,peak,41,434,145,0.2504317789291883,8430.0
71,2024-05-14,0,peak,71,84,505,0.8573853989813243,9605.0
71,2024-05-14,1,peak,120,66,1007,0.9384902143522832,10995.0
71,2024-05-14,2,peak,123,64,1009,0.940354147250699,10925.0
71,2024-05-14,3,peak,201,43,1727,0.9757062146892655,11570.0
71,2024-05-14,4,peak,109,36,1047,0.9667590027700832,11495.0
71,2024-05-14,5,peak,158,31,985,0.969488188976378,10250.0
71,2024-05-14,6,peak,170,36,1242,0.971830985915493,11845.0
71,2024-05-14,9,peak,53,289,225,0.4377431906614786,8950.0
71,2024-05-14,10,peak,101,383,217,0.3616666666666667,7030.0
71,2024-05-14,13,peak,20,149,88,0.3713080168776371,8960.0
71,2024-05-14,14,peak,95,74,514,0.8741496598639455,10180.0
71,2024-05-14,15,peak,41,399,180,0.310880829015544,8480.0
72,2024-05-21,0,peak,72,67,522,0.8862478777589134,9880.0
72,2024-05-21,1,peak,142,41,1032,0.961789375582479,11090.0
72,2024-05-21,2,peak,118,46,1027,0.9571295433364398,11440.0
72,2024-05-21,3,peak,184,24,1746,0.9864406779661016,12135.0
72,2024-05-21,4,peak,136,24,1059,0.9778393351800554,11260.0
72,2024-05-21,5,peak,132,30,986,0.970472440944882,10615.0
72,2024-05-21,6,peak,201,27,1251,0.9788732394366196,11510.0
72,2024-05-21,9,peak,39,257,257,0.5,8950.0
72,2024-05-21,10,peak,84,348,252,0.42,7080.0
72,2024-05-21,13,peak,23,137,100,0.4219409282700422,8990.0
72,2024-05-21,14,peak,71,52,536,0.91156462585034,10410.0
72,2024-05-21,15,peak,34,371,208,0.3592400690846287,8570.0
73,2024-05-28,0,peak,63,55,534,0.9066213921901528,10290.0
73,2024-05-28,1,peak,135,28,1045,0.9739049394221808,11025.0
73,2024-05-28,2,peak,124,36,1037,0.9664492078285182,11265.0
73,2024-05-28,3,peak,185,25,1745,0.9858757062146892,12090.0
73,2024-05-28,4,peak,127,16,1067,0.9852262234533704,11640.0
73,2024-05-28,5,peak,127,17,999,0.9832677165354332,12060.0
73,2024-05-28,6,peak,184,21,1257,0.9835680751173708,11970.0
73,2024-05-28,9,peak,55,214,300,0.5836575875486382,8945.0
73,2024-05-28,10,peak,84,319,281,0.4683333333333333,7120.0
73,2024-05-28,13,peak,25,129,108,0.4556962025316455,9270.0
73,2024-05-28,14,peak,76,41,547,0.9302721088435374,10390.0
73,2024-05-28,15,peak,33,341,238,0.4110535405872193,8480.0
74,2024-06-04,0,peak,70,52,537,0.9117147707979628,10660.0
74,2024-06-04,1,peak,117,21,1052,0.9804287045666356,10950.0
74,2024-06-04,2,peak,113,38,1035,0.9645852749301024,11155.0
74,2024-06-04,3,peak,217,16,1754,0.9909604519774012,12985.0
74,2024-06-04,4,peak,126,13,1070,0.9879963065558632,14510.0
74,2024-06-04,5,peak,134,23,993,0.9773622047244096,12880.0
74,2024-06-04,6,peak,174,18,1260,0.9859154929577464,13615.0
74,2024-06-04,9,peak,40,182,332,0.6459143968871596,8980.0
74,2024-06-04,10,peak,94,288,312,0.52,7065.0
74,2024-06-04,13,peak,20,120,117,0.4936708860759494,9295.0
74,2024-06-04,14,peak,78,24,564,0.9591836734693876,10290.0
74,2024-06-04,15,peak,46,308,271,0.4680483592400691,8635.0
75,2024-06-11,0,peak,60,56,533,0.9049235993208828,10615.0
75,2024-06-11,1,peak,141,17,1056,0.9841565703634668,11040.0
75,2024-06-11,2,peak,108,34,1039,0.968313140726934,11460.0
75,2024-06-11,3,peak,194,9,1761,0.994915254237288,13520.0
75,2024-06-11,4,peak,126,16,1067,0.9852262234533704,13505.0
75,2024-06-11,5,peak,127,20,996,0.9803149606299212,12535.0
75,2024-06-11,6,peak,198,12,1266,0.9906103286384976,11760.0
75,2024-06-11,9,peak,57,149,365,0.7101167315175098,9100.0
75,2024-06-11,10,peak,88,263,337,0.5616666666666666,7130.0
75,2024-06-11,13,peak,46,93,144,0.6075949367088608,9360.0
75,2024-06-11,14,peak,54,30,558,0.9489795918367347,11195.0
75,2024-06-11,15,peak,32,281,298,0.5146804835924007,8680.0
76,2024-06-18,0,peak,60,46,543,0.9219015280135824,10640.0
76,2024-06-18,1,peak,151,12,1061,0.988816402609506,12570.0
76,2024-06-18,2,peak,119,30,1043,0.9720410065237652,11660.0
76,2024-06-18,3,peak,227,6,1764,0.9966101694915256,13240.0
76,2024-06-18,4,peak,116,15,1068,0.9861495844875346,12220.0
76,2024-06-18,5,peak,148,14,1002,0.9862204724409448,11910.0
76,2024-06-18,6,peak,181,9,1269,0.9929577464788732,11890.0
76,2024-06-18,9,peak,51,120,394,0.7665369649805448,9190.0
76,2024-06-18,10,peak,100,231,369,0.615,7300.0
76,2024-06-18,13,peak,29,86,151,0.6371308016877637,9390.0
76,2024-06-18,14,peak,82,26,562,0.95578231292517,11530.0
76,2024-06-18,15,peak,38,252,327,0.5647668393782384,8855.0
77,2024-06-25,0,peak,81,45,544,0.9235993208828522,10720.0
77,2024-06-25,1,peak,124,12,1061,0.988816402609506,13160.0
77,2024-06-25,2,peak,95,27,1046,0.9748369058713886,11350.0
77,2024-06-25,3,peak,224,3,1767,0.9983050847457628,15500.0
77,2024-06-25,4,peak,119,7,1076,0.9935364727608494,14340.0
77,2024-06-25,5,peak,137,14,1002,0.9862204724409448,11925.0
77,2024-06-25,6,peak,183,11,1267,0.9913928012519562,13080.0
77,2024-06-25,9,peak,51,101,413,0.8035019455252919,8950.0
77,2024-06-25,10,peak,92,213,387,0.645,7460.0
77,2024-06-25,13,peak,26,77,160,0.6751054852320675,9320.0
77,2024-06-25,14,peak,60,22,566,0.9625850340136054,11530.0
77,2024-06-25,15,peak,52,226,353,0.6096718480138169,8965.0
78,2024-07-02,0,peak,79,44,545,0.9252971137521222,10800.0
78,2024-07-02,1,peak,132,13,1060,0.9878844361602982,12390.0
78,2024-07-02,2,peak,146,23,1050,0.97856477166822,11230.0
78,2024-07-02,3,peak,184,3,1767,0.9983050847457628,15500.0
78,2024-07-02,4,peak,134,6,1077,0.994459833795014,14605.0
78,2024-07-02,5,peak,157,9,1007,0.9911417322834646,13760.0
78,2024-07-02,6,peak,163,8,1270,0.9937402190923318,13425.0
78,2024-07-02,9,peak,61,75,439,0.8540856031128404,9320.0
78,2024-07-02,10,peak,86,196,404,0.6733333333333333,7555.0
78,2024-07-02,13,peak,30,69,168,0.7088607594936709,9320.0
78,2024-07-02,14,peak,79,19,569,0.967687074829932,12720.0
78,2024-07-02,15,peak,48,196,383,0.6614853195164075,9200.0
79,2024-07-09,0,peak,65,41,548,0.930390492359932,10880.0
79,2024-07-09,1,peak,117,12,1061,0.988816402609506,12605.0
79,2024-07-09,2,peak,115,17,1056,0.9841565703634668,11150.0
79,2024-07-09,3,peak,212,2,1768,0.9988700564971752,13520.0
79,2024-07-09,4,peak,141,9,1074,0.9916897506925209,11690.0
79,2024-07-09,5,peak,157,11,1005,0.9891732283464568,13140.0
79,2024-07-09,6,peak,205,6,1272,0.9953051643192488,14390.0
79,2024-07-09,9,peak,45,61,453,0.8813229571984436,9320.0
79,2024-07-09,10,peak,115,176,424,0.7066666666666667,7610.0
79,2024-07-09,13,peak,49,52,185,0.7805907172995781,9635.0
79,2024-07-09,14,peak,71,20,568,0.9659863945578232,11840.0
79,2024-07-09,15,peak,43,167,412,0.7115716753022453,9330.0
80,2024-07-16,0,peak,59,35,554,0.9405772495755518,10720.0
80,2024-07-16,1,peak,118,13,1060,0.9878844361602982,12820.0
80,2024-07-16,2,peak,133,12,1061,0.988816402609506,11170.0
80,2024-07-16,3,peak,201,2,1768,0.9988700564971752,16010.0
80,2024-07-16,4,peak,131,7,1076,0.9935364727608494,15560.0
80,2024-07-16,5,peak,157,10,1006,0.9901574803149606,12560.0
80,2024-07-16,6,peak,197,6,1272,0.9953051643192488,13150.0
80,2024-07-16,9,peak,54,48,466,0.906614785992218,9550.0
80,2024-07-16,10,peak,110,161,439,0.7316666666666667,7610.0
80,2024-07-16,13,peak,33,48,189,0.7974683544303798,9635.0
80,2024-07-16,14,peak,80,13,575,0.9778911564625852,12080.0
80,2024-07-16,15,peak,41,144,435,0.7512953367875648,9140.0
81,2024-07-23,0,peak,77,25,564,0.9575551782682512,10720.0
81,2024-07-23,1,peak,110,12,1061,0.988816402609506,13300.0
81,2024-07-23,2,peak,114,18,1055,0.983224603914259,12370.0
81,2024-07-23,3,peak,233,4,1766,0.9977401129943504,13185.0
81,2024-07-23,4,peak,139,8,1075,0.9926131117266852,14535.0
81,2024-07-23,5,peak,159,11,1005,0.9891732283464568,12480.0
81,2024-07-23,6,peak,204,6,1272,0.9953051643192488,11830.0
81,2024-07-23,9,peak,63,38,476,0.926070038910506,9805.0
81,2024-07-23,10,peak,97,150,450,0.75,7605.0
81,2024-07-23,13,peak,30,44,193,0.8143459915611815,9615.0
81,2024-07-23,14,peak,81,14,574,0.9761904761904762,12245.0
81,2024-07-23,15,peak,41,123,456,0.7875647668393783,9250.0
82,2024-07-30,0,peak,63,24,565,0.9592529711375212,11025.0
82,2024-07-30,1,peak,143,8,1065,0.9925442684063374,13155.0
82,2024-07-30,2,peak,127,13,1060,0.9878844361602982,12360.0
82,2024-07-30,3,peak,200,3,1767,0.9983050847457628,14720.0
82,2024-07-30,4,peak,156,10,1073,0.9907663896583564,14535.0
82,2024-07-30,5,peak,145,7,1009,0.9931102362204725,14450.0
82,2024-07-30,6,peak,186,9,1269,0.9929577464788732,11580.0
82,2024-07-30,9,peak,44,32,482,0.9377431906614786,9870.0
82,2024-07-30,10,peak,73,140,460,0.7666666666666667,7610.0
82,2024-07-30,13,peak,35,38,199,0.8396624472573839,9685.0
82,2024-07-30,14,peak,67,12,576,0.979591836734694,12525.0
82,2024-07-30,15,peak,50,102,477,0.8238341968911918,9290.0
83,2024-08-06,0,normal,20,25,564,0.9575551782682512,10720.0
83,2024-08-06,1,normal,41,15,1058,0.9860205032618826,12070.0
83,2024-08-06,2,normal,46,12,1061,0.988816402609506,12015.0
83,2024-08-06,3,normal,70,14,1756,0.992090395480226,12310.0
83,2024-08-06,4,normal,42,17,1066,0.984302862419206,12370.0
83,2024-08-06,5,normal,51,12,1004,0.9881889763779528,13180.0
83,2024-08-06,6,normal,54,16,1262,0.9874804381846636,11455.0
83,2024-08-06,9,normal,11,31,483,0.9396887159533074,9910.0
83,2024-08-06,10,normal,28,139,461,0.7683333333333333,7610.0
83,2024-08-06,13,normal,1,38,199,0.8396624472573839,9685.0
83,2024-08-06,14,normal,25,13,575,0.9778911564625852,12640.0
83,2024-08-06,15,normal,11,99,480,0.8290155440414507,9250.0
84,2024-08-13,0,normal,16,27,562,0.9541595925297114,10400.0
84,2024-08-13,1,normal,41,12,1061,0.988816402609506,11550.0
84,2024-08-13,2,normal,39,17,1056,0.9841565703634668,10670.0
84,2024-08-13,3,normal,61,14,1756,0.992090395480226,12720.0
84,2024-08-13,4,normal,47,24,1059,0.9778393351800554,12215.0
84,2024-08-13,5,normal,61,19,997,0.9812992125984252,12600.0
84,2024-08-13,6,normal,62,21,1257,0.9835680751173708,11990.0
84,2024-08-13,9,normal,14,29,485,0.943579766536965,9910.0
84,2024-08-13,10,normal,42,140,460,0.7666666666666667,7650.0
84,2024-08-13,13,normal,11,36,201,0.8481012658227848,9720.0
84,2024-08-13,14,normal,20,15,573,0.9744897959183674,11620.0
84,2024-08-13,15,normal,15,93,486,0.8393782383419689,9250.0
85,2024-08-20,0,normal,17,29,560,0.9507640067911716,10080.0
85,2024-08-20,1,normal,56,15,1058,0.9860205032618826,10430.0
85,2024-08-20,2,normal,43,27,1046,0.9748369058713886,10340.0
85,2024-08-20,3,normal,55,24,1746,0.9864406779661016,11510.0
85,2024-08-20,4,normal,45,23,1060,0.9787626962142196,12320.0
85,2024-08-20,5,normal,51,32,984,0.968503937007874,12005.0
85,2024-08-20,6,normal,57,27,1251,0.9788732394366196,11990.0
85,2024-08-20,9,normal,12,31,483,0.9396887159533074,9830.0
85,2024-08-20,10,normal,33,140,460,0.7666666666666667,7650.0
85,2024-08-20,13,normal,9,35,202,0.8523206751054853,9740.0
85,2024-08-20,14,normal,21,20,568,0.9659863945578232,11475.0
85,2024-08-20,15,normal,18,86,493,0.8514680483592401,9385.0
86,2024-08-27,0,normal,22,29,560,0.9507640067911716,10420.0
86,2024-08-27,1,normal,53,23,1050,0.97856477166822,10400.0
86,2024-08-27,2,normal,38,32,1041,0.9701770736253494,10320.0
86,2024-08-27,3,normal,66,28,1742,0.984180790960452,12005.0
86,2024-08-27,4,normal,45,28,1055,0.974145891043398,12190.0
86,2024-08-27,5,normal,49,34,982,0.966535433070866,12300.0
86,2024-08-27,6,normal,59,28,1250,0.9780907668231612,11650.0
86,2024-08-27,9,normal,16,31,483,0.9396887159533074,9970.0
86,2024-08-27,10,normal,29,135,465,0.775,7680.0
86,2024-08-27,13,normal,6,35,202,0.8523206751054853,9740.0
86,2024-08-27,14,normal,28,24,564,0.9591836734693876,10790.0
86,2024-08-27,15,normal,8,84,495,0.8549222797927462,9385.0
87,2024-09-03,0,normal,20,34,555,0.9422750424448216,10410.0
87,2024-09-03,1,normal,35,28,1045,0.9739049394221808,10245.0
87,2024-09-03,2,normal,39,37,1036,0.9655172413793104,10420.0
87,2024-09-03,3,normal,65,34,1736,0.9807909604519774,12145.0
87,2024-09-03,4,normal,38,30,1053,0.9722991689750692,11920.0
87,2024-09-03,5,normal,65,35,981,0.9655511811023622,12240.0
87,2024-09-03,6,normal,62,26,1252,0.9796557120500784,11650.0
87,2024-09-03,9,normal,12,31,483,0.9396887159533074,9910.0
87,2024-09-03,10,normal,43,126,474,0.79,7730.0
87,2024-09-03,13,normal,9,34,203,0.8565400843881856,9720.0
87,2024-09-03,14,normal,27,27,561,0.9540816326530612,10230.0
87,2024-09-03,15,normal,17,78,501,0.8652849740932642,9440.0
88,2024-09-10,0,normal,31,32,557,0.9456706281833616,10600.0
88,2024-09-10,1,normal,37,29,1044,0.972972972972973,10430.0
88,2024-09-10,2,normal,43,37,1036,0.9655172413793104,10360.0
88,2024-09-10,3,normal,55,42,1728,0.976271186440678,12530.0
88,2024-09-10,4,normal,24,41,1042,0.9621421975992612,11710.0
88,2024-09-10,5,normal,54,41,975,0.9596456692913384,12150.0
88,2024-09-10,6,normal,54,25,1253,0.9804381846635368,10980.0
88,2024-09-10,9,normal,9,32,482,0.9377431906614786,9805.0
88,2024-09-10,10,normal,35,124,476,0.7933333333333333,7710.0
88,2024-09-10,13,normal,13,34,203,0.8565400843881856,9720.0
88,2024-09-10,14,normal,26,29,559,0.9506802721088436,10820.0
88,2024-09-10,15,normal,12,73,506,0.8739205526770294,9470.0
89,2024-09-17,0,normal,23,37,552,0.9371816638370118,10630.0
89,2024-09-17,1,normal,42,21,1052,0.9804287045666356,10800.0
89,2024-09-17,2,normal,41,37,1036,0.9655172413793104,10360.0
89,2024-09-17,3,normal,71,39,1731,0.9779661016949152,12600.0
89,2024-09-17,4,normal,37,46,1037,0.9575253924284396,11435.0
89,2024-09-17,5,normal,44,43,973,0.9576771653543308,12040.0
89,2024-09-17,6,normal,59,25,1253,0.9804381846635368,11650.0
89,2024-09-17,9,normal,16,28,486,0.9455252918287936,9870.0
89,2024-09-17,10,normal,28,119,481,0.8016666666666666,7690.0
89,2024-09-17,13,normal,9,34,203,0.8565400843881856,9685.0
89,2024-09-17,14,normal,29,32,556,0.9455782312925172,10900.0
89,2024-09-17,15,normal,8,70,509,0.8791018998272885,9470.0
90,2024-09-24,0,normal,26,43,546,0.9269949066213922,10560.0
90,2024-09-24,1,normal,35,41,1032,0.961789375582479,10960.0
90,2024-09-24,2,normal,41,52,1021,0.9515377446411928,11050.0
90,2024-09-24,3,normal,78,39,1731,0.9779661016949152,12070.0
90,2024-09-24,4,normal,32,52,1031,0.9519852262234534,11280.0
90,2024-09-24,5,normal,59,46,970,0.9547244094488188,11925.0
90,2024-09-24,6,normal,53,33,1245,0.9741784037558684,11590.0
90,2024-09-24,9,normal,14,28,486,0.9455252918287936,9870.0
90,2024-09-24,10,normal,27,116,484,0.8066666666666666,7685.0
90,2024-09-24,13,normal,12,32,205,0.8649789029535865,9685.0
90,2024-09-24,14,normal,17,38,550,0.935374149659864,10305.0
90,2024-09-24,15,normal,6,70,509,0.8791018998272885,9440.0
91,2024-10-01,0,shoulder,48,40,549,0.932088285229202,10505.0
91,2024-10-01,1,shoulder,73,51,1022,0.9524697110904008,10840.0
91,2024-10-01,2,shoulder,69,47,1026,0.956197576887232,11350.0
91,2024-10-01,3,shoulder,120,37,1733,0.97909604519774,11720.0
91,2024-10-01,4,shoulder,82,44,1039,0.9593721144967684,11760.0
91,2024-10-01,5,shoulder,88,39,977,0.9616141732283464,11780.0
91,2024-10-01,6,shoulder,102,33,1245,0.9741784037558684,11590.0
91,2024-10-01,9,shoulder,35,23,491,0.9552529182879378,9780.0
91,2024-10-01,10,shoulder,40,110,490,0.8166666666666667,7685.0
91,2024-10-01,13,shoulder,14,31,206,0.869198312236287,9700.0
91,2024-10-01,14,shoulder,30,42,546,0.9285714285714286,11145.0
91,2024-10-01,15,shoulder,25,64,515,0.8894645941278065,9440.0
92,2024-10-08,0,shoulder,37,41,548,0.930390492359932,10480.0
92,2024-10-08,1,shoulder,75,42,1031,0.9608574091332712,10715.0
92,2024-10-08,2,shoulder,76,38,1035,0.9645852749301024,11230.0
92,2024-10-08,3,shoulder,119,40,1730,0.9774011299435028,12165.0
92,2024-10-08,4,shoulder,76,38,1045,0.9649122807017544,12620.0
92,2024-10-08,5,shoulder,82,33,983,0.96751968503937,12500.0
92,2024-10-08,6,shoulder,101,27,1251,0.9788732394366196,11590.0
92,2024-10-08,9,shoulder,32,23,491,0.9552529182879378,9830.0
92,2024-10-08,10,shoulder,59,108,492,0.82,7670.0
92,2024-10-08,13,shoulder,16,29,208,0.8776371308016878,9670.0
92,2024-10-08,14,shoulder,37,38,550,0.935374149659864,11545.0
92,2024-10-08,15,shoulder,14,61,518,0.8946459412780656,9360.0
93,2024-10-15,0,shoulder,41,44,545,0.9252971137521222,10445.0
93,2024-10-15,1,shoulder,99,41,1032,0.961789375582479,10700.0
93,2024-10-15,2,shoulder,62,44,1029,0.9589934762348556,10950.0
93,2024-10-15,3,shoulder,122,41,1729,0.9768361581920904,12850.0
93,2024-10-15,4,shoulder,69,35,1048,0.9676823638042474,12360.0
93,2024-10-15,5,shoulder,76,35,981,0.9655511811023622,11720.0
93,2024-10-15,6,shoulder,99,27,1251,0.9788732394366196,11850.0
93,2024-10-15,9,shoulder,29,20,494,0.9610894941634242,9965.0
93,2024-10-15,10,shoulder,55,101,499,0.8316666666666667,7700.0
93,2024-10-15,13,shoulder,18,29,208,0.8776371308016878,9670.0
93,2024-10-15,14,shoulder,48,34,554,0.9421768707482994,11430.0
93,2024-10-15,15,shoulder,25,56,523,0.9032815198618308,9480.0
94,2024-10-22,0,shoulder,41,43,546,0.9269949066213922,10460.0
94,2024-10-22,1,shoulder,81,46,1027,0.9571295433364398,11150.0
94,2024-10-22,2,shoulder,76,55,1018,0.9487418452935694,11970.0
94,2024-10-22,3,shoulder,129,40,1730,0.9774011299435028,13455.0
94,2024-10-22,4,shoulder,77,41,1042,0.9621421975992612,12360.0
94,2024-10-22,5,shoulder,80,37,979,0.9635826771653544,11410.0
94,2024-10-22,6,shoulder,101,35,1243,0.9726134585289516,11990.0
94,2024-10-22,9,shoulder,28,23,491,0.9552529182879378,10040.0
94,2024-10-22,10,shoulder,57,100,500,0.8333333333333334,7705.0
94,2024-10-22,13,shoulder,18,32,205,0.8649789029535865,9685.0
94,2024-10-22,14,shoulder,38,37,551,0.9370748299319728,11780.0
94,2024-10-22,15,shoulder,23,55,524,0.9050086355785838,9640.0
95,2024-10-29,0,shoulder,39,45,544,0.9235993208828522,10460.0
95,2024-10-29,1,shoulder,71,46,1027,0.9571295433364398,10860.0
95,2024-10-29,2,shoulder,69,58,1015,0.945945945945946,12115.0
95,2024-10-29,3,shoulder,138,40,1730,0.9774011299435028,13475.0
95,2024-10-29,4,shoulder,80,39,1044,0.96398891966759,12540.0
95,2024-10-29,5,shoulder,90,33,983,0.96751968503937,11880.0
95,2024-10-29,6,shoulder,114,26,1252,0.9796557120500784,12120.0
95,2024-10-29,9,shoulder,24,31,483,0.9396887159533074,10220.0
95,2024-10-29,10,shoulder,56,101,499,0.8316666666666667,7770.0
95,2024-10-29,13,shoulder,16,28,209,0.8818565400843882,9685.0
95,2024-10-29,14,shoulder,53,41,547,0.9302721088435374,11380.0
95,2024-10-29,15,shoulder,15,55,524,0.9050086355785838,9750.0
96,2024-11-05,0,shoulder,46,46,543,0.9219015280135824,10565.0
96,2024-11-05,1,shoulder,78,44,1029,0.9589934762348556,11535.0
96,2024-11-05,2,shoulder,66,56,1017,0.9478098788443616,11980.0
96,2024-11-05,3,shoulder,116,35,1735,0.980225988700565,12920.0
96,2024-11-05,4,shoulder,61,44,1039,0.9593721144967684,12190.0
96,2024-11-05,5,shoulder,92,34,982,0.966535433070866,11230.0
96,2024-11-05,6,shoulder,88,33,1245,0.9741784037558684,11500.0
96,2024-11-05,9,shoulder,35,33,481,0.9357976653696498,10710.0
96,2024-11-05,10,shoulder,56,99,501,0.835,7890.0
96,2024-11-05,13,shoulder,17,27,210,0.8860759493670886,9700.0
96,2024-11-05,14,shoulder,34,46,542,0.9217687074829932,11390.0
96,2024-11-05,15,shoulder,30,53,526,0.9084628670120898,9830.0
97,2024-11-12,0,shoulder,41,47,542,0.9202037351443124,11050.0
97,2024-11-12,1,shoulder,74,45,1028,0.9580615097856476,11070.0
97,2024-11-12,2,shoulder,72,55,1018,0.9487418452935694,12210.0
97,2024-11-12,3,shoulder,113,34,1736,0.9807909604519774,13090.0
97,2024-11-12,4,shoulder,61,54,1029,0.9501385041551248,12110.0
97,2024-11-12,5,shoulder,91,40,976,0.9606299212598424,11610.0
97,2024-11-12,6,shoulder,122,36,1242,0.971830985915493,11380.0
97,2024-11-12,9,shoulder,27,33,481,0.9357976653696498,10870.0
97,2024-11-12,10,shoulder,62,100,500,0.8333333333333334,7940.0
97,2024-11-12,13,shoulder,12,30,207,0.8734177215189873,9720.0
97,2024-11-12,14,shoulder,47,45,543,0.923469387755102,11380.0
97,2024-11-12,15,shoulder,23,53,526,0.9084628670120898,9930.0
98,2024-11-19,0,shoulder,38,52,537,0.9117147707979628,10490.0
98,2024-11-19,1,shoulder,78,43,1030,0.9599254426840632,11160.0
98,2024-11-19,2,shoulder,70,50,1023,0.9534016775396086,12215.0
98,2024-11-19,3,shoulder,118,31,1739,0.9824858757062148,13090.0
98,2024-11-19,4,shoulder,75,55,1028,0.9492151431209604,11720.0
98,2024-11-19,5,shoulder,89,45,971,0.9557086614173228,12510.0
98,2024-11-19,6,shoulder,103,33,1245,0.9741784037558684,12360.0
98,2024-11-19,9,shoulder,23,35,479,0.9319066147859922,10870.0
98,2024-11-19,10,shoulder,66,100,500,0.8333333333333334,7945.0
98,2024-11-19,13,shoulder,32,29,208,0.8776371308016878,9740.0
98,2024-11-19,14,shoulder,44,50,538,0.9149659863945578,12015.0
98,2024-11-19,15,shoulder,29,51,528,0.911917098445596,9750.0
99,2024-11-26,0,shoulder,38,53,536,0.9100169779286928,10610.0
99,2024-11-26,1,shoulder,69,43,1030,0.9599254426840632,10940.0
99,2024-11-26,2,shoulder,63,50,1023,0.9534016775396086,11865.0
99,2024-11-26,3,shoulder,124,35,1735,0.980225988700565,12890.0
99,2024-11-26,4,shoulder,58,55,1028,0.9492151431209604,11440.0
99,2024-11-26,5,shoulder,87,49,967,0.9517716535433072,12200.0
99,2024-11-26,6,shoulder,105,43,1235,0.9663536776212832,11850.0
99,2024-11-26,9,shoulder,32,34,480,0.933852140077821,10640.0
99,2024-11-26,10,shoulder,50,97,503,0.8383333333333334,7990.0
99,2024-11-26,13,shoulder,19,29,208,0.8776371308016878,9910.0
99,2024-11-26,14,shoulder,43,44,544,0.9251700680272108,11960.0
99,2024-11-26,15,shoulder,28,51,528,0.911917098445596,9870.0
100,2024-12-03,0,normal,23,60,529,0.8981324278438031,10485.0
100,2024-12-03,1,normal,31,54,1019,0.9496738117427772,10460.0
100,2024-12-03,2,normal,43,63,1010,0.9412861136999068,11600.0
100,2024-12-03,3,normal,79,35,1735,0.980225988700565,12800.0
100,2024-12-03,4,normal,43,56,1027,0.948291782086796,11940.0
100,2024-12-03,5,normal,48,63,953,0.937992125984252,11470.0
100,2024-12-03,6,normal,55,44,1234,0.9655712050078248,11345.0
100,2024-12-03,9,normal,14,40,474,0.9221789883268484,10265.0
100,2024-12-03,10,normal,31,103,497,0.8283333333333334,8020.0
100,2024-12-03,13,normal,16,25,212,0.8945147679324894,9790.0
100,2024-12-03,14,normal,22,46,542,0.9217687074829932,11740.0
100,2024-12-03,15,normal,17,53,526,0.9084628670120898,9470.0
101,2024-12-10,0,normal,26,58,531,0.9015280135823428,10570.0
101,2024-12-10,1,normal,38,54,1019,0.9496738117427772,10735.0
101,2024-12-10,2,normal,53,58,1015,0.945945945945946,11415.0
101,2024-12-10,3,normal,68,42,1728,0.976271186440678,12525.0
101,2024-12-10,4,normal,47,60,1023,0.9445983379501384,11795.0
101,2024-12-10,5,normal,60,63,953,0.937992125984252,11840.0
101,2024-12-10,6,normal,69,42,1236,0.9671361502347418,11145.0
101,2024-12-10,9,normal,7,45,469,0.9124513618677044,10320.0
101,2024-12-10,10,normal,31,109,491,0.8183333333333334,8010.0
101,2024-12-10,13,normal,9,28,209,0.8818565400843882,9850.0
101,2024-12-10,14,normal,23,47,541,0.9200680272108844,11690.0
101,2024-12-10,15,normal,8,60,519,0.8963730569948186,9505.0
102,2024-12-17,0,normal,19,58,531,0.9015280135823428,10435.0
102,2024-12-17,1,normal,40,54,1019,0.9496738117427772,10780.0
102,2024-12-17,2,normal,43,52,1021,0.9515377446411928,11520.0
102,2024-12-17,3,normal,68,42,1728,0.976271186440678,12710.0
102,2024-12-17,4,normal,51,59,1024,0.9455216989843028,11750.0
102,2024-12-17,5,normal,53,63,953,0.937992125984252,11900.0
102,2024-12-17,6,normal,51,48,1230,0.9624413145539906,11185.0
102,2024-12-17,9,normal,17,51,463,0.9007782101167316,10380.0
102,2024-12-17,10,normal,26,112,488,0.8133333333333334,8015.0
102,2024-12-17,13,normal,12,31,206,0.869198312236287,9790.0
102,2024-12-17,14,normal,33,47,541,0.9200680272108844,11690.0
102,2024-12-17,15,normal,8,61,518,0.8946459412780656,9610.0
103,2024-12-24,0,normal,26,59,530,0.8998302207130731,10320.0
103,2024-12-24,1,normal,37,46,1027,0.9571295433364398,10465.0
103,2024-12-24,2,normal,43,57,1016,0.9468779123951536,11570.0
103,2024-12-24,3,normal,53,49,1721,0.9723163841807908,12540.0
103,2024-12-24,4,normal,38,68,1015,0.9372114496768236,11730.0
103,2024-12-24,5,normal,45,60,956,0.9409448818897638,12225.0
103,2024-12-24,6,normal,62,45,1233,0.9647887323943662,11900.0
103,2024-12-24,9,normal,12,54,460,0.8949416342412452,10415.0
103,2024-12-24,10,normal,28,117,483,0.805,8040.0
103,2024-12-24,13,normal,19,36,201,0.8481012658227848,9895.0
103,2024-12-24,14,normal,15,49,539,0.9166666666666666,11460.0
103,2024-12-24,15,normal,11,64,515,0.8894645941278065,9585.0
104,2024-12-31,0,normal,27,58,531,0.9015280135823428,10285.0
104,2024-12-31,1,normal,50,42,1031,0.9608574091332712,10155.0
104,2024-12-31,2,normal,39,63,1010,0.9412861136999068,11080.0
104,2024-12-31,3,normal,74,44,1726,0.9751412429378532,12315.0
104,2024-12-31,4,normal,37,65,1018,0.9399815327793168,11890.0
104,2024-12-31,5,normal,50,58,958,0.9429133858267716,11715.0
104,2024-12-31,6,normal,61,43,1235,0.9663536776212832,11440.0
104,2024-12-31,7,normal,76,1351,72,0.0505973295853829,11320.0
104,2024-12-31,9,normal,17,59,455,0.8852140077821011,10680.0
104,2024-12-31,10,normal,33,119,481,0.8016666666666666,8010.0
104,2024-12-31,11,normal,12,239,6,0.0244897959183673,10090.0
104,2024-12-31,12,normal,23,952,22,0.0225872689938398,10905.0
104,2024-12-31,13,normal,8,39,198,0.8354430379746836,10100.0
104,2024-12-31,14,normal,22,55,533,0.9064625850340136,11690.0
104,2024-12-31,15,normal,10,74,505,0.8721934369602763,9585.0
105,2025-01-07,0,normal,18,56,533,0.9049235993208828,10155.0
105,2025-01-07,1,normal,36,41,1032,0.961789375582479,10150.0
105,2025-01-07,2,normal,30,58,1015,0.945945945945946,10760.0
105,2025-01-07,3,normal,62,34,1736,0.9807909604519774,12575.0
105,2025-01-07,4,normal,51,56,1027,0.948291782086796,12285.0
105,2025-01-07,5,normal,36,54,962,0.9468503937007874,11695.0
105,2025-01-07,6,normal,52,39,1239,0.9694835680751174,11150.0
105,2025-01-07,7,normal,58,1296,127,0.0892480674631061,11370.0
105,2025-01-07,9,normal,14,57,457,0.8891050583657587,10680.0
105,2025-01-07,10,normal,38,119,481,0.8016666666666666,7910.0
105,2025-01-07,11,normal,11,230,15,0.0612244897959183,10115.0
105,2025-01-07,12,normal,41,913,61,0.0626283367556468,10910.0
105,2025-01-07,13,normal,6,37,200,0.8438818565400844,10100.0
105,2025-01-07,14,normal,19,57,531,0.903061224489796,11650.0
105,2025-01-07,15,normal,10,73,506,0.8739205526770294,9550.0
106,2025-01-14,0,normal,22,55,534,0.9066213921901528,9980.0
106,2025-01-14,1,normal,39,47,1026,0.956197576887232,10430.0
106,2025-01-14,2,normal,43,58,1015,0.945945945945946,10840.0
106,2025-01-14,3,normal,74,25,1745,0.9858757062146892,12750.0
106,2025-01-14,4,normal,33,59,1024,0.9455216989843028,12170.0
106,2025-01-14,5,normal,46,50,966,0.9507874015748032,11685.0
106,2025-01-14,6,normal,77,29,1249,0.9773082942097028,11580.0
106,2025-01-14,7,normal,53,1245,178,0.1250878425860857,11400.0
106,2025-01-14,9,normal,15,57,457,0.8891050583657587,10150.0
106,2025-01-14,10,normal,25,117,483,0.805,7910.0
106,2025-01-14,11,normal,8,225,20,0.0816326530612244,10090.0
106,2025-01-14,12,normal,27,887,87,0.0893223819301848,10920.0
106,2025-01-14,13,normal,10,37,200,0.8438818565400844,10100.0
106,2025-01-14,14,normal,26,51,537,0.9132653061224488,11460.0
106,2025-01-14,15,normal,11,78,501,0.8652849740932642,9540.0
107,2025-01-21,0,normal,17,50,539,0.9151103565365024,10020.0
107,2025-01-21,1,normal,42,44,1029,0.9589934762348556,10355.0
107,2025-01-21,2,normal,40,58,1015,0.945945945945946,10805.0
107,2025-01-21,3,normal,81,24,1746,0.9864406779661016,12890.0
107,2025-01-21,4,normal,45,57,1026,0.9473684210526316,11890.0
107,2025-01-21,5,normal,51,40,976,0.9606299212598424,11515.0
107,2025-01-21,6,normal,45,33,1245,0.9741784037558684,11580.0
107,2025-01-21,7,normal,79,1172,251,0.1763879128601546,11430.0
107,2025-01-21,9,normal,11,57,457,0.8891050583657587,10150.0
107,2025-01-21,10,normal,40,113,487,0.8116666666666666,7990.0
107,2025-01-21,11,normal,9,221,24,0.0979591836734693,10110.0
107,2025-01-21,12,normal,47,845,129,0.1324435318275154,10940.0
107,2025-01-21,13,normal,14,35,202,0.8523206751054853,9910.0
107,2025-01-21,14,normal,19,49,539,0.9166666666666666,11340.0
107,2025-01-21,15,normal,7,80,499,0.8618307426597582,9490.0
108,2025-01-28,0,normal,30,47,542,0.9202037351443124,9950.0
108,2025-01-28,1,normal,35,40,1033,0.9627213420316868,11280.0
108,2025-01-28,2,normal,35,56,1017,0.9478098788443616,10770.0
108,2025-01-28,3,normal,70,22,1748,0.9875706214689266,12890.0
108,2025-01-28,4,normal,35,56,1027,0.948291782086796,11905.0
108,2025-01-28,5,normal,42,36,980,0.9645669291338582,11500.0
108,2025-01-28,6,normal,76,24,1254,0.9812206572769951,11235.0
108,2025-01-28,7,normal,72,1103,320,0.2248770203794799,10870.0
108,2025-01-28,9,normal,15,57,457,0.8891050583657587,10150.0
108,2025-01-28,10,normal,26,110,490,0.8166666666666667,7950.0
108,2025-01-28,11,normal,10,216,29,0.1183673469387755,9620.0
108,2025-01-28,12,normal,34,814,160,0.164271047227926,10430.0
108,2025-01-28,13,normal,10,36,201,0.8481012658227848,9850.0
108,2025-01-28,14,normal,24,48,540,0.9183673469387756,11400.0
108,2025-01-28,15,normal,9,80,499,0.8618307426597582,9440.0
109,2025-02-04,0,off,10,52,537,0.9117147707979628,9895.0
109,2025-02-04,1,off,14,41,1032,0.961789375582479,11060.0
109,2025-02-04,2,off,23,60,1013,0.9440820130475304,10770.0
109,2025-02-04,3,off,19,26,1744,0.9853107344632768,12705.0
109,2025-02-04,4,off,18,59,1024,0.9455216989843028,11730.0
109,2025-02-04,5,off,25,36,980,0.9645669291338582,11155.0
109,2025-02-04,6,off,23,32,1246,0.974960876369327,11280.0
109,2025-02-04,7,off,35,1068,355,0.2494729444834856,10905.0
109,2025-02-04,9,off,7,59,455,0.8852140077821011,9950.0
109,2025-02-04,10,off,9,109,491,0.8183333333333334,7910.0
109,2025-02-04,11,off,3,215,30,0.1224489795918367,9630.0
109,2025-02-04,12,off,20,795,179,0.1837782340862423,10460.0
109,2025-02-04,13,off,8,36,201,0.8481012658227848,9880.0
109,2025-02-04,14,off,10,50,538,0.9149659863945578,11270.0
109,2025-02-04,15,off,3,80,499,0.8618307426597582,9395.0
110,2025-02-11,0,off,10,53,536,0.9100169779286928,9840.0
110,2025-02-11,1,off,13,48,1025,0.9552656104380244,10705.0
110,2025-02-11,2,off,16,57,1016,0.9468779123951536,10780.0
110,2025-02-11,3,off,33,33,1737,0.9813559322033898,12110.0
110,2025-02-11,4,off,23,58,1025,0.9464450600184672,11780.0
110,2025-02-11,5,off,18,36,980,0.9645669291338582,11155.0
110,2025-02-11,6,off,25,36,1242,0.971830985915493,10845.0
110,2025-02-11,7,off,25,1045,378,0.2656359803232607,10930.0
110,2025-02-11,9,off,10,57,457,0.8891050583657587,9820.0
110,2025-02-11,10,off,8,111,489,0.815,7820.0
110,2025-02-11,11,off,3,212,33,0.1346938775510204,9670.0
110,2025-02-11,12,off,10,786,188,0.1930184804928131,10480.0
110,2025-02-11,13,off,2,36,201,0.8481012658227848,9880.0
110,2025-02-11,14,off,8,49,539,0.9166666666666666,11180.0
110,2025-02-11,15,off,3,81,498,0.8601036269430051,9330.0
111,2025-02-18,0,off,7,57,532,0.9032258064516128,9560.0
111,2025-02-18,1,off,18,49,1024,0.9543336439888164,10740.0
111,2025-02-18,2,off,13,59,1014,0.9450139794967382,10640.0
111,2025-02-18,3,off,30,45,1725,0.9745762711864406,11760.0
111,2025-02-18,4,off,19,59,1024,0.9455216989843028,11830.0
111,2025-02-18,5,off,17,42,974,0.9586614173228346,10780.0
111,2025-02-18,6,off,32,45,1233,0.9647887323943662,10850.0
111,2025-02-18,7,off,27,1023,400,0.2810962754743499,10980.0
111,2025-02-18,9,off,4,59,455,0.8852140077821011,9640.0
111,2025-02-18,10,off,7,119,481,0.8016666666666666,7760.0
111,2025-02-18,11,off,6,209,36,0.1469387755102041,9610.0
111,2025-02-18,12,off,14,772,202,0.2073921971252566,10530.0
111,2025-02-18,13,off,4,35,202,0.8523206751054853,9910.0
111,2025-02-18,14,off,5,51,537,0.9132653061224488,11110.0
111,2025-02-18,15,off,3,83,496,0.8566493955094991,9220.0
112,2025-02-25,0,off,11,57,532,0.9032258064516128,9360.0
112,2025-02-25,1,off,18,52,1021,0.9515377446411928,10725.0
112,2025-02-25,2,off,16,59,1014,0.9450139794967382,10620.0
112,2025-02-25,3,off,25,50,1720,0.9717514124293786,11780.0
112,2025-02-25,4,off,17,68,1015,0.9372114496768236,11585.0
112,2025-02-25,5,off,19,43,973,0.9576771653543308,10740.0
112,2025-02-25,6,off,30,49,1229,0.961658841940532,10890.0
112,2025-02-25,7,off,33,992,431,0.302881236823612,10525.0
112,2025-02-25,9,off,5,58,456,0.8871595330739299,9640.0
112,2025-02-25,10,off,9,120,480,0.8,7680.0
112,2025-02-25,11,off,0,209,36,0.1469387755102041,9130.0
112,2025-02-25,12,off,15,757,217,0.2227926078028747,10040.0
112,2025-02-25,13,off,7,33,204,0.8607594936708861,9790.0
112,2025-02-25,14,off,14,51,537,0.9132653061224488,10830.0
112,2025-02-25,15,off,6,84,495,0.8549222797927462,9130.0
113,2025-03-04,0,off,7,58,531,0.9015280135823428,9400.0
113,2025-03-04,1,off,16,59,1014,0.9450139794967382,10510.0
113,2025-03-04,2,off,13,59,1014,0.9450139794967382,10570.0
113,2025-03-04,3,off,19,61,1709,0.9655367231638418,11750.0
113,2025-03-04,4,off,15,73,1010,0.9325946445060018,11540.0
113,2025-03-04,5,off,23,44,972,0.9566929133858268,10540.0
113,2025-03-04,6,off,26,50,1228,0.9608763693270737,10640.0
113,2025-03-04,7,off,30,963,460,0.3232607167955024,10540.0
113,2025-03-04,9,off,9,55,459,0.8929961089494164,9640.0
113,2025-03-04,10,off,11,120,480,0.8,7655.0
113,2025-03-04,11,off,6,205,40,0.1632653061224489,9130.0
113,2025-03-04,12,off,14,743,231,0.2371663244353182,10030.0
113,2025-03-04,13,off,4,33,204,0.8607594936708861,9740.0
113,2025-03-04,14,off,11,50,538,0.9149659863945578,10800.0
113,2025-03-04,15,off,5,84,495,0.8549222797927462,9150.0
114,2025-03-11,0,off,12,60,529,0.8981324278438031,9530.0
114,2025-03-11,1,off,17,73,1000,0.9319664492078286,10670.0
114,2025-03-11,2,off,16,68,1005,0.9366262814538676,10415.0
114,2025-03-11,3,off,26,75,1695,0.9576271186440678,11060.0
114,2025-03-11,4,off,16,86,997,0.9205909510618652,11310.0
114,2025-03-11,5,off,11,67,949,0.9340551181102362,10490.0
114,2025-03-11,6,off,27,59,1219,0.9538341158059468,10120.0
114,2025-03-11,7,off,23,942,481,0.3380182712579058,10615.0
114,2025-03-11,9,off,3,57,457,0.8891050583657587,9640.0
114,2025-03-11,10,off,13,126,474,0.79,7625.0
114,2025-03-11,11,off,2,204,41,0.1673469387755102,9140.0
114,2025-03-11,12,off,15,728,246,0.2525667351129363,10110.0
114,2025-03-11,13,off,1,34,203,0.8565400843881856,9635.0
114,2025-03-11,14,off,11,55,533,0.9064625850340136,10550.0
114,2025-03-11,15,off,2,88,491,0.8480138169257341,9035.0
115,2025-03-18,0,off,9,63,526,0.8930390492359932,9540.0
115,2025-03-18,1,off,19,76,997,0.9291705498602052,10590.0
115,2025-03-18,2,off,18,74,999,0.9310344827586208,10285.0
115,2025-03-18,3,off,32,80,1690,0.9548022598870056,11370.0
115,2025-03-18,4,off,22,101,982,0.9067405355493998,11140.0
115,2025-03-18,5,off,17,72,944,0.9291338582677166,10365.0
115,2025-03-18,6,off,26,69,1209,0.9460093896713616,10240.0
115,2025-03-18,7,off,25,918,505,0.3548840477863668,10740.0
115,2025-03-18,9,off,11,57,457,0.8891050583657587,9370.0
115,2025-03-18,10,off,13,129,471,0.785,7600.0
115,2025-03-18,11,off,4,202,43,0.1755102040816326,9125.0
115,2025-03-18,12,off,10,718,256,0.2628336755646817,10145.0
115,2025-03-18,13,off,5,34,203,0.8565400843881856,9580.0
115,2025-03-18,14,off,9,61,527,0.8962585034013606,10330.0
115,2025-03-18,15,off,7,87,492,0.8497409326424871,9130.0
116,2025-03-25,0,off,5,67,522,0.8862478777589134,9690.0
116,2025-03-25,1,off,18,82,991,0.923578751164958,10260.0
116,2025-03-25,2,off,38,78,995,0.9273066169617894,10485.0
116,2025-03-25,3,off,25,88,1682,0.9502824858757062,11405.0
116,2025-03-25,4,off,16,110,973,0.8984302862419206,11010.0
116,2025-03-25,5,off,24,88,928,0.9133858267716536,10580.0
116,2025-03-25,6,off,26,76,1202,0.9405320813771518,10300.0
116,2025-03-25,7,off,28,894,529,0.3717498243148278,10795.0
116,2025-03-25,9,off,7,55,459,0.8929961089494164,9350.0
116,2025-03-25,10,off,10,128,472,0.7866666666666666,7560.0
116,2025-03-25,11,off,4,199,46,0.1877551020408163,9230.0
116,2025-03-25,12,off,15,705,269,0.2761806981519507,10180.0
116,2025-03-25,13,off,4,35,202,0.8523206751054853,9580.0
116,2025-03-25,14,off,13,67,521,0.8860544217687075,10120.0
116,2025-03-25,15,off,5,89,490,0.846286701208981,8910.0
117,2025-04-01,0,off,10,76,513,0.8709677419354839,9720.0
117,2025-04-01,1,off,13,87,986,0.918918918918919,10320.0
117,2025-04-01,2,off,11,94,979,0.912395153774464,10285.0
117,2025-04-01,3,off,24,100,1670,0.943502824858757,11395.0
117,2025-04-01,4,off,22,117,966,0.8919667590027701,10870.0
117,2025-04-01,5,off,19,94,922,0.90748031496063,10385.0
117,2025-04-01,6,off,19,81,1197,0.9366197183098592,10320.0
117,2025-04-01,7,off,25,871,552,0.3879128601546029,10840.0
117,2025-04-01,9,off,10,51,463,0.9007782101167316,9790.0
117,2025-04-01,10,off,18,130,470,0.7833333333333333,7495.0
117,2025-04-01,11,off,7,193,52,0.2122448979591836,9240.0
117,2025-04-01,12,off,10,695,279,0.2864476386036961,10270.0
117,2025-04-01,13,off,2,37,200,0.8438818565400844,9580.0
117,2025-04-01,14,off,9,68,520,0.8843537414965986,10100.0
117,2025-04-01,15,off,9,87,492,0.8497409326424871,8910.0
118,2025-04-08,0,off,12,81,508,0.8624787775891342,9760.0
118,2025-04-08,1,off,16,111,962,0.896551724137931,10390.0
118,2025-04-08,2,off,19,109,964,0.8984156570363467,10560.0
118,2025-04-08,3,off,23,142,1628,0.919774011299435,11615.0
118,2025-04-08,4,off,22,129,954,0.8808864265927978,10980.0
118,2025-04-08,5,off,23,106,910,0.8956692913385826,10510.0
118,2025-04-08,6,off,27,107,1171,0.9162754303599374,11150.0
118,2025-04-08,7,off,39,834,589,0.4139142656359803,10220.0
118,2025-04-08,9,off,5,65,449,0.8735408560311284,9640.0
118,2025-04-08,10,off,14,142,458,0.7633333333333333,7655.0
118,2025-04-08,11,off,1,192,53,0.2163265306122449,8695.0
118,2025-04-08,12,off,17,679,295,0.3028747433264887,9660.0
118,2025-04-08,13,off,4,45,192,0.810126582278481,9130.0
118,2025-04-08,14,off,3,81,507,0.8622448979591837,9920.0
118,2025-04-08,15,off,3,95,484,0.8359240069084629,8820.0
119,2025-04-15,0,off,5,97,492,0.8353140916808149,9550.0
119,2025-04-15,1,off,19,130,943,0.8788443616029823,10245.0
119,2025-04-15,2,off,20,126,947,0.8825722273998136,10720.0
119,2025-04-15,3,off,34,147,1623,0.9169491525423727,11410.0
119,2025-04-15,4,off,16,148,935,0.863342566943675,11120.0
119,2025-04-15,5,off,16,117,899,0.8848425196850394,10790.0
119,2025-04-15,6,off,31,114,1164,0.9107981220657276,11240.0
119,2025-04-15,7,off,39,798,625,0.4392129304286718,10280.0
119,2025-04-15,9,off,3,79,435,0.8463035019455253,9330.0
119,2025-04-15,10,off,9,163,437,0.7283333333333334,7610.0
119,2025-04-15,11,off,3,191,54,0.2204081632653061,8690.0
119,2025-04-15,12,off,9,673,301,0.3090349075975359,9670.0
119,2025-04-15,13,off,3,52,185,0.7805907172995781,9355.0
119,2025-04-15,14,off,8,100,488,0.8299319727891157,9930.0
119,2025-04-15,15,off,10,104,475,0.8203799654576857,8935.0
120,2025-04-22,0,off,8,103,486,0.8251273344651953,9490.0
120,2025-04-22,1,off,18,145,928,0.8648648648648649,10310.0
120,2025-04-22,2,off,18,142,931,0.8676607642124884,10420.0
120,2025-04-22,3,off,28,159,1611,0.9101694915254236,11370.0
120,2025-04-22,4,off,16,169,914,0.8439519852262235,11050.0
120,2025-04-22,5,off,15,125,891,0.8769685039370079,10540.0
120,2025-04-22,6,off,20,123,1155,0.903755868544601,11350.0
120,2025-04-22,7,off,27,771,652,0.4581869290231904,10420.0
120,2025-04-22,9,off,5,90,424,0.8249027237354085,9720.0
120,2025-04-22,10,off,14,177,423,0.705,7610.0
120,2025-04-22,11,off,1,190,55,0.2244897959183673,8695.0
120,2025-04-22,12,off,13,661,313,0.3213552361396304,9730.0
120,2025-04-22,13,off,5,57,180,0.759493670886076,9460.0
120,2025-04-22,14,off,9,117,471,0.8010204081632653,10210.0
120,2025-04-22,15,off,6,110,469,0.8100172711571675,9070.0
121,2025-04-29,0,off,11,103,486,0.8251273344651953,9380.0
121,2025-04-29,1,off,21,159,914,0.8518173345759553,10140.0
121,2025-04-29,2,off,10,152,921,0.8583410997204101,10275.0
121,2025-04-29,3,off,30,169,1601,0.9045197740112996,11160.0
121,2025-04-29,4,off,18,176,907,0.8374884579870729,10860.0
121,2025-04-29,5,off,20,133,883,0.8690944881889764,10480.0
121,2025-04-29,6,off,24,130,1148,0.8982785602503912,11190.0
121,2025-04-29,7,off,23,750,673,0.4729444834855938,10485.0
121,2025-04-29,9,off,10,101,413,0.8035019455252919,9470.0
121,2025-04-29,10,off,17,185,415,0.6916666666666667,7600.0
121,2025-04-29,11,off,3,188,57,0.2326530612244897,8715.0
121,2025-04-29,12,off,14,649,325,0.3336755646817248,9820.0
121,2025-04-29,13,off,4,59,178,0.7510548523206751,9170.0
121,2025-04-29,14,off,11,127,461,0.7840136054421769,10330.0
121,2025-04-29,15,off,7,118,461,0.7962003454231433,9070.0
122,2025-05-06,0,peak,88,76,513,0.8709677419354839,9720.0
122,2025-05-06,1,peak,141,96,977,0.9105312208760484,10555.0
122,2025-05-06,2,peak,124,103,970,0.9040074557315936,10730.0
122,2025-05-06,3,peak,214,74,1696,0.9581920903954804,11440.0
122,2025-05-06,4,peak,123,128,955,0.8818097876269622,10950.0
122,2025-05-06,5,peak,124,93,923,0.908464566929134,10860.0
122,2025-05-06,6,peak,197,71,1207,0.9444444444444444,11250.0
122,2025-05-06,7,peak,230,538,885,0.6219255094869993,10310.0
122,2025-05-06,9,peak,60,79,435,0.8463035019455253,9550.0
122,2025-05-06,10,peak,111,176,424,0.7066666666666667,7585.0
122,2025-05-06,11,peak,21,180,65,0.2653061224489796,8760.0
122,2025-05-06,12,peak,103,550,424,0.4353182751540041,9965.0
122,2025-05-06,13,peak,36,55,182,0.7679324894514767,9130.0
122,2025-05-06,14,peak,67,111,477,0.8112244897959183,10720.0
122,2025-05-06,15,peak,36,114,465,0.8031088082901554,9570.0
123,2025-05-13,0,peak,65,66,523,0.8879456706281834,10355.0
123,2025-05-13,1,peak,119,64,1009,0.940354147250699,10845.0
123,2025-05-13,2,peak,124,68,1005,0.9366262814538676,10900.0
123,2025-05-13,3,peak,195,39,1731,0.9779661016949152,11670.0
123,2025-05-13,4,peak,139,73,1010,0.9325946445060018,11040.0
123,2025-05-13,5,peak,151,69,947,0.9320866141732284,11170.0
123,2025-05-13,6,peak,181,34,1244,0.97339593114241,11315.0
123,2025-05-13,7,peak,206,359,1064,0.7477160927617709,10620.0
123,2025-05-13,9,peak,60,68,446,0.867704280155642,9790.0
123,2025-05-13,10,peak,91,163,437,0.7283333333333334,7620.0
123,2025-05-13,11,peak,28,157,88,0.3591836734693877,8690.0
123,2025-05-13,12,peak,98,466,508,0.5215605749486653,10000.0
123,2025-05-13,13,peak,28,59,178,0.7510548523206751,9790.0
123,2025-05-13,14,peak,87,81,507,0.8622448979591837,10730.0
123,2025-05-13,15,peak,37,108,471,0.8134715025906736,9950.0
124,2025-05-20,0,peak,63,60,529,0.8981324278438031,10525.0
124,2025-05-20,1,peak,119,47,1026,0.956197576887232,11150.0
124,2025-05-20,2,peak,146,44,1029,0.9589934762348556,11190.0
124,2025-05-20,3,peak,205,22,1748,0.9875706214689266,12810.0
124,2025-05-20,4,peak,144,37,1046,0.9658356417359188,10800.0
124,2025-05-20,5,peak,165,43,973,0.9576771653543308,11150.0
124,2025-05-20,6,peak,171,19,1259,0.985133020344288,11370.0
124,2025-05-20,7,peak,232,187,1236,0.8685874912157414,10430.0
124,2025-05-20,9,peak,57,58,456,0.8871595330739299,9890.0
124,2025-05-20,10,peak,94,161,439,0.7316666666666667,7900.0
124,2025-05-20,11,peak,26,141,104,0.4244897959183673,8790.0
124,2025-05-20,12,peak,108,372,602,0.6180698151950719,10000.0
124,2025-05-20,13,peak,33,55,182,0.7679324894514767,10020.0
124,2025-05-20,14,peak,79,65,523,0.8894557823129252,10560.0
124,2025-05-20,15,peak,49,97,482,0.8324697754749568,9960.0
125,2025-05-27,0,peak,66,53,536,0.9100169779286928,10700.0
125,2025-05-27,1,peak,114,37,1036,0.9655172413793104,11200.0
125,2025-05-27,2,peak,120,43,1030,0.9599254426840632,11640.0
125,2025-05-27,3,peak,206,19,1751,0.989265536723164,12660.0
125,2025-05-27,4,peak,158,27,1056,0.9750692520775625,10800.0
125,2025-05-27,5,peak,142,34,982,0.966535433070866,11170.0
125,2025-05-27,6,peak,191,16,1262,0.9874804381846636,12110.0
125,2025-05-27,7,peak,218,78,1345,0.9451862262825016,9995.0
125,2025-05-27,9,peak,56,45,469,0.9124513618677044,10290.0
125,2025-05-27,10,peak,92,152,448,0.7466666666666667,8000.0
125,2025-05-27,11,peak,23,124,121,0.4938775510204081,8760.0
125,2025-05-27,12,peak,107,284,690,0.7084188911704312,10045.0
125,2025-05-27,13,peak,39,48,189,0.7974683544303798,10405.0
125,2025-05-27,14,peak,89,50,538,0.9149659863945578,10640.0
125,2025-05-27,15,peak,41,88,491,0.8480138169257341,10110.0
126,2025-06-03,0,peak,67,42,547,0.928692699490662,10880.0
126,2025-06-03,1,peak,141,24,1049,0.977632805219012,12200.0
126,2025-06-03,2,peak,135,29,1044,0.972972972972973,11270.0
126,2025-06-03,3,peak,232,10,1760,0.9943502824858758,12885.0
126,2025-06-03,4,peak,116,24,1059,0.9778393351800554,11115.0
126,2025-06-03,5,peak,138,28,988,0.9724409448818898,11455.0
126,2025-06-03,6,peak,174,9,1269,0.9929577464788732,12170.0
126,2025-06-03,7,peak,209,33,1390,0.9768095572733662,10570.0
126,2025-06-03,9,peak,51,44,470,0.914396887159533,10430.0
126,2025-06-03,10,peak,103,139,461,0.7683333333333333,8110.0
126,2025-06-03,11,peak,25,110,135,0.5510204081632653,8760.0
126,2025-06-03,12,peak,106,197,777,0.797741273100616,10070.0
126,2025-06-03,13,peak,29,45,192,0.810126582278481,10580.0
126,2025-06-03,14,peak,95,38,550,0.935374149659864,10725.0
126,2025-06-03,15,peak,51,82,497,0.8583765112262521,10340.0
127,2025-06-10,0,peak,69,35,554,0.9405772495755518,10960.0
127,2025-06-10,1,peak,125,24,1049,0.977632805219012,11490.0
127,2025-06-10,2,peak,132,24,1049,0.977632805219012,11280.0
127,2025-06-10,3,peak,218,8,1762,0.9954802259887006,13500.0
127,2025-06-10,4,peak,131,13,1070,0.9879963065558632,11170.0
127,2025-06-10,5,peak,156,25,991,0.9753937007874016,11780.0
127,2025-06-10,6,peak,208,6,1272,0.9953051643192488,12930.0
127,2025-06-10,7,peak,204,18,1405,0.9873506676036542,10245.0
127,2025-06-10,9,peak,61,42,472,0.9182879377431906,10695.0
127,2025-06-10,10,peak,102,128,472,0.7866666666666666,8190.0
127,2025-06-10,11,peak,22,97,148,0.6040816326530613,8790.0
127,2025-06-10,12,peak,97,141,833,0.8552361396303901,9930.0
127,2025-06-10,13,peak,22,50,187,0.7890295358649789,10325.0
127,2025-06-10,14,peak,79,29,559,0.9506802721088436,10560.0
127,2025-06-10,15,peak,42,79,500,0.8635578583765112,10510.0
128,2025-06-17,0,peak,85,32,557,0.9456706281833616,10880.0
128,2025-06-17,1,peak,123,23,1050,0.97856477166822,11370.0
128,2025-06-17,2,peak,120,22,1051,0.9794967381174278,11400.0
128,2025-06-17,3,peak,215,5,1765,0.9971751412429378,12010.0
128,2025-06-17,4,peak,122,12,1071,0.9889196675900276,11140.0
128,2025-06-17,5,peak,153,20,996,0.9803149606299212,11720.0
128,2025-06-17,6,peak,207,5,1273,0.9960876369327074,13170.0
128,2025-06-17,7,peak,226,7,1416,0.9950808151791988,11450.0
128,2025-06-17,9,peak,48,38,476,0.926070038910506,10695.0
128,2025-06-17,10,peak,89,127,473,0.7883333333333333,8210.0
128,2025-06-17,11,peak,23,88,157,0.6408163265306123,8790.0
128,2025-06-17,12,peak,104,86,888,0.9117043121149896,10130.0
128,2025-06-17,13,peak,24,46,191,0.8059071729957806,10280.0
128,2025-06-17,14,peak,80,32,556,0.9455782312925172,10580.0
128,2025-06-17,15,peak,28,80,499,0.8618307426597582,10635.0
129,2025-06-24,0,peak,82,26,563,0.9558573853989814,10985.0
129,2025-06-24,1,peak,111,23,1050,0.97856477166822,11290.0
129,2025-06-24,2,peak,133,18,1055,0.983224603914259,13075.0
129,2025-06-24,3,peak,229,5,1765,0.9971751412429378,12010.0
129,2025-06-24,4,peak,126,7,1076,0.9935364727608494,11270.0
129,2025-06-24,5,peak,173,16,1000,0.984251968503937,12195.0
129,2025-06-24,6,peak,182,5,1273,0.9960876369327074,14920.0
129,2025-06-24,7,peak,223,1,1422,0.999297259311314,13830.0
129,2025-06-24,9,peak,50,35,479,0.9319066147859922,11010.0
129,2025-06-24,10,peak,99,124,476,0.7933333333333333,8210.0
129,2025-06-24,11,peak,14,82,163,0.6653061224489796,8875.0
129,2025-06-24,12,peak,85,63,911,0.935318275154004,10520.0
129,2025-06-24,13,peak,24,44,193,0.8143459915611815,10325.0
129,2025-06-24,14,peak,93,27,561,0.9540816326530612,10560.0
129,2025-06-24,15,peak,43,80,499,0.8618307426597582,10605.0
130,2025-07-01,0,peak,80,20,569,0.966044142614601,11235.0
130,2025-07-01,1,peak,131,13,1060,0.9878844361602982,11370.0
130,2025-07-01,2,peak,109,20,1053,0.9813606710158436,12555.0
130,2025-07-01,3,peak,215,6,1764,0.9966101694915256,11910.0
130,2025-07-01,4,peak,142,5,1078,0.9953831948291784,11320.0
130,2025-07-01,5,peak,165,13,1003,0.9872047244094488,12110.0
130,2025-07-01,6,peak,177,5,1273,0.9960876369327074,12050.0
130,2025-07-01,7,peak,211,2,1421,0.9985945186226284,12950.0
130,2025-07-01,9,peak,52,32,482,0.9377431906614786,11030.0
130,2025-07-01,10,peak,99,112,488,0.8133333333333334,8190.0
130,2025-07-01,11,peak,24,75,170,0.6938775510204082,8790.0
130,2025-07-01,12,peak,92,41,933,0.957905544147844,10630.0
130,2025-07-01,13,peak,26,36,201,0.8481012658227848,10210.0
130,2025-07-01,14,peak,80,25,563,0.9574829931972788,10330.0
130,2025-07-01,15,peak,42,77,502,0.8670120898100173,10920.0
131,2025-07-08,0,peak,68,19,570,0.967741935483871,11440.0
131,2025-07-08,1,peak,131,11,1062,0.989748369058714,11790.0
131,2025-07-08,2,peak,127,12,1061,0.988816402609506,12370.0
131,2025-07-08,3,peak,207,0,1770,1.0,
131,2025-07-08,4,peak,128,4,1079,0.9963065558633426,13580.0
131,2025-07-08,5,peak,151,8,1008,0.9921259842519684,12490.0
131,2025-07-08,6,peak,191,1,1277,0.9992175273865416,11580.0
131,2025-07-08,7,peak,238,4,1419,0.9971890372452564,14655.0
131,2025-07-08,9,peak,68,22,492,0.9571984435797666,10660.0
131,2025-07-08,10,peak,88,106,494,0.8233333333333334,8165.0
131,2025-07-08,11,peak,29,62,183,0.746938775510204,9250.0
131,2025-07-08,12,peak,95,26,948,0.973305954825462,10745.0
131,2025-07-08,13,peak,33,31,206,0.869198312236287,9990.0
131,2025-07-08,14,peak,70,20,568,0.9659863945578232,10895.0
131,2025-07-08,15,peak,45,67,512,0.8842832469775475,10900.0
132,2025-07-15,0,peak,72,13,576,0.9779286926994908,11220.0
132,2025-07-15,1,peak,142,7,1066,0.9934762348555451,13480.0
132,2025-07-15,2,peak,136,9,1064,0.9916123019571296,11640.0
132,2025-07-15,3,peak,232,1,1769,0.9994350282485877,14040.0
132,2025-07-15,4,peak,121,2,1081,0.9981532779316712,13695.0
132,2025-07-15,5,peak,151,8,1008,0.9921259842519684,12415.0
132,2025-07-15,6,peak,222,4,1274,0.9968701095461658,11560.0
132,2025-07-15,7,peak,232,2,1421,0.9985945186226284,15135.0
132,2025-07-15,9,peak,54,18,496,0.9649805447470816,10660.0
132,2025-07-15,10,peak,90,101,499,0.8316666666666667,8140.0
132,2025-07-15,11,peak,22,56,189,0.7714285714285715,9620.0
132,2025-07-15,12,peak,123,18,956,0.9815195071868584,11105.0
132,2025-07-15,13,peak,36,28,209,0.8818565400843882,9880.0
132,2025-07-15,14,peak,86,21,567,0.9642857142857144,10840.0
132,2025-07-15,15,peak,38,54,525,0.9067357512953368,10900.0
133,2025-07-22,0,peak,69,15,574,0.9745331069609507,10940.0
133,2025-07-22,1,peak,140,8,1065,0.9925442684063374,12450.0
133,2025-07-22,2,peak,132,7,1066,0.9934762348555451,13100.0
133,2025-07-22,3,peak,206,4,1766,0.9977401129943504,14705.0
133,2025-07-22,4,peak,132,7,1076,0.9935364727608494,12140.0
133,2025-07-22,5,peak,136,7,1009,0.9931102362204725,12580.0
133,2025-07-22,6,peak,210,6,1272,0.9953051643192488,11560.0
133,2025-07-22,7,peak,233,2,1421,0.9985945186226284,15135.0
133,2025-07-22,9,peak,47,20,494,0.9610894941634242,10605.0
133,2025-07-22,10,peak,98,93,507,0.845,8110.0
133,2025-07-22,11,peak,36,42,203,0.8285714285714286,9605.0
133,2025-07-22,12,peak,114,10,964,0.9897330595482546,11750.0
133,2025-07-22,13,peak,27,28,209,0.8818565400843882,9845.0
133,2025-07-22,14,peak,83,16,572,0.9727891156462584,10895.0
133,2025-07-22,15,peak,48,44,535,0.924006908462867,10465.0
134,2025-07-29,0,peak,74,14,575,0.9762308998302208,11005.0
134,2025-07-29,1,peak,121,11,1062,0.989748369058714,11790.0
134,2025-07-29,2,peak,120,10,1063,0.9906803355079216,13190.0
134,2025-07-29,3,peak,221,1,1769,0.9994350282485877,14850.0
134,2025-07-29,4,peak,142,6,1077,0.994459833795014,12450.0
134,2025-07-29,5,peak,153,5,1011,0.9950787401574804,12580.0
134,2025-07-29,6,peak,189,5,1273,0.9960876369327074,11790.0
134,2025-07-29,7,peak,180,2,1421,0.9985945186226284,14320.0
134,2025-07-29,9,peak,59,15,499,0.970817120622568,10320.0
134,2025-07-29,10,peak,100,91,509,0.8483333333333334,8190.0
134,2025-07-29,11,peak,28,33,212,0.8653061224489796,9660.0
134,2025-07-29,12,peak,128,3,971,0.9969199178644764,12530.0
134,2025-07-29,13,peak,26,28,209,0.8818565400843882,9765.0
134,2025-07-29,14,peak,77,15,573,0.9744897959183674,10840.0
134,2025-07-29,15,peak,53,36,543,0.9378238341968912,10900.0
135,2025-08-05,0,normal,20,15,574,0.9745331069609507,11070.0
135,2025-08-05,1,normal,45,19,1054,0.9822926374650512,11250.0
135,2025-08-05,2,normal,45,16,1057,0.9850885368126748,13190.0
135,2025-08-05,3,normal,70,11,1759,0.9937853107344632,12720.0
135,2025-08-05,4,normal,36,15,1068,0.9861495844875346,12210.0
135,2025-08-05,5,normal,47,11,1005,0.9891732283464568,11130.0
135,2025-08-05,6,normal,56,10,1268,0.9921752738654148,12555.0
135,2025-08-05,7,normal,60,2,1421,0.9985945186226284,13725.0
135,2025-08-05,9,normal,22,17,497,0.9669260700389104,10080.0
135,2025-08-05,10,normal,37,89,511,0.8516666666666667,8110.0
135,2025-08-05,11,normal,9,34,211,0.8612244897959184,9680.0
135,2025-08-05,12,normal,31,4,970,0.995893223819302,11285.0
135,2025-08-05,13,normal,12,25,212,0.8945147679324894,9740.0
135,2025-08-05,14,normal,20,16,572,0.9727891156462584,10895.0
135,2025-08-05,15,normal,17,36,543,0.9378238341968912,10575.0
136,2025-08-12,0,normal,30,16,573,0.9728353140916808,10800.0
136,2025-08-12,1,normal,36,21,1052,0.9804287045666356,11600.0
136,2025-08-12,2,normal,47,22,1051,0.9794967381174278,12010.0
136,2025-08-12,3,normal,75,12,1758,0.9932203389830508,11545.0
136,2025-08-12,4,normal,26,21,1062,0.9806094182825484,12330.0
136,2025-08-12,5,normal,40,22,994,0.9783464566929134,10890.0
136,2025-08-12,6,normal,64,13,1265,0.9898278560250392,11340.0
136,2025-08-12,7,normal,76,5,1418,0.9964862965565706,11340.0
136,2025-08-12,9,normal,22,16,498,0.9688715953307392,9980.0
136,2025-08-12,10,normal,27,90,510,0.85,8100.0
136,2025-08-12,11,normal,9,33,212,0.8653061224489796,9660.0
136,2025-08-12,12,normal,29,5,969,0.9948665297741272,10040.0
136,2025-08-12,13,normal,12,25,212,0.8945147679324894,9660.0
136,2025-08-12,14,normal,40,18,570,0.9693877551020408,10835.0
136,2025-08-12,15,normal,7,37,542,0.9360967184801382,10550.0
137,2025-08-19,0,normal,27,18,571,0.969439728353141,10590.0
137,2025-08-19,1,normal,47,22,1051,0.9794967381174278,11440.0
137,2025-08-19,2,normal,53,23,1050,0.97856477166822,10640.0
137,2025-08-19,3,normal,71,15,1755,0.9915254237288136,12730.0
137,2025-08-19,4,normal,55,20,1063,0.9815327793167128,12055.0
137,2025-08-19,5,normal,47,27,989,0.9734251968503936,11130.0
137,2025-08-19,6,normal,64,16,1262,0.9874804381846636,11395.0
137,2025-08-19,7,normal,86,4,1419,0.9971890372452564,13285.0
137,2025-08-19,9,normal,15,17,497,0.9669260700389104,9660.0
137,2025-08-19,10,normal,29,95,505,0.8416666666666667,8090.0
137,2025-08-19,11,normal,13,32,213,0.8693877551020408,9605.0
137,2025-08-19,12,normal,32,6,968,0.9938398357289528,11465.0
137,2025-08-19,13,normal,13,25,212,0.8945147679324894,9590.0
137,2025-08-19,14,normal,18,22,566,0.9625850340136054,10890.0
137,2025-08-19,15,normal,16,38,541,0.9343696027633852,10200.0
138,2025-08-26,0,normal,17,20,569,0.966044142614601,10590.0
138,2025-08-26,1,normal,44,25,1048,0.9767008387698044,11190.0
138,2025-08-26,2,normal,42,27,1046,0.9748369058713886,10330.0
138,2025-08-26,3,normal,81,23,1747,0.987005649717514,12560.0
138,2025-08-26,4,normal,35,30,1053,0.9722991689750692,11620.0
138,2025-08-26,5,normal,46,32,984,0.968503937007874,11550.0
138,2025-08-26,6,normal,55,19,1259,0.985133020344288,10850.0
138,2025-08-26,7,normal,90,0,1423,1.0,
138,2025-08-26,9,normal,10,18,496,0.9649805447470816,9730.0
138,2025-08-26,10,normal,37,92,508,0.8466666666666667,8040.0
138,2025-08-26,11,normal,8,32,213,0.8693877551020408,9605.0
138,2025-08-26,12,normal,38,5,969,0.9948665297741272,11940.0
138,2025-08-26,13,normal,14,27,210,0.8860759493670886,9660.0
138,2025-08-26,14,normal,30,21,567,0.9642857142857144,10940.0
138,2025-08-26,15,normal,13,37,542,0.9360967184801382,10380.0
139,2025-09-02,0,normal,27,31,558,0.9473684210526316,10340.0
139,2025-09-02,1,normal,44,23,1050,0.97856477166822,11650.0
139,2025-09-02,2,normal,54,35,1038,0.967381174277726,10320.0
139,2025-09-02,3,normal,78,25,1745,0.9858757062146892,12980.0
139,2025-09-02,4,normal,39,41,1042,0.9621421975992612,11640.0
139,2025-09-02,5,normal,51,39,977,0.9616141732283464,11130.0
139,2025-09-02,6,normal,50,26,1252,0.9796557120500784,11175.0
139,2025-09-02,7,normal,56,0,1423,1.0,
139,2025-09-02,9,normal,27,18,496,0.9649805447470816,9820.0
139,2025-09-02,10,normal,29,95,505,0.8416666666666667,8010.0
139,2025-09-02,11,normal,6,33,212,0.8653061224489796,9660.0
139,2025-09-02,12,normal,29,5,969,0.9948665297741272,11180.0
139,2025-09-02,13,normal,14,28,209,0.8818565400843882,9610.0
139,2025-09-02,14,normal,28,26,562,0.95578231292517,10945.0
139,2025-09-02,15,normal,8,42,537,0.927461139896373,10045.0
140,2025-09-09,0,normal,27,33,556,0.9439728353140916,10340.0
140,2025-09-09,1,normal,37,34,1039,0.968313140726934,11780.0
140,2025-09-09,2,normal,27,38,1035,0.9645852749301024,10195.0
140,2025-09-09,3,normal,77,29,1741,0.9836158192090396,12500.0
140,2025-09-09,4,normal,45,35,1048,0.9676823638042474,12010.0
140,2025-09-09,5,normal,52,39,977,0.9616141732283464,10890.0
140,2025-09-09,6,normal,72,29,1249,0.9773082942097028,11150.0
140,2025-09-09,7,normal,67,2,1421,0.9985945186226284,13385.0
140,2025-09-09,9,normal,22,17,497,0.9669260700389104,9800.0
140,2025-09-09,10,normal,29,98,502,0.8366666666666667,7920.0
140,2025-09-09,11,normal,7,33,212,0.8653061224489796,9660.0
140,2025-09-09,12,normal,35,5,969,0.9948665297741272,11750.0
140,2025-09-09,13,normal,7,29,208,0.8776371308016878,9490.0
140,2025-09-09,14,normal,29,31,557,0.9472789115646258,10950.0
140,2025-09-09,15,normal,13,39,540,0.932642487046632,10380.0
141,2025-09-16,0,normal,22,39,550,0.933786078098472,10230.0
141,2025-09-16,1,normal,43,40,1033,0.9627213420316868,11435.0
141,2025-09-16,2,normal,47,38,1035,0.9645852749301024,10165.0
141,2025-09-16,3,normal,66,30,1740,0.9830508474576272,12345.0
141,2025-09-16,4,normal,56,31,1052,0.971375807940905,11400.0
141,2025-09-16,5,normal,58,39,977,0.9616141732283464,11140.0
141,2025-09-16,6,normal,71,28,1250,0.9780907668231612,11415.0
141,2025-09-16,7,normal,80,2,1421,0.9985945186226284,13385.0
141,2025-09-16,9,normal,18,18,496,0.9649805447470816,9730.0
141,2025-09-16,10,normal,30,99,501,0.835,7850.0
141,2025-09-16,11,normal,7,33,212,0.8653061224489796,9660.0
141,2025-09-16,12,normal,31,5,969,0.9948665297741272,11180.0
141,2025-09-16,13,normal,10,30,207,0.8734177215189873,9530.0
141,2025-09-16,14,normal,22,34,554,0.9421768707482994,11400.0
141,2025-09-16,15,normal,17,42,537,0.927461139896373,9840.0
142,2025-09-23,0,normal,25,37,552,0.9371816638370118,10020.0
142,2025-09-23,1,normal,32,55,1018,0.9487418452935694,11090.0
142,2025-09-23,2,normal,41,55,1018,0.9487418452935694,10490.0
142,2025-09-23,3,normal,67,37,1733,0.97909604519774,12320.0
142,2025-09-23,4,normal,38,47,1036,0.9566020313942752,11400.0
142,2025-09-23,5,normal,45,52,964,0.9488188976377953,11335.0
142,2025-09-23,6,normal,62,31,1247,0.9757433489827856,11060.0
142,2025-09-23,7,normal,67,7,1416,0.9950808151791988,12010.0
142,2025-09-23,9,normal,11,24,490,0.953307392996109,10840.0
142,2025-09-23,10,normal,33,104,496,0.8266666666666667,7905.0
142,2025-09-23,11,normal,14,32,213,0.8693877551020408,9680.0
142,2025-09-23,12,normal,33,6,968,0.9938398357289528,11070.0
142,2025-09-23,13,normal,10,32,205,0.8649789029535865,9650.0
142,2025-09-23,14,normal,26,34,554,0.9421768707482994,11155.0
142,2025-09-23,15,normal,13,53,526,0.9084628670120898,9930.0
143,2025-09-30,0,shoulder,32,43,546,0.9269949066213922,10120.0
143,2025-09-30,1,shoulder,79,41,1032,0.961789375582479,11540.0
143,2025-09-30,2,shoulder,66,52,1021,0.9515377446411928,10960.0
143,2025-09-30,3,shoulder,111,37,1733,0.97909604519774,12120.0
143,2025-09-30,4,shoulder,84,39,1044,0.96398891966759,12140.0
143,2025-09-30,5,shoulder,86,42,974,0.9586614173228346,11585.0
143,2025-09-30,6,shoulder,115,28,1250,0.9780907668231612,11540.0
143,2025-09-30,7,shoulder,136,8,1415,0.994378074490513,12305.0
143,2025-09-30,9,shoulder,23,26,488,0.9494163424124512,10500.0
143,2025-09-30,10,shoulder,57,110,490,0.8166666666666667,7920.0
143,2025-09-30,11,shoulder,18,31,214,0.8734693877551021,9660.0
143,2025-09-30,12,shoulder,58,2,972,0.997946611909651,11460.0
143,2025-09-30,13,shoulder,21,32,205,0.8649789029535865,9705.0
143,2025-09-30,14,shoulder,49,33,555,0.9438775510204082,11770.0
143,2025-09-30,15,shoulder,27,49,530,0.915371329879102,10020.0
144,2025-10-07,0,shoulder,39,40,549,0.932088285229202,10385.0
144,2025-10-07,1,shoulder,67,48,1025,0.9552656104380244,11065.0
144,2025-10-07,2,shoulder,94,48,1025,0.9552656104380244,11065.0
144,2025-10-07,3,shoulder,152,33,1737,0.9813559322033898,12330.0
144,2025-10-07,4,shoulder,57,35,1048,0.9676823638042474,12180.0
144,2025-10-07,5,shoulder,93,34,982,0.966535433070866,11345.0
144,2025-10-07,6,shoulder,112,20,1258,0.9843505477308294,11535.0
144,2025-10-07,7,shoulder,114,9,1414,0.9936753338018272,11920.0
144,2025-10-07,9,shoulder,23,28,486,0.9455252918287936,10930.0
144,2025-10-07,10,shoulder,45,117,483,0.805,7950.0
144,2025-10-07,11,shoulder,11,30,215,0.8775510204081632,9680.0
144,2025-10-07,12,shoulder,54,2,972,0.997946611909651,11710.0
144,2025-10-07,13,shoulder,21,31,206,0.869198312236287,9740.0
144,2025-10-07,14,shoulder,41,39,549,0.9336734693877552,11770.0
144,2025-10-07,15,shoulder,24,50,529,0.9136442141623488,10820.0
145,2025-10-14,0,shoulder,34,39,550,0.933786078098472,10060.0
145,2025-10-14,1,shoulder,79,40,1033,0.9627213420316868,11330.0
145,2025-10-14,2,shoulder,85,40,1033,0.9627213420316868,11730.0
145,2025-10-14,3,shoulder,123,46,1724,0.9740112994350284,12375.0
145,2025-10-14,4,shoulder,80,36,1047,0.9667590027700832,12405.0
145,2025-10-14,5,shoulder,97,32,984,0.968503937007874,11345.0
145,2025-10-14,6,shoulder,107,26,1252,0.9796557120500784,12335.0
145,2025-10-14,7,shoulder,113,4,1419,0.9971890372452564,13055.0
145,2025-10-14,9,shoulder,20,32,482,0.9377431906614786,11235.0
145,2025-10-14,10,shoulder,69,106,494,0.8233333333333334,8050.0
145,2025-10-14,11,shoulder,12,29,216,0.8816326530612245,9700.0
145,2025-10-14,12,shoulder,56,2,972,0.997946611909651,11445.0
145,2025-10-14,13,shoulder,18,32,205,0.8649789029535865,9705.0
145,2025-10-14,14,shoulder,48,32,556,0.9455782312925172,11975.0
145,2025-10-14,15,shoulder,19,51,528,0.911917098445596,10760.0
146,2025-10-21,0,shoulder,53,39,550,0.933786078098472,11420.0
146,2025-10-21,1,shoulder,66,45,1028,0.9580615097856476,10910.0
146,2025-10-21,2,shoulder,65,52,1021,0.9515377446411928,11455.0
146,2025-10-21,3,shoulder,144,42,1728,0.976271186440678,12680.0
146,2025-10-21,4,shoulder,73,33,1050,0.969529085872576,12220.0
146,2025-10-21,5,shoulder,80,50,966,0.9507874015748032,11235.0
146,2025-10-21,6,shoulder,117,30,1248,0.976525821596244,12410.0
146,2025-10-21,7,shoulder,125,17,1406,0.98805340829234,13700.0
146,2025-10-21,9,shoulder,44,33,481,0.9357976653696498,11340.0
146,2025-10-21,10,shoulder,52,108,492,0.82,8090.0
146,2025-10-21,11,shoulder,12,28,217,0.8857142857142857,9680.0
146,2025-10-21,12,shoulder,59,5,969,0.9948665297741272,11090.0
146,2025-10-21,13,shoulder,13,32,205,0.8649789029535865,9665.0
146,2025-10-21,14,shoulder,58,44,544,0.9251700680272108,11725.0
146,2025-10-21,15,shoulder,19,55,524,0.9050086355785838,10950.0
147,2025-10-28,0,shoulder,47,43,546,0.9269949066213922,11150.0
147,2025-10-28,1,shoulder,81,51,1022,0.9524697110904008,11530.0
147,2025-10-28,2,shoulder,85,48,1025,0.9552656104380244,12320.0
147,2025-10-28,3,shoulder,106,55,1715,0.9689265536723164,12850.0
147,2025-10-28,4,shoulder,72,48,1035,0.9556786703601108,12480.0
147,2025-10-28,5,shoulder,78,61,955,0.9399606299212598,11450.0
147,2025-10-28,6,shoulder,104,43,1235,0.9663536776212832,12520.0
147,2025-10-28,7,shoulder,121,26,1397,0.9817287420941672,13420.0
147,2025-10-28,9,shoulder,28,40,474,0.9221789883268484,11390.0
147,2025-10-28,10,shoulder,51,115,485,0.8083333333333333,8110.0
147,2025-10-28,11,shoulder,15,28,217,0.8857142857142857,9750.0
147,2025-10-28,12,shoulder,68,11,963,0.98870636550308,13640.0
147,2025-10-28,13,shoulder,28,38,199,0.8396624472573839,9930.0
147,2025-10-28,14,shoulder,40,52,536,0.91156462585034,11590.0
147,2025-10-28,15,shoulder,27,58,521,0.8998272884283247,10790.0
148,2025-11-04,0,shoulder,39,42,547,0.928692699490662,10965.0
148,2025-11-04,1,shoulder,63,50,1023,0.9534016775396086,11440.0
148,2025-11-04,2,shoulder,78,52,1021,0.9515377446411928,12460.0
148,2025-11-04,3,shoulder,124,40,1730,0.9774011299435028,13425.0
148,2025-11-04,4,shoulder,74,50,1033,0.953831948291782,12465.0
148,2025-11-04,5,shoulder,75,57,959,0.9438976377952756,11450.0
148,2025-11-04,6,shoulder,118,35,1243,0.9726134585289516,12460.0
148,2025-11-04,7,shoulder,132,28,1395,0.9803232607167957,13395.0
148,2025-11-04,9,shoulder,41,44,470,0.914396887159533,11330.0
148,2025-11-04,10,shoulder,67,116,484,0.8066666666666666,8115.0
148,2025-11-04,11,shoulder,16,27,218,0.889795918367347,9800.0
148,2025-11-04,12,shoulder,63,16,958,0.9835728952772074,13740.0
148,2025-11-04,13,shoulder,16,42,195,0.8227848101265823,9845.0
148,2025-11-04,14,shoulder,48,53,535,0.9098639455782312,11250.0
148,2025-11-04,15,shoulder,20,64,515,0.8894645941278065,10635.0
149,2025-11-11,0,shoulder,36,42,547,0.928692699490662,10575.0
149,2025-11-11,1,shoulder,89,52,1021,0.9515377446411928,11910.0
149,2025-11-11,2,shoulder,74,55,1018,0.9487418452935694,12330.0
149,2025-11-11,3,shoulder,113,31,1739,0.9824858757062148,13350.0
149,2025-11-11,4,shoulder,79,43,1040,0.9602954755309326,12410.0
149,2025-11-11,5,shoulder,96,57,959,0.9438976377952756,11110.0
149,2025-11-11,6,shoulder,121,29,1249,0.9773082942097028,12790.0
149,2025-11-11,7,shoulder,117,25,1398,0.9824314827828532,12820.0
149,2025-11-11,9,shoulder,22,50,464,0.9027237354085604,11885.0
149,2025-11-11,10,shoulder,50,116,484,0.8066666666666666,8155.0
149,2025-11-11,11,shoulder,19,27,218,0.889795918367347,9800.0
149,2025-11-11,12,shoulder,56,23,951,0.9763860369609856,12800.0
149,2025-11-11,13,shoulder,19,46,191,0.8059071729957806,9805.0
149,2025-11-11,14,shoulder,41,51,537,0.9132653061224488,10920.0
149,2025-11-11,15,shoulder,24,68,511,0.8825561312607945,10635.0
150,2025-11-18,0,shoulder,46,44,545,0.9252971137521222,10495.0
150,2025-11-18,1,shoulder,85,43,1030,0.9599254426840632,11460.0
150,2025-11-18,2,shoulder,59,49,1024,0.9543336439888164,12410.0
150,2025-11-18,3,shoulder,122,30,1740,0.9830508474576272,12890.0
150,2025-11-18,4,shoulder,72,48,1035,0.9556786703601108,12530.0
150,2025-11-18,5,shoulder,79,46,970,0.9547244094488188,11085.0
150,2025-11-18,6,shoulder,133,29,1249,0.9773082942097028,13340.0
150,2025-11-18,7,shoulder,130,16,1407,0.988756148981026,12340.0
150,2025-11-18,9,shoulder,44,51,463,0.9007782101167316,11440.0
150,2025-11-18,10,shoulder,62,122,478,0.7966666666666666,8210.0
150,2025-11-18,11,shoulder,19,32,213,0.8693877551020408,9870.0
150,2025-11-18,12,shoulder,71,21,953,0.9784394250513349,12760.0
150,2025-11-18,13,shoulder,19,46,191,0.8059071729957806,10110.0
150,2025-11-18,14,shoulder,49,46,542,0.9217687074829932,11365.0
150,2025-11-18,15,shoulder,27,72,507,0.8756476683937824,10485.0
151,2025-11-25,0,shoulder,43,44,545,0.9252971137521222,10140.0
151,2025-11-25,1,shoulder,75,43,1030,0.9599254426840632,11770.0
151,2025-11-25,2,shoulder,81,41,1032,0.961789375582479,12570.0
151,2025-11-25,3,shoulder,115,23,1747,0.987005649717514,13160.0
151,2025-11-25,4,shoulder,72,38,1045,0.9649122807017544,12715.0
151,2025-11-25,5,shoulder,96,34,982,0.966535433070866,11395.0
151,2025-11-25,6,shoulder,108,32,1246,0.974960876369327,12355.0
151,2025-11-25,7,shoulder,124,13,1410,0.9908643710470836,13890.0
151,2025-11-25,9,shoulder,26,48,466,0.906614785992218,11465.0
151,2025-11-25,10,shoulder,55,129,471,0.785,8190.0
151,2025-11-25,11,shoulder,16,31,214,0.8734693877551021,9840.0
151,2025-11-25,12,shoulder,77,22,952,0.9774127310061602,12595.0
151,2025-11-25,13,shoulder,14,46,191,0.8059071729957806,9735.0
151,2025-11-25,14,shoulder,42,47,541,0.9200680272108844,11100.0
151,2025-11-25,15,shoulder,25,74,505,0.8721934369602763,10555.0
152,2025-12-02,0,normal,24,50,539,0.9151103565365024,10295.0
152,2025-12-02,1,normal,43,45,1028,0.9580615097856476,10770.0
152,2025-12-02,2,normal,43,39,1034,0.9636533084808948,12260.0
152,2025-12-02,3,normal,81,27,1743,0.9847457627118644,12820.0
152,2025-12-02,4,normal,52,32,1051,0.9704524469067404,12290.0
152,2025-12-02,5,normal,40,41,975,0.9596456692913384,11370.0
152,2025-12-02,6,normal,62,36,1242,0.971830985915493,12175.0
152,2025-12-02,7,normal,68,29,1394,0.9796205200281096,12340.0
152,2025-12-02,9,normal,13,52,462,0.8988326848249028,11080.0
152,2025-12-02,10,normal,26,133,467,0.7783333333333333,8010.0
152,2025-12-02,11,normal,8,33,212,0.8653061224489796,9850.0
152,2025-12-02,12,normal,31,40,934,0.9589322381930184,11955.0
152,2025-12-02,13,normal,7,47,190,0.8016877637130801,9790.0
152,2025-12-02,14,normal,15,54,534,0.9081632653061223,10940.0
152,2025-12-02,15,normal,13,74,505,0.8721934369602763,10470.0
153,2025-12-09,0,normal,23,49,540,0.9168081494057724,10070.0
153,2025-12-09,1,normal,48,39,1034,0.9636533084808948,10770.0
153,2025-12-09,2,normal,49,38,1035,0.9645852749301024,12375.0
153,2025-12-09,3,normal,69,33,1737,0.9813559322033898,12500.0
153,2025-12-09,4,normal,28,43,1040,0.9602954755309326,11790.0
153,2025-12-09,5,normal,66,44,972,0.9566929133858268,11420.0
153,2025-12-09,6,normal,61,33,1245,0.9741784037558684,12230.0
153,2025-12-09,7,normal,59,35,1388,0.9754040758959944,11430.0
153,2025-12-09,9,normal,22,51,463,0.9007782101167316,11180.0
153,2025-12-09,10,normal,21,135,465,0.775,8010.0
153,2025-12-09,11,normal,7,34,211,0.8612244897959184,9845.0
153,2025-12-09,12,normal,34,45,929,0.9537987679671458,11630.0
153,2025-12-09,13,normal,8,49,188,0.7932489451476793,9880.0
153,2025-12-09,14,normal,20,56,532,0.9047619047619048,10940.0
153,2025-12-09,15,normal,16,72,507,0.8756476683937824,10555.0
154,2025-12-16,0,normal,11,54,535,0.9083191850594228,9915.0
154,2025-12-16,1,normal,59,44,1029,0.9589934762348556,11485.0
154,2025-12-16,2,normal,52,42,1031,0.9608574091332712,12330.0
154,2025-12-16,3,normal,62,32,1738,0.9819209039548022,12340.0
154,2025-12-16,4,normal,39,44,1039,0.9593721144967684,11905.0
154,2025-12-16,5,normal,44,48,968,0.952755905511811,11770.0
154,2025-12-16,6,normal,62,38,1240,0.970266040688576,12190.0
154,2025-12-16,7,normal,72,32,1391,0.977512297962052,11610.0
154,2025-12-16,9,normal,14,53,461,0.896887159533074,10770.0
154,2025-12-16,10,normal,25,133,467,0.7783333333333333,8010.0
154,2025-12-16,11,normal,12,34,211,0.8612244897959184,9785.0
154,2025-12-16,12,normal,36,46,928,0.9527720739219712,12005.0
154,2025-12-16,13,normal,7,48,189,0.7974683544303798,9835.0
154,2025-12-16,14,normal,26,59,529,0.8996598639455783,11100.0
154,2025-12-16,15,normal,7,78,501,0.8652849740932642,10485.0
155,2025-12-23,0,normal,19,54,535,0.9083191850594228,9855.0
155,2025-12-23,1,normal,41,42,1031,0.9608574091332712,11545.0
155,2025-12-23,2,normal,38,42,1031,0.9608574091332712,12050.0
155,2025-12-23,3,normal,77,29,1741,0.9836158192090396,12500.0
155,2025-12-23,4,normal,36,50,1033,0.953831948291782,11730.0
155,2025-12-23,5,normal,44,46,970,0.9547244094488188,11895.0
155,2025-12-23,6,normal,72,40,1238,0.9687010954616588,11760.0
155,2025-12-23,7,normal,67,37,1386,0.9739985945186226,11430.0
155,2025-12-23,9,normal,16,56,458,0.8910505836575876,10615.0
155,2025-12-23,10,normal,30,134,466,0.7766666666666666,7965.0
155,2025-12-23,11,normal,9,42,203,0.8285714285714286,9680.0
155,2025-12-23,12,normal,43,52,922,0.946611909650924,11430.0
155,2025-12-23,13,normal,5,50,187,0.7890295358649789,9730.0
155,2025-12-23,14,normal,32,60,528,0.8979591836734694,11100.0
155,2025-12-23,15,normal,12,82,497,0.8583765112262521,10295.0
156,2025-12-30,0,normal,24,57,532,0.9032258064516128,9880.0
156,2025-12-30,1,normal,41,41,1032,0.961789375582479,11490.0
156,2025-12-30,2,normal,32,46,1027,0.9571295433364398,11665.0
156,2025-12-30,3,normal,80,26,1744,0.9853107344632768,12415.0
156,2025-12-30,4,normal,46,48,1035,0.9556786703601108,11115.0
156,2025-12-30,5,normal,39,49,967,0.9517716535433072,11750.0
156,2025-12-30,6,normal,67,33,1245,0.9741784037558684,11880.0
156,2025-12-30,7,normal,69,37,1386,0.9739985945186226,11250.0
156,2025-12-30,8,normal,33,819,31,0.0364705882352941,11240.0
156,2025-12-30,9,normal,20,56,458,0.8910505836575876,10415.0
156,2025-12-30,10,normal,35,131,469,0.7816666666666666,7920.0
156,2025-12-30,11,normal,8,42,203,0.8285714285714286,9645.0
156,2025-12-30,12,normal,36,55,919,0.9435318275154004,11080.0
156,2025-12-30,13,normal,12,49,188,0.7932489451476793,9790.0
156,2025-12-30,14,normal,22,61,527,0.8962585034013606,10820.0
156,2025-12-30,15,normal,14,77,502,0.8670120898100173,10150.0
156,2025-12-30,16,normal,19,504,12,0.0232558139534883,9850.0
156,2025-12-30,18,normal,15,500,12,0.0234375,11195.0
157,2026-01-06,0,normal,36,53,536,0.9100169779286928,10020.0
157,2026-01-06,1,normal,43,43,1030,0.9599254426840632,10920.0
157,2026-01-06,2,normal,33,48,1025,0.9552656104380244,11230.0
157,2026-01-06,3,normal,68,31,1739,0.9824858757062148,12180.0
157,2026-01-06,4,normal,37,47,1036,0.9566020313942752,11110.0
157,2026-01-06,5,normal,35,52,964,0.9488188976377953,12000.0
157,2026-01-06,6,normal,60,33,1245,0.9741784037558684,11880.0
157,2026-01-06,7,normal,66,36,1387,0.9747013352073084,11280.0
157,2026-01-06,8,normal,55,769,81,0.0952941176470588,11260.0
157,2026-01-06,9,normal,15,54,460,0.8949416342412452,10220.0
157,2026-01-06,10,normal,39,126,474,0.79,7945.0
157,2026-01-06,11,normal,8,42,203,0.8285714285714286,9645.0
157,2026-01-06,12,normal,34,50,924,0.9486652977412732,11480.0
157,2026-01-06,13,normal,14,45,192,0.810126582278481,9670.0
157,2026-01-06,14,normal,20,60,528,0.8979591836734694,10785.0
157,2026-01-06,15,normal,11,78,501,0.8652849740932642,10345.0
157,2026-01-06,16,normal,14,495,21,0.0406976744186046,9900.0
157,2026-01-06,18,normal,11,491,21,0.041015625,11230.0
158,2026-01-13,0,normal,16,51,538,0.9134125636672326,10110.0
158,2026-01-13,1,normal,35,45,1028,0.9580615097856476,10910.0
158,2026-01-13,2,normal,34,56,1017,0.9478098788443616,11135.0
158,2026-01-13,3,normal,72,32,1738,0.9819209039548022,12205.0
158,2026-01-13,4,normal,47,40,1043,0.9630655586334256,11140.0
158,2026-01-13,5,normal,53,46,970,0.9547244094488188,12000.0
158,2026-01-13,6,normal,65,26,1252,0.9796557120500784,11930.0
158,2026-01-13,7,normal,61,26,1397,0.9817287420941672,11190.0
158,2026-01-13,8,normal,47,730,120,0.1411764705882353,11285.0
158,2026-01-13,9,normal,20,54,460,0.8949416342412452,10165.0
158,2026-01-13,10,normal,21,128,472,0.7866666666666666,7910.0
158,2026-01-13,11,normal,15,41,204,0.8326530612244898,9570.0
158,2026-01-13,12,normal,45,39,935,0.9599589322381932,10340.0
158,2026-01-13,13,normal,11,45,192,0.810126582278481,9660.0
158,2026-01-13,14,normal,25,54,534,0.9081632653061223,10910.0
158,2026-01-13,15,normal,15,76,503,0.8687392055267703,10200.0
158,2026-01-13,16,normal,15,481,35,0.067829457364341,9920.0
158,2026-01-13,18,normal,17,475,37,0.072265625,11230.0
159,2026-01-20,0,normal,28,44,545,0.9252971137521222,10380.0
159,2026-01-20,1,normal,49,38,1035,0.9645852749301024,10970.0
159,2026-01-20,2,normal,49,46,1027,0.9571295433364398,11095.0
159,2026-01-20,3,normal,83,28,1742,0.984180790960452,12310.0
159,2026-01-20,4,normal,47,37,1046,0.9658356417359188,11570.0
159,2026-01-20,5,normal,55,36,980,0.9645669291338582,11845.0
159,2026-01-20,6,normal,71,23,1255,0.9820031298904538,12470.0
159,2026-01-20,7,normal,86,15,1408,0.9894588896697118,11480.0
159,2026-01-20,8,normal,47,689,161,0.1894117647058823,11370.0
159,2026-01-20,9,normal,20,50,464,0.9027237354085604,10120.0
159,2026-01-20,10,normal,33,130,470,0.7833333333333333,7900.0
159,2026-01-20,11,normal,11,40,205,0.8367346938775511,9465.0
159,2026-01-20,12,normal,39,28,946,0.971252566735113,10675.0
159,2026-01-20,13,normal,14,47,190,0.8016877637130801,9670.0
159,2026-01-20,14,normal,31,51,537,0.9132653061224488,10750.0
159,2026-01-20,15,normal,12,77,502,0.8670120898100173,10000.0
159,2026-01-20,16,normal,22,466,50,0.0968992248062015,9940.0
159,2026-01-20,18,normal,21,456,56,0.109375,11240.0
160,2026-01-27,0,normal,21,41,548,0.930390492359932,10050.0
160,2026-01-27,1,normal,45,41,1032,0.961789375582479,10360.0
160,2026-01-27,2,normal,36,49,1024,0.9543336439888164,11070.0
160,2026-01-27,3,normal,57,30,1740,0.9830508474576272,12325.0
160,2026-01-27,4,normal,41,44,1039,0.9593721144967684,11685.0
160,2026-01-27,5,normal,59,36,980,0.9645669291338582,11845.0
160,2026-01-27,6,normal,68,26,1252,0.9796557120500784,12320.0
160,2026-01-27,7,normal,71,16,1407,0.988756148981026,11025.0
160,2026-01-27,8,normal,51,647,203,0.2388235294117647,10870.0
160,2026-01-27,9,normal,16,48,466,0.906614785992218,10335.0
160,2026-01-27,10,normal,35,128,472,0.7866666666666666,7935.0
160,2026-01-27,11,normal,14,40,205,0.8367346938775511,9425.0
160,2026-01-27,12,normal,36,29,945,0.9702258726899384,10720.0
160,2026-01-27,13,normal,11,44,193,0.8143459915611815,9675.0
160,2026-01-27,14,normal,19,50,538,0.9149659863945578,10955.0
160,2026-01-27,15,normal,15,75,504,0.8704663212435233,10000.0
160,2026-01-27,16,normal,30,445,71,0.1375968992248062,9460.0
160,2026-01-27,18,normal,15,444,68,0.1328125,10705.0
161,2026-02-03,0,off,5,46,543,0.9219015280135824,9765.0
161,2026-02-03,1,off,21,50,1023,0.9534016775396086,10235.0
161,2026-02-03,2,off,16,51,1022,0.9524697110904008,10900.0
161,2026-02-03,3,off,26,36,1734,0.9796610169491524,12145.0
161,2026-02-03,4,off,19,44,1039,0.9593721144967684,11565.0
161,2026-02-03,5,off,16,40,976,0.9606299212598424,11460.0
161,2026-02-03,6,off,30,32,1246,0.974960876369327,11825.0
161,2026-02-03,7,off,32,21,1402,0.9852424455375968,10720.0
161,2026-02-03,8,off,16,633,217,0.2552941176470588,10890.0
161,2026-02-03,9,off,8,48,466,0.906614785992218,10310.0
161,2026-02-03,10,off,10,128,472,0.7866666666666666,7900.0
161,2026-02-03,11,off,1,42,203,0.8285714285714286,9110.0
161,2026-02-03,12,off,14,30,944,0.969199178644764,10595.0
161,2026-02-03,13,off,7,42,195,0.8227848101265823,9670.0
161,2026-02-03,14,off,7,51,537,0.9132653061224488,10910.0
161,2026-02-03,15,off,6,73,506,0.8739205526770294,9900.0
161,2026-02-03,16,off,8,439,77,0.1492248062015503,9490.0
161,2026-02-03,18,off,10,435,77,0.150390625,10750.0
162,2026-02-10,0,off,9,48,541,0.9185059422750425,9830.0
162,2026-02-10,1,off,24,54,1019,0.9496738117427772,10235.0
162,2026-02-10,2,off,20,54,1019,0.9496738117427772,10575.0
162,2026-02-10,3,off,29,49,1721,0.9723163841807908,12010.0
162,2026-02-10,4,off,17,54,1029,0.9501385041551248,11595.0
162,2026-02-10,5,off,25,41,975,0.9596456692913384,11380.0
162,2026-02-10,6,off,29,45,1233,0.9647887323943662,11520.0
162,2026-02-10,7,off,35,23,1400,0.9838369641602248,10720.0
162,2026-02-10,8,off,17,620,230,0.2705882352941176,10920.0
162,2026-02-10,9,off,10,50,464,0.9027237354085604,10280.0
162,2026-02-10,10,off,9,127,473,0.7883333333333333,7860.0
162,2026-02-10,11,off,4,40,205,0.8367346938775511,9090.0
162,2026-02-10,12,off,17,30,944,0.969199178644764,10940.0
162,2026-02-10,13,off,6,43,194,0.8185654008438819,9670.0
162,2026-02-10,14,off,13,52,536,0.91156462585034,10030.0
162,2026-02-10,15,off,4,71,508,0.8773747841105354,10000.0
162,2026-02-10,16,off,9,433,83,0.1608527131782945,9500.0
162,2026-02-10,18,off,7,428,84,0.1640625,10795.0
163,2026-02-17,0,off,8,55,534,0.9066213921901528,9860.0
163,2026-02-17,1,off,20,62,1011,0.9422180801491148,10095.0
163,2026-02-17,2,off,22,62,1011,0.9422180801491148,10485.0
163,2026-02-17,3,off,28,60,1710,0.9661016949152542,11910.0
163,2026-02-17,4,off,14,61,1022,0.943674976915974,11550.0
163,2026-02-17,5,off,19,43,973,0.9576771653543308,11380.0
163,2026-02-17,6,off,20,59,1219,0.9538341158059468,11260.0
163,2026-02-17,7,off,34,27,1396,0.9810260014054814,10770.0
163,2026-02-17,8,off,8,614,236,0.2776470588235294,10920.0
163,2026-02-17,9,off,7,51,463,0.9007782101167316,10250.0
163,2026-02-17,10,off,11,128,472,0.7866666666666666,7750.0
163,2026-02-17,11,off,2,40,205,0.8367346938775511,9100.0
163,2026-02-17,12,off,14,26,948,0.973305954825462,11130.0
163,2026-02-17,13,off,5,44,193,0.8143459915611815,9520.0
163,2026-02-17,14,off,11,52,536,0.91156462585034,10375.0
163,2026-02-17,15,off,6,72,507,0.8756476683937824,10010.0
163,2026-02-17,16,off,10,425,91,0.1763565891472868,9550.0
163,2026-02-17,18,off,5,423,89,0.173828125,10820.0
164,2026-02-24,0,off,7,57,532,0.9032258064516128,10240.0
164,2026-02-24,1,off,15,67,1006,0.9375582479030756,10180.0
164,2026-02-24,2,off,15,67,1006,0.9375582479030756,10630.0
164,2026-02-24,3,off,25,72,1698,0.9593220338983052,11815.0
164,2026-02-24,4,off,22,67,1016,0.938134810710988,11550.0
164,2026-02-24,5,off,22,50,966,0.9507874015748032,10695.0
164,2026-02-24,6,off,27,69,1209,0.9460093896713616,11130.0
164,2026-02-24,7,off,25,29,1394,0.9796205200281096,10720.0
164,2026-02-24,8,off,21,596,254,0.2988235294117647,10425.0
164,2026-02-24,9,off,8,51,463,0.9007782101167316,9980.0
164,2026-02-24,10,off,10,127,473,0.7883333333333333,7690.0
164,2026-02-24,11,off,0,41,204,0.8326530612244898,9090.0
164,2026-02-24,12,off,20,30,944,0.969199178644764,10785.0
164,2026-02-24,13,off,6,43,194,0.8185654008438819,9380.0
164,2026-02-24,14,off,11,55,533,0.9064625850340136,10340.0
164,2026-02-24,15,off,3,71,508,0.8773747841105354,10000.0
164,2026-02-24,16,off,2,424,92,0.1782945736434108,9065.0
164,2026-02-24,18,off,7,417,95,0.185546875,10360.0
165,2026-03-03,0,off,16,55,534,0.9066213921901528,10270.0
165,2026-03-03,1,off,21,75,998,0.9301025163094128,10220.0
165,2026-03-03,2,off,16,66,1007,0.9384902143522832,10655.0
165,2026-03-03,3,off,26,83,1687,0.9531073446327684,11760.0
165,2026-03-03,4,off,25,73,1010,0.9325946445060018,11000.0
165,2026-03-03,5,off,26,50,966,0.9507874015748032,10685.0
165,2026-03-03,6,off,25,76,1202,0.9405320813771518,10920.0
165,2026-03-03,7,off,30,25,1398,0.9824314827828532,11230.0
165,2026-03-03,8,off,18,580,270,0.3176470588235294,10480.0
165,2026-03-03,9,off,5,53,461,0.896887159533074,9980.0
165,2026-03-03,10,off,11,128,472,0.7866666666666666,7660.0
165,2026-03-03,11,off,4,41,204,0.8326530612244898,9010.0
165,2026-03-03,12,off,11,33,941,0.9661190965092402,9970.0
165,2026-03-03,13,off,3,43,194,0.8185654008438819,9380.0
165,2026-03-03,14,off,14,57,531,0.903061224489796,10540.0
165,2026-03-03,15,off,5,69,510,0.8808290155440415,10000.0
165,2026-03-03,16,off,4,421,95,0.1841085271317829,9070.0
165,2026-03-03,18,off,4,415,97,0.189453125,10370.0
166,2026-03-10,0,off,11,63,526,0.8930390492359932,9760.0
166,2026-03-10,1,off,19,76,997,0.9291705498602052,10440.0
166,2026-03-10,2,off,17,86,987,0.9198508853681268,10865.0
166,2026-03-10,3,off,24,106,1664,0.9401129943502824,11635.0
166,2026-03-10,4,off,17,87,996,0.9196675900277008,10990.0
166,2026-03-10,5,off,21,62,954,0.938976377952756,11140.0
166,2026-03-10,6,off,32,87,1191,0.931924882629108,11100.0
166,2026-03-10,7,off,33,37,1386,0.9739985945186226,10990.0
166,2026-03-10,8,off,20,563,287,0.3376470588235294,10530.0
166,2026-03-10,9,off,7,57,457,0.8891050583657587,9940.0
166,2026-03-10,10,off,11,136,464,0.7733333333333333,7645.0
166,2026-03-10,11,off,3,41,204,0.8326530612244898,9010.0
166,2026-03-10,12,off,17,30,944,0.969199178644764,10520.0
166,2026-03-10,13,off,7,46,191,0.8059071729957806,9475.0
166,2026-03-10,14,off,10,59,529,0.8996598639455783,10590.0
166,2026-03-10,15,off,2,74,505,0.8721934369602763,9950.0
166,2026-03-10,16,off,5,417,99,0.191860465116279,9070.0
166,2026-03-10,18,off,7,409,103,0.201171875,10390.0
167,2026-03-17,0,off,9,73,516,0.8760611205432938,9770.0
167,2026-03-17,1,off,19,85,988,0.9207828518173344,10450.0
167,2026-03-17,2,off,13,93,980,0.913327120223672,10890.0
167,2026-03-17,3,off,39,126,1644,0.928813559322034,11585.0
167,2026-03-17,4,off,18,87,996,0.9196675900277008,10980.0
167,2026-03-17,5,off,18,73,943,0.9281496062992126,11350.0
167,2026-03-17,6,off,29,98,1180,0.9233176838810642,11095.0
167,2026-03-17,7,off,30,37,1386,0.9739985945186226,11000.0
167,2026-03-17,8,off,19,548,302,0.3552941176470588,10550.0
167,2026-03-17,9,off,9,65,449,0.8735408560311284,9900.0
167,2026-03-17,10,off,15,135,465,0.775,7620.0
167,2026-03-17,11,off,6,41,204,0.8326530612244898,9010.0
167,2026-03-17,12,off,14,28,946,0.971252566735113,10520.0
167,2026-03-17,13,off,7,47,190,0.8016877637130801,9570.0
167,2026-03-17,14,off,10,67,521,0.8860544217687075,10580.0
167,2026-03-17,15,off,6,75,504,0.8704663212435233,9670.0
167,2026-03-17,16,off,7,411,105,0.2034883720930232,9070.0
167,2026-03-17,18,off,4,406,106,0.20703125,10405.0
168,2026-03-24,0,off,11,82,507,0.8607809847198642,9765.0
168,2026-03-24,1,off,14,90,983,0.9161230195712954,10530.0
168,2026-03-24,2,off,24,93,980,0.913327120223672,10820.0
168,2026-03-24,3,off,34,127,1643,0.9282485875706216,11450.0
168,2026-03-24,4,off,16,89,994,0.917820867959372,10910.0
168,2026-03-24,5,off,19,85,931,0.9163385826771654,11320.0
168,2026-03-24,6,off,25,106,1172,0.917057902973396,11025.0
168,2026-03-24,7,off,24,43,1380,0.9697821503865074,11450.0
168,2026-03-24,8,off,19,531,319,0.3752941176470588,10650.0
168,2026-03-24,9,off,10,63,451,0.877431906614786,9900.0
168,2026-03-24,10,off,11,134,466,0.7766666666666666,7630.0
168,2026-03-24,11,off,2,40,205,0.8367346938775511,8940.0
168,2026-03-24,12,off,17,29,945,0.9702258726899384,10640.0
168,2026-03-24,13,off,4,50,187,0.7890295358649789,9610.0
168,2026-03-24,14,off,10,70,518,0.8809523809523809,10580.0
168,2026-03-24,15,off,7,80,499,0.8618307426597582,9730.0
168,2026-03-24,16,off,7,405,111,0.2151162790697674,9080.0
168,2026-03-24,18,off,3,403,109,0.212890625,10420.0
169,2026-03-31,0,off,9,93,496,0.8421052631578947,9600.0
169,2026-03-31,1,off,13,111,962,0.896551724137931,10400.0
169,2026-03-31,2,off,15,104,969,0.9030754892823858,10860.0
169,2026-03-31,3,off,22,146,1624,0.9175141242937852,11260.0
169,2026-03-31,4,off,15,93,990,0.9141274238227148,10940.0
169,2026-03-31,5,off,19,90,926,0.9114173228346456,11290.0
169,2026-03-31,6,off,28,110,1168,0.9139280125195618,11085.0
169,2026-03-31,7,off,31,43,1380,0.9697821503865074,11000.0
169,2026-03-31,8,off,21,515,335,0.3941176470588235,10680.0
169,2026-03-31,9,off,6,72,442,0.8599221789883269,9940.0
169,2026-03-31,10,off,14,142,458,0.7633333333333333,7645.0
169,2026-03-31,11,off,4,37,208,0.8489795918367347,8790.0
169,2026-03-31,12,off,11,29,945,0.9702258726899384,10730.0
169,2026-03-31,13,off,5,49,188,0.7932489451476793,9650.0
169,2026-03-31,14,off,12,75,513,0.8724489795918368,10580.0
169,2026-03-31,15,off,7,83,496,0.8566493955094991,9630.0
169,2026-03-31,16,off,8,399,117,0.2267441860465116,9070.0
169,2026-03-31,18,off,7,396,116,0.2265625,10485.0
170,2026-04-07,0,off,8,103,486,0.8251273344651953,9400.0
170,2026-04-07,1,off,15,146,927,0.863932898415657,10155.0
170,2026-04-07,2,off,24,133,940,0.8760484622553588,10660.0
170,2026-04-07,3,off,32,200,1570,0.8870056497175142,11150.0
170,2026-04-07,4,off,18,120,963,0.889196675900277,10960.0
170,2026-04-07,5,off,21,117,899,0.8848425196850394,10840.0
170,2026-04-07,6,off,20,148,1130,0.8841940532081377,11025.0
170,2026-04-07,7,off,28,100,1323,0.9297259311314126,11360.0
170,2026-04-07,8,off,23,495,355,0.4176470588235294,10110.0
170,2026-04-07,9,off,4,92,422,0.8210116731517509,9940.0
170,2026-04-07,10,off,17,150,450,0.75,7725.0
170,2026-04-07,11,off,4,41,204,0.8326530612244898,8940.0
170,2026-04-07,12,off,16,53,921,0.9455852156057496,10800.0
170,2026-04-07,13,off,11,47,190,0.8016877637130801,9670.0
170,2026-04-07,14,off,10,84,504,0.8571428571428571,10305.0
170,2026-04-07,15,off,3,92,487,0.8411053540587219,9700.0
170,2026-04-07,16,off,5,397,119,0.2306201550387596,8540.0
170,2026-04-07,18,off,7,389,123,0.240234375,9920.0
171,2026-04-14,0,off,7,112,477,0.8098471986417657,9350.0
171,2026-04-14,1,off,15,170,903,0.8415657036346692,10280.0
171,2026-04-14,2,off,11,156,917,0.8546132339235788,10490.0
171,2026-04-14,3,off,34,222,1548,0.8745762711864407,11120.0
171,2026-04-14,4,off,19,142,941,0.8688827331486612,10795.0
171,2026-04-14,5,off,21,142,874,0.860236220472441,10400.0
171,2026-04-14,6,off,34,167,1111,0.8693270735524257,10890.0
171,2026-04-14,7,off,36,149,1274,0.8952916373858046,11380.0
171,2026-04-14,8,off,17,480,370,0.4352941176470588,10250.0
171,2026-04-14,9,off,5,100,414,0.8054474708171206,9770.0
171,2026-04-14,10,off,13,155,445,0.7416666666666667,7730.0
171,2026-04-14,11,off,7,51,194,0.7918367346938775,9080.0
171,2026-04-14,12,off,16,77,897,0.9209445585215604,11040.0
171,2026-04-14,13,off,6,51,186,0.7848101265822784,9650.0
171,2026-04-14,14,off,8,97,491,0.8350340136054422,10180.0
171,2026-04-14,15,off,4,99,480,0.8290155440414507,9730.0
171,2026-04-14,16,off,12,389,127,0.2461240310077519,8540.0
171,2026-04-14,18,off,12,378,134,0.26171875,9930.0
172,2026-04-21,0,off,9,114,475,0.8064516129032258,9425.0
172,2026-04-21,1,off,12,181,892,0.8313140726933831,10340.0
172,2026-04-21,2,off,13,172,901,0.8397017707362535,10490.0
172,2026-04-21,3,off,30,228,1542,0.8711864406779661,11110.0
172,2026-04-21,4,off,16,157,926,0.8550323176361958,10790.0
172,2026-04-21,5,off,19,153,863,0.8494094488188977,10450.0
172,2026-04-21,6,off,31,186,1092,0.8544600938967136,10785.0
172,2026-04-21,7,off,29,193,1230,0.8643710470836261,11470.0
172,2026-04-21,8,off,19,463,387,0.4552941176470588,10320.0
172,2026-04-21,9,off,9,110,404,0.7859922178988327,9770.0
172,2026-04-21,10,off,14,169,431,0.7183333333333334,7640.0
172,2026-04-21,11,off,6,57,188,0.7673469387755102,9570.0
172,2026-04-21,12,off,11,102,872,0.8952772073921971,11405.0
172,2026-04-21,13,off,6,56,181,0.7637130801687764,9655.0
172,2026-04-21,14,off,11,106,482,0.8197278911564626,10185.0
172,2026-04-21,15,off,8,114,465,0.8031088082901554,9700.0
172,2026-04-21,16,off,9,383,133,0.2577519379844961,8540.0
172,2026-04-21,18,off,10,370,142,0.27734375,9985.0
173,2026-04-28,0,off,6,121,468,0.7945670628183361,9360.0
173,2026-04-28,1,off,18,180,893,0.8322460391425909,10285.0
173,2026-04-28,2,off,15,179,894,0.8331780055917987,10470.0
173,2026-04-28,3,off,33,227,1543,0.8717514124293785,11070.0
173,2026-04-28,4,off,19,159,924,0.853185595567867,10600.0
173,2026-04-28,5,off,20,155,861,0.8474409448818898,10600.0
173,2026-04-28,6,off,28,193,1085,0.848982785602504,10730.0
173,2026-04-28,7,off,30,216,1207,0.848208011243851,11450.0
173,2026-04-28,8,off,21,445,405,0.4764705882352941,10370.0
173,2026-04-28,9,off,7,124,390,0.7587548638132295,9770.0
173,2026-04-28,10,off,14,181,419,0.6983333333333334,7600.0
173,2026-04-28,11,off,2,64,181,0.7387755102040816,9875.0
173,2026-04-28,12,off,9,130,844,0.86652977412731,11575.0
173,2026-04-28,13,off,6,61,176,0.7426160337552743,9670.0
173,2026-04-28,14,off,14,113,475,0.8078231292517006,10190.0
173,2026-04-28,15,off,4,125,454,0.7841105354058722,9480.0
173,2026-04-28,16,off,9,376,140,0.2713178294573643,8545.0
173,2026-04-28,18,off,8,363,149,0.291015625,9950.0
174,2026-05-05,0,peak,83,92,497,0.8438030560271647,9810.0
174,2026-05-05,1,peak,131,124,949,0.8844361602982292,10645.0
174,2026-05-05,2,peak,131,127,946,0.8816402609506058,10450.0
174,2026-05-05,3,peak,254,85,1685,0.9519774011299436,11420.0
174,2026-05-05,4,peak,120,88,995,0.9187442289935364,10820.0
174,2026-05-05,5,peak,155,97,919,0.904527559055118,10990.0
174,2026-05-05,6,peak,198,94,1184,0.9264475743348984,10865.0
174,2026-05-05,7,peak,234,91,1332,0.9360505973295854,11750.0
174,2026-05-05,8,peak,122,342,508,0.5976470588235294,10640.0
174,2026-05-05,9,peak,53,94,420,0.8171206225680934,9675.0
174,2026-05-05,10,peak,90,170,430,0.7166666666666667,7610.0
174,2026-05-05,11,peak,34,54,191,0.7795918367346939,10395.0
174,2026-05-05,12,peak,102,103,871,0.8942505133470225,11900.0
174,2026-05-05,13,peak,39,51,186,0.7848101265822784,10010.0
174,2026-05-05,14,peak,83,83,505,0.858843537414966,10880.0
174,2026-05-05,15,peak,45,107,472,0.8151986183074266,9650.0
174,2026-05-05,16,peak,55,331,185,0.3585271317829457,8590.0
174,2026-05-05,18,peak,66,303,209,0.408203125,10020.0
175,2026-05-12,0,peak,92,63,526,0.8930390492359932,9820.0
175,2026-05-12,1,peak,148,73,1000,0.9319664492078286,10880.0
175,2026-05-12,2,peak,144,72,1001,0.9328984156570364,10800.0
175,2026-05-12,3,peak,198,37,1733,0.97909604519774,11720.0
175,2026-05-12,4,peak,139,53,1030,0.951061865189289,11400.0
175,2026-05-12,5,peak,168,49,967,0.9517716535433072,11120.0
175,2026-05-12,6,peak,198,47,1231,0.9632237871674492,10940.0
175,2026-05-12,7,peak,252,28,1395,0.9803232607167957,12345.0
175,2026-05-12,8,peak,136,242,608,0.7152941176470589,10715.0
175,2026-05-12,9,peak,61,73,441,0.857976653696498,10500.0
175,2026-05-12,10,peak,98,159,441,0.735,7820.0
175,2026-05-12,11,peak,24,49,196,0.8,10300.0
175,2026-05-12,12,peak,132,62,912,0.9363449691991786,11945.0
175,2026-05-12,13,peak,31,53,184,0.7763713080168776,10260.0
175,2026-05-12,14,peak,81,61,527,0.8962585034013606,10980.0
175,2026-05-12,15,peak,29,107,472,0.8151986183074266,9940.0
175,2026-05-12,16,peak,81,273,243,0.4709302325581395,8680.0
175,2026-05-12,18,peak,62,250,262,0.51171875,10240.0
176,2026-05-19,0,peak,97,39,550,0.933786078098472,10200.0
176,2026-05-19,1,peak,132,47,1026,0.956197576887232,11120.0
176,2026-05-19,2,peak,138,47,1026,0.956197576887232,10950.0
176,2026-05-19,3,peak,213,15,1755,0.9915254237288136,11460.0
176,2026-05-19,4,peak,131,38,1045,0.9649122807017544,11300.0
176,2026-05-19,5,peak,155,30,986,0.970472440944882,11295.0
176,2026-05-19,6,peak,209,25,1253,0.9804381846635368,11340.0
176,2026-05-19,7,peak,213,14,1409,0.9901616303583978,12775.0
176,2026-05-19,8,peak,132,161,689,0.8105882352941176,10830.0
176,2026-05-19,9,peak,40,65,449,0.8735408560311284,10360.0
176,2026-05-19,10,peak,94,148,452,0.7533333333333333,7850.0
176,2026-05-19,11,peak,36,37,208,0.8489795918367347,10380.0
176,2026-05-19,12,peak,107,51,923,0.9476386036960984,12170.0
176,2026-05-19,13,peak,32,48,189,0.7974683544303798,10290.0
176,2026-05-19,14,peak,80,46,542,0.9217687074829932,11235.0
176,2026-05-19,15,peak,42,100,479,0.8272884283246977,10245.0
176,2026-05-19,16,peak,53,236,280,0.5426356589147286,8545.0
176,2026-05-19,18,peak,67,194,318,0.62109375,10340.0
177,2026-05-26,0,peak,73,36,553,0.9388794567062818,10095.0
177,2026-05-26,1,peak,151,35,1038,0.967381174277726,11120.0
177,2026-05-26,2,peak,134,33,1040,0.9692451071761417,10790.0
177,2026-05-26,3,peak,226,7,1763,0.996045197740113,14190.0
177,2026-05-26,4,peak,137,25,1058,0.976915974145891,11580.0
177,2026-05-26,5,peak,160,24,992,0.9763779527559056,11515.0
177,2026-05-26,6,peak,198,22,1256,0.9827856025039124,11945.0
177,2026-05-26,7,peak,238,9,1414,0.9936753338018272,14200.0
177,2026-05-26,8,peak,152,92,758,0.8917647058823529,10820.0
177,2026-05-26,9,peak,62,53,461,0.896887159533074,10360.0
177,2026-05-26,10,peak,96,132,468,0.78,7900.0
177,2026-05-26,11,peak,24,33,212,0.8653061224489796,10410.0
177,2026-05-26,12,peak,110,41,933,0.957905544147844,12370.0
177,2026-05-26,13,peak,38,45,192,0.810126582278481,10290.0
177,2026-05-26,14,peak,65,37,551,0.9370748299319728,10980.0
177,2026-05-26,15,peak,60,81,498,0.8601036269430051,10470.0
177,2026-05-26,16,peak,75,190,326,0.6317829457364341,8540.0
177,2026-05-26,18,peak,46,160,352,0.6875,10465.0
178,2026-06-02,0,peak,87,30,559,0.9490662139219016,10620.0
178,2026-06-02,1,peak,152,27,1046,0.9748369058713886,11260.0
178,2026-06-02,2,peak,142,24,1049,0.977632805219012,10845.0
178,2026-06-02,3,peak,216,5,1765,0.9971751412429378,13790.0
178,2026-06-02,4,peak,175,19,1064,0.9824561403508772,11530.0
178,2026-06-02,5,peak,163,19,997,0.9812992125984252,11510.0
178,2026-06-02,6,peak,207,14,1264,0.9890453834115804,12245.0
178,2026-06-02,7,peak,243,4,1419,0.9971890372452564,14660.0
178,2026-06-02,8,peak,171,41,809,0.951764705882353,10710.0
178,2026-06-02,9,peak,56,48,466,0.906614785992218,11095.0
178,2026-06-02,10,peak,109,120,480,0.8,8125.0
178,2026-06-02,11,peak,25,30,215,0.8775510204081632,10465.0
178,2026-06-02,12,peak,101,35,939,0.9640657084188912,12610.0
178,2026-06-02,13,peak,32,46,191,0.8059071729957806,10420.0
178,2026-06-02,14,peak,86,36,552,0.9387755102040816,11015.0
178,2026-06-02,15,peak,55,71,508,0.8773747841105354,10390.0
178,2026-06-02,16,peak,58,161,355,0.687984496124031,8550.0
178,2026-06-02,18,peak,46,125,387,0.755859375,10470.0
179,2026-06-09,0,peak,74,30,559,0.9490662139219016,11060.0
179,2026-06-09,1,peak,135,22,1051,0.9794967381174278,11590.0
179,2026-06-09,2,peak,138,25,1048,0.9767008387698044,11000.0
179,2026-06-09,3,peak,266,7,1763,0.996045197740113,12300.0
179,2026-06-09,4,peak,125,17,1066,0.984302862419206,12850.0
179,2026-06-09,5,peak,164,17,999,0.9832677165354332,12100.0
179,2026-06-09,6,peak,194,8,1270,0.9937402190923318,12245.0
179,2026-06-09,7,peak,229,3,1420,0.9978917779339423,11660.0
179,2026-06-09,8,peak,134,27,823,0.9682352941176472,10810.0
179,2026-06-09,9,peak,49,38,476,0.926070038910506,11155.0
179,2026-06-09,10,peak,101,112,488,0.8133333333333334,8135.0
179,2026-06-09,11,peak,26,26,219,0.8938775510204081,10250.0
179,2026-06-09,12,peak,135,35,939,0.9640657084188912,13430.0
179,2026-06-09,13,peak,35,43,194,0.8185654008438819,10210.0
179,2026-06-09,14,peak,71,29,559,0.9506802721088436,11120.0
179,2026-06-09,15,peak,57,60,519,0.8963730569948186,10490.0
179,2026-06-09,16,peak,47,134,382,0.7403100775193798,8615.0
179,2026-06-09,18,peak,43,96,416,0.8125,10540.0
180,2026-06-16,0,peak,68,36,553,0.9388794567062818,11060.0
180,2026-06-16,1,peak,142,21,1052,0.9804287045666356,12040.0
180,2026-06-16,2,peak,125,19,1054,0.9822926374650512,11000.0
180,2026-06-16,3,peak,216,6,1764,0.9966101694915256,13045.0
180,2026-06-16,4,peak,144,13,1070,0.9879963065558632,13680.0
180,2026-06-16,5,peak,153,13,1003,0.9872047244094488,12060.0
180,2026-06-16,6,peak,187,8,1270,0.9937402190923318,12155.0
180,2026-06-16,7,peak,195,6,1417,0.9957835558678848,15540.0
180,2026-06-16,8,peak,141,16,834,0.9811764705882352,11060.0
180,2026-06-16,9,peak,61,34,480,0.933852140077821,10890.0
180,2026-06-16,10,peak,105,104,496,0.8266666666666667,8190.0
180,2026-06-16,11,peak,24,23,222,0.9061224489795918,10380.0
180,2026-06-16,12,peak,103,32,942,0.9671457905544149,13225.0
180,2026-06-16,13,peak,29,40,197,0.8312236286919831,10340.0
180,2026-06-16,14,peak,85,26,562,0.95578231292517,11160.0
180,2026-06-16,15,peak,46,63,516,0.8911917098445595,10880.0
180,2026-06-16,16,peak,70,114,402,0.7790697674418605,8545.0
180,2026-06-16,18,peak,46,71,441,0.861328125,10590.0
181,2026-06-23,0,peak,70,34,555,0.9422750424448216,11365.0
181,2026-06-23,1,peak,125,17,1056,0.9841565703634668,11490.0
181,2026-06-23,2,peak,141,13,1060,0.9878844361602982,11460.0
181,2026-06-23,3,peak,224,4,1766,0.9977401129943504,12910.0
181,2026-06-23,4,peak,117,10,1073,0.9907663896583564,13980.0
181,2026-06-23,5,peak,146,11,1005,0.9891732283464568,12200.0
181,2026-06-23,6,peak,216,4,1274,0.9968701095461658,12155.0
181,2026-06-23,7,peak,220,5,1418,0.9964862965565706,15200.0
181,2026-06-23,8,peak,126,11,839,0.9870588235294118,12100.0
181,2026-06-23,9,peak,60,29,485,0.943579766536965,11040.0
181,2026-06-23,10,peak,96,104,496,0.8266666666666667,8260.0
181,2026-06-23,11,peak,28,24,221,0.9020408163265308,10925.0
181,2026-06-23,12,peak,117,33,941,0.9661190965092402,13130.0
181,2026-06-23,13,peak,23,36,201,0.8481012658227848,10175.0
181,2026-06-23,14,peak,78,23,565,0.9608843537414966,11190.0
181,2026-06-23,15,peak,37,57,522,0.9015544041450776,11000.0
181,2026-06-23,16,peak,71,87,429,0.8313953488372093,8640.0
181,2026-06-23,18,peak,56,48,464,0.90625,10790.0
